PatientID,VisitDate,Age,Gender,City,Department,Doctor,Diagnosis,Severity,AdmissionType,Insurance,WaitingTime_Min,LengthOfStay_Days,TreatmentCost,MedicineCost,LabCost,RoomCharges,TotalBill,PaymentMode,DischargeStatus,FollowUpRequired,PatientSatisfaction,Readmitted30Days,BloodGroup,BMI
P100001,2025-06-18,71,Male,Salem,Neurology,Dr. G,Fever,Low,Inpatient,No,64,0,8271.06,5813.58,5642.96,0.00,13785.10,Insurance,Recovered,Yes,2,No,O-,23.7
P100002,2025-12-25,7,Male,Salem,Oncology,Dr. D,Migraine,Low,Emergency,Yes,140,2,14670.12,4931.02,5457.71,5942.76,24450.20,Cash,Recovered,Yes,1,No,O-,34.8
P100003,2025-05-16,8,Male,Madurai,Cardiology,Dr. G,Fever,Medium,Inpatient,Yes,69,2,6374.91,975.73,367.10,4969.60,10624.85,Cash,Referred,Yes,5,No,O-,33.8
P100004,2025-09-22,53,Female,Salem,Orthopedics,Dr. E,Asthma,High,Emergency,Yes,60,7,16321.23,8257.83,2581.76,6847.05,27202.05,Cash,Referred,Yes,3,Yes,A-,23.5
P100005,2025-07-13,83,Male,Trichy,Orthopedics,Dr. B,Asthma,High,Outpatient,No,128,6,16087.84,2122.50,4365.34,14860.98,26813.06,Card,Recovered,Yes,1,Yes,A-,37.3
P100006,2025-01-23,88,Female,Chennai,ENT,Dr. D,Fever,Medium,Outpatient,Yes,100,5,15352.93,413.83,6849.89,11852.50,25588.22,Insurance,Recovered,No,2,No,O-,37.2
P100007,2025-02-09,46,Male,Salem,Oncology,Dr. F,Diabetes,Low,Inpatient,Yes,51,0,9960.42,8545.10,7092.98,0.00,16600.70,Insurance,Under Treatment,Yes,3,No,A-,22.8
P100008,2025-10-04,77,Female,Coimbatore,General Medicine,Dr. E,Fever,High,Inpatient,Yes,143,6,18262.51,7158.27,4030.92,14521.26,30437.51,UPI,Recovered,Yes,4,Yes,AB+,22.7
P100009,2025-04-18,79,Male,Vellore,Cardiology,Dr. A,Diabetes,High,Inpatient,Yes,62,6,16587.72,9127.45,5846.66,10687.86,27646.20,Insurance,Referred,No,4,Yes,A+,17.5
P100010,2025-07-26,59,Female,Vellore,Neurology,Dr. C,Migraine,Medium,Emergency,No,9,4,10068.71,5081.22,2350.57,3136.16,16781.19,Insurance,Referred,Yes,3,No,AB+,28.3
P100011,2025-04-27,1,Male,Salem,Neurology,Dr. F,Diabetes,Medium,Inpatient,Yes,139,4,13799.43,6573.40,3255.47,11241.32,22999.05,Insurance,Recovered,No,4,No,B+,33.8
P100012,2025-06-21,55,Female,Trichy,Orthopedics,Dr. E,Fracture,High,Inpatient,Yes,43,11,15634.10,11341.42,5366.13,7927.48,26056.83,Cash,Recovered,Yes,2,No,A+,19.5
P100013,2025-04-17,14,Male,Vellore,Orthopedics,Dr. H,Diabetes,High,Inpatient,Yes,112,6,20046.20,9090.78,386.28,17527.80,33410.33,UPI,Recovered,No,2,Yes,A-,33.5
P100014,2025-08-21,73,Male,Chennai,General Medicine,Dr. D,Migraine,Medium,Inpatient,No,106,5,16104.01,2207.53,4799.40,13910.00,26840.01,UPI,Recovered,No,2,No,B+,35.5
P100015,2025-04-12,61,Male,Madurai,Pediatrics,Dr. E,Asthma,High,Outpatient,No,117,12,22456.18,10035.09,6263.74,14575.68,37426.96,UPI,Recovered,No,1,No,A-,24.8
P100016,2025-09-06,11,Female,Trichy,General Medicine,Dr. F,Migraine,Medium,Outpatient,Yes,38,5,19647.44,10103.71,6988.99,11616.00,32745.74,Cash,Referred,Yes,1,No,A-,17.9
P100017,2025-02-08,42,Female,Coimbatore,Oncology,Dr. D,Fever,Low,Emergency,Yes,110,2,10308.23,9123.32,2160.94,2041.20,17180.38,Cash,Under Treatment,Yes,2,Yes,O-,22.4
P100018,2025-06-21,21,Female,Chennai,ENT,Dr. H,Cancer,Medium,Outpatient,Yes,142,5,8213.54,2917.27,6108.53,3104.65,13689.24,Cash,Recovered,Yes,5,Yes,O+,25.2
P100019,2025-04-01,21,Female,Madurai,ENT,Dr. G,Asthma,Medium,Outpatient,No,94,2,6136.12,4211.14,377.51,1888.26,10226.87,Insurance,Under Treatment,No,4,No,O-,37.8
P100020,2025-05-14,26,Female,Chennai,Oncology,Dr. B,Asthma,Medium,Emergency,Yes,170,2,13201.07,9883.28,4072.80,1227.98,22001.78,UPI,Referred,Yes,4,No,O+,33.8
P100021,2025-09-10,13,Female,Madurai,Orthopedics,Dr. A,Fever,Low,Emergency,No,7,2,11810.62,9143.49,5301.55,1130.64,19684.36,Cash,Referred,Yes,2,No,AB+,37.6
P100022,2025-11-28,60,Male,Trichy,Neurology,Dr. G,Hypertension,Low,Inpatient,No,45,0,15839.06,10094.51,7197.02,0.00,26398.44,Cash,Referred,No,3,Yes,AB+,35.6
P100023,2025-02-09,32,Male,Trichy,Pediatrics,Dr. A,Fracture,Medium,Inpatient,No,116,5,19219.54,8134.90,4451.46,11050.30,32032.56,Insurance,Referred,Yes,3,Yes,O+,27.1
P100024,2025-10-07,41,Female,Trichy,Pediatrics,Dr. C,Fracture,High,Outpatient,Yes,143,9,16296.18,6366.91,6299.53,6806.16,27160.30,Cash,Recovered,No,3,Yes,O+,25.4
P100025,2025-12-09,14,Female,Madurai,Orthopedics,Dr. E,Cancer,High,Outpatient,No,139,7,18234.97,9295.66,7728.85,10995.46,30391.62,UPI,Under Treatment,No,3,No,A-,34.9
P100026,2025-03-27,69,Female,Coimbatore,ENT,Dr. H,Asthma,Medium,Emergency,Yes,101,4,19387.58,7174.74,7890.89,7798.60,32312.64,Cash,Under Treatment,No,1,Yes,A+,17.1
P100027,2025-03-18,30,Male,Madurai,Oncology,Dr. C,Cancer,Medium,Outpatient,Yes,97,2,10275.64,4063.74,4555.32,4959.96,17126.07,UPI,Under Treatment,No,3,No,A+,24.4
P100028,2025-11-03,73,Female,Coimbatore,General Medicine,Dr. C,Cancer,High,Inpatient,Yes,65,5,11795.06,1125.00,2051.61,8632.65,19658.44,Card,Referred,No,5,Yes,O+,17.4
P100029,2025-09-16,42,Male,Vellore,ENT,Dr. E,Hypertension,Medium,Inpatient,Yes,31,4,16673.31,4976.26,2632.86,11807.12,27788.85,Cash,Under Treatment,Yes,5,Yes,A-,34.0
P100030,2025-08-24,55,Male,Vellore,Pediatrics,Dr. E,Fracture,Medium,Outpatient,No,128,3,11650.09,9315.90,3052.68,2267.43,19416.82,Card,Under Treatment,No,2,No,A-,26.6
P100031,2025-10-07,61,Male,Salem,Pediatrics,Dr. D,Hypertension,Low,Inpatient,No,72,2,13010.27,9271.16,3163.15,1763.88,21683.79,Cash,Under Treatment,No,2,Yes,AB+,22.1
P100032,2025-07-17,26,Female,Madurai,Orthopedics,Dr. C,Fever,Low,Emergency,Yes,130,0,9136.48,5319.61,5920.90,0.00,15227.46,Insurance,Under Treatment,Yes,1,Yes,B+,23.0
P100033,2025-12-21,67,Female,Chennai,Orthopedics,Dr. C,Fever,High,Outpatient,No,74,8,17986.18,5231.57,4223.30,19000.80,29976.97,Insurance,Under Treatment,No,5,No,O-,36.1
P100034,2025-07-16,36,Male,Coimbatore,Oncology,Dr. A,Hypertension,Low,Outpatient,Yes,10,2,8310.44,5532.37,2864.94,3935.66,13850.73,Cash,Under Treatment,Yes,1,No,O-,32.9
P100035,2025-04-08,65,Female,Chennai,Cardiology,Dr. B,Diabetes,Medium,Outpatient,No,127,3,9078.53,1704.69,7517.12,5163.00,15130.88,Card,Recovered,No,2,No,B+,34.4
P100036,2025-04-08,34,Female,Madurai,Cardiology,Dr. H,Asthma,High,Inpatient,Yes,168,7,15213.08,5795.43,5600.85,13357.26,25355.14,Insurance,Recovered,No,1,Yes,O-,37.2
P100037,2025-11-01,39,Male,Coimbatore,Cardiology,Dr. B,Cancer,Medium,Outpatient,No,140,2,8208.16,6994.27,2691.18,3063.24,13680.26,UPI,Recovered,No,2,No,B+,20.8
P100038,2025-09-03,17,Male,Trichy,ENT,Dr. C,Migraine,Low,Inpatient,No,42,2,14830.57,6467.05,4867.52,3488.32,24717.61,Cash,Under Treatment,No,4,Yes,O+,31.6
P100039,2025-02-08,13,Female,Trichy,Neurology,Dr. E,Migraine,High,Emergency,No,131,6,21707.11,9684.22,3321.61,17921.40,36178.52,UPI,Recovered,No,2,No,O+,36.6
P100040,2025-04-02,75,Female,Coimbatore,Neurology,Dr. G,Migraine,Medium,Emergency,No,32,4,16334.35,8876.15,1746.50,10071.48,27223.91,Cash,Under Treatment,Yes,2,Yes,O-,32.3
P100041,2025-11-21,40,Female,Madurai,General Medicine,Dr. A,Asthma,Medium,Inpatient,No,9,2,12077.16,11101.84,4264.96,4123.14,20128.60,Cash,Recovered,Yes,4,Yes,A-,37.7
P100042,2025-03-18,78,Female,Salem,General Medicine,Dr. G,Cancer,High,Outpatient,No,91,11,29309.50,7599.40,3880.95,31908.47,48849.16,Insurance,Under Treatment,Yes,4,Yes,B+,33.6
P100043,2025-05-02,75,Female,Coimbatore,Oncology,Dr. G,Hypertension,Medium,Emergency,No,153,3,10841.11,1227.15,759.24,8222.13,18068.52,UPI,Under Treatment,No,1,No,O+,28.8
P100044,2025-03-14,9,Male,Trichy,Cardiology,Dr. H,Migraine,High,Emergency,No,115,9,14292.07,6074.54,3744.02,7162.20,23820.12,Card,Under Treatment,No,1,No,AB+,23.9
P100045,2025-10-26,61,Male,Vellore,Orthopedics,Dr. A,Migraine,Medium,Emergency,Yes,38,2,12292.08,4958.89,6356.46,3766.88,20486.80,Cash,Recovered,Yes,3,No,A+,16.5
P100046,2025-01-06,89,Female,Vellore,General Medicine,Dr. C,Hypertension,High,Emergency,Yes,174,7,17774.03,11492.77,6106.11,7320.81,29623.38,Insurance,Under Treatment,No,4,Yes,B+,16.9
P100047,2025-05-28,35,Male,Coimbatore,Pediatrics,Dr. F,Cancer,Low,Inpatient,Yes,158,2,9588.69,2169.10,6259.87,3695.84,15981.15,UPI,Recovered,Yes,1,Yes,AB+,31.9
P100048,2025-05-04,38,Male,Coimbatore,Pediatrics,Dr. C,Fracture,High,Outpatient,Yes,175,10,23161.96,10344.05,764.71,21932.00,38603.27,Card,Referred,Yes,5,No,O-,30.4
P100049,2025-10-19,59,Female,Coimbatore,ENT,Dr. C,Diabetes,Medium,Outpatient,Yes,17,5,10617.23,3296.87,1716.14,2834.15,17695.38,Cash,Under Treatment,Yes,5,Yes,O+,26.3
P100050,2025-09-09,50,Male,Salem,General Medicine,Dr. D,Fever,Low,Outpatient,Yes,34,2,8639.54,5704.77,1551.63,5919.92,14399.23,UPI,Under Treatment,No,5,No,AB+,20.2
P100051,2025-03-29,82,Female,Madurai,Pediatrics,Dr. F,Asthma,Medium,Emergency,Yes,156,3,8493.43,3324.63,3342.23,4552.35,14155.72,Insurance,Recovered,Yes,3,Yes,O-,20.7
P100052,2025-01-03,27,Female,Salem,Oncology,Dr. D,Fever,Medium,Emergency,Yes,6,3,18743.06,9689.73,5418.29,6408.75,31238.43,UPI,Recovered,No,2,No,O+,17.7
P100053,2025-03-23,1,Male,Trichy,ENT,Dr. E,Hypertension,High,Outpatient,No,55,10,19513.63,799.04,1375.18,25174.50,32522.71,Cash,Referred,Yes,5,Yes,O-,26.5
P100054,2025-12-23,39,Female,Salem,Orthopedics,Dr. G,Asthma,Low,Outpatient,No,147,2,12701.39,3332.19,6762.66,1231.14,21168.99,UPI,Under Treatment,No,1,No,O+,37.2
P100055,2025-05-31,75,Male,Vellore,Oncology,Dr. B,Hypertension,Low,Inpatient,No,169,0,5709.97,3786.50,229.62,0.00,9516.62,Cash,Recovered,Yes,3,Yes,B+,32.2
P100056,2025-05-31,29,Male,Madurai,Cardiology,Dr. G,Migraine,Medium,Outpatient,Yes,71,3,13691.17,8124.74,3216.98,1949.28,22818.62,UPI,Referred,No,2,Yes,O+,17.3
P100057,2025-03-22,37,Female,Madurai,Oncology,Dr. B,Asthma,Low,Emergency,Yes,102,0,10759.66,2678.66,7267.86,0.00,17932.77,Card,Recovered,Yes,1,Yes,O+,22.8
P100058,2025-10-26,79,Female,Chennai,Neurology,Dr. F,Asthma,High,Emergency,No,7,8,17277.47,404.81,4730.83,15395.44,28795.79,UPI,Under Treatment,No,5,Yes,A-,17.2
P100059,2025-08-21,71,Female,Vellore,Oncology,Dr. E,Hypertension,High,Outpatient,No,15,10,16858.13,9623.80,7137.29,8804.60,28096.89,Cash,Recovered,No,5,No,O-,30.2
P100060,2025-11-26,22,Male,Coimbatore,Neurology,Dr. B,Migraine,High,Outpatient,Yes,154,11,34327.55,10560.98,6527.22,30613.11,57212.59,Insurance,Recovered,Yes,4,No,B+,34.3
P100061,2025-03-09,38,Male,Chennai,Pediatrics,Dr. A,Diabetes,Low,Emergency,Yes,8,2,12323.63,1689.81,7765.44,2643.38,20539.38,Insurance,Recovered,Yes,3,No,B+,34.1
P100062,2025-04-19,81,Female,Coimbatore,Cardiology,Dr. E,Cancer,High,Inpatient,Yes,115,12,17864.61,5673.81,2038.01,19152.00,29774.35,UPI,Under Treatment,No,2,Yes,A+,31.6
P100063,2025-01-23,20,Female,Salem,Cardiology,Dr. A,Diabetes,Low,Outpatient,Yes,175,1,10066.76,8652.50,772.80,1883.30,16777.93,Insurance,Referred,Yes,2,No,A-,34.1
P100064,2025-07-06,81,Male,Vellore,Pediatrics,Dr. E,Asthma,High,Outpatient,Yes,96,6,8693.48,716.93,663.88,3492.90,14489.14,Insurance,Referred,No,3,Yes,AB+,33.5
P100065,2025-07-22,89,Male,Salem,General Medicine,Dr. A,Fracture,Medium,Inpatient,No,68,2,6703.47,978.04,6227.76,2662.46,11172.45,Card,Referred,No,3,Yes,O-,35.2
P100066,2025-12-18,33,Male,Madurai,ENT,Dr. G,Fever,Medium,Emergency,Yes,58,5,11159.33,4447.58,7178.47,5492.85,18598.89,Card,Referred,Yes,2,No,B+,37.0
P100067,2025-03-16,86,Female,Chennai,General Medicine,Dr. F,Diabetes,High,Outpatient,No,124,8,20329.37,5207.50,3884.99,20542.48,33882.28,UPI,Under Treatment,Yes,4,Yes,O+,25.1
P100068,2025-05-15,25,Male,Vellore,Orthopedics,Dr. D,Migraine,High,Emergency,No,99,9,26479.58,10729.24,6140.64,17781.84,44132.63,Insurance,Recovered,No,3,Yes,O-,20.0
P100069,2025-06-01,45,Male,Vellore,Orthopedics,Dr. F,Diabetes,Medium,Inpatient,Yes,124,3,14066.71,6832.59,6714.90,8900.16,23444.51,Cash,Recovered,Yes,4,No,A-,27.1
P100070,2025-07-07,23,Male,Salem,Neurology,Dr. H,Asthma,High,Emergency,No,60,9,17827.08,9352.78,1746.62,14244.21,29711.80,Insurance,Referred,No,2,Yes,AB+,37.6
P100071,2025-04-29,32,Male,Vellore,Orthopedics,Dr. F,Cancer,Medium,Inpatient,No,65,3,10925.51,7490.25,1444.17,2917.77,18209.18,UPI,Under Treatment,Yes,1,Yes,AB+,30.1
P100072,2025-11-19,6,Female,Coimbatore,General Medicine,Dr. D,Cancer,High,Inpatient,Yes,52,12,19167.68,4395.43,1673.87,23875.44,31946.13,Insurance,Under Treatment,Yes,5,Yes,B+,34.7
P100073,2025-05-15,89,Female,Vellore,Oncology,Dr. D,Asthma,Low,Outpatient,Yes,66,1,7156.16,3430.82,5243.32,1409.17,11926.94,Insurance,Referred,No,1,No,B+,25.6
P100074,2025-07-05,85,Male,Coimbatore,Cardiology,Dr. B,Fracture,High,Inpatient,No,145,10,17027.06,9168.06,4161.40,12293.70,28378.44,Insurance,Under Treatment,Yes,2,No,B+,28.2
P100075,2025-11-19,62,Female,Salem,Cardiology,Dr. B,Asthma,High,Outpatient,No,139,11,19571.43,3350.53,3833.22,16589.98,32619.05,Insurance,Under Treatment,No,3,Yes,B+,33.5
P100076,2025-08-28,90,Male,Vellore,Oncology,Dr. D,Fever,Medium,Inpatient,Yes,57,3,11624.20,2919.58,7033.56,2905.08,19373.66,Card,Recovered,No,1,No,B+,31.8
P100077,2025-02-24,75,Female,Madurai,ENT,Dr. C,Fracture,High,Emergency,Yes,165,5,10510.33,2090.02,6666.55,5400.30,17517.21,Cash,Under Treatment,No,5,No,A+,26.4
P100078,2025-07-02,20,Female,Salem,Oncology,Dr. F,Hypertension,Low,Emergency,No,25,2,9596.03,1690.51,1134.05,4799.02,15993.38,Card,Referred,Yes,2,No,A-,33.6
P100079,2025-07-08,37,Female,Chennai,General Medicine,Dr. H,Hypertension,Low,Emergency,Yes,51,0,10745.37,3515.33,6824.52,0.00,17908.95,UPI,Recovered,No,3,Yes,A-,21.8
P100080,2025-08-17,87,Male,Salem,ENT,Dr. C,Fever,Medium,Inpatient,No,98,5,10444.67,718.02,4213.00,8603.75,17407.79,Cash,Referred,No,4,Yes,A-,20.1
P100081,2025-02-13,90,Male,Salem,Orthopedics,Dr. H,Asthma,Medium,Inpatient,Yes,26,3,14147.62,7111.72,5020.48,7961.40,23579.36,Cash,Under Treatment,No,5,Yes,A-,20.7
P100082,2025-10-06,60,Female,Chennai,Pediatrics,Dr. E,Asthma,Low,Emergency,Yes,133,2,4666.13,907.73,3890.88,2126.16,7776.88,Cash,Recovered,No,5,No,A-,32.7
P100083,2025-02-05,74,Female,Salem,Neurology,Dr. A,Asthma,Medium,Inpatient,Yes,121,4,13566.55,7489.87,2528.18,7522.52,22610.92,UPI,Recovered,No,3,Yes,AB+,30.1
P100084,2025-06-22,47,Male,Madurai,Orthopedics,Dr. F,Migraine,High,Outpatient,No,175,9,22849.52,11862.11,4919.26,11704.50,38082.53,Insurance,Recovered,Yes,4,No,O-,25.8
P100085,2025-05-29,39,Female,Madurai,Neurology,Dr. A,Migraine,High,Emergency,No,41,9,9561.46,4825.63,1978.17,7592.49,15935.77,UPI,Recovered,No,2,Yes,A+,22.4
P100086,2025-12-02,81,Female,Vellore,Oncology,Dr. C,Fever,Medium,Outpatient,Yes,74,5,18048.61,9383.28,5623.23,12272.95,30081.01,Card,Under Treatment,Yes,2,Yes,B+,19.1
P100087,2025-11-10,79,Male,Madurai,Neurology,Dr. D,Migraine,Low,Outpatient,Yes,118,2,11861.03,1644.37,7391.68,5635.96,19768.38,Insurance,Recovered,Yes,2,Yes,A-,26.2
P100088,2025-10-13,35,Male,Madurai,General Medicine,Dr. H,Fracture,Medium,Inpatient,Yes,170,3,9962.95,9081.90,827.60,2244.81,16604.92,Cash,Referred,Yes,3,Yes,O+,31.3
P100089,2025-10-27,66,Male,Coimbatore,General Medicine,Dr. F,Migraine,Medium,Inpatient,No,12,2,16025.39,8985.75,4540.57,5144.96,26708.99,Cash,Recovered,Yes,1,No,O+,29.3
P100090,2025-02-05,5,Male,Vellore,General Medicine,Dr. F,Asthma,Medium,Emergency,Yes,16,3,11866.00,7277.03,5144.78,6102.60,19776.66,Cash,Under Treatment,Yes,4,Yes,AB+,31.8
P100091,2025-11-24,3,Female,Chennai,Cardiology,Dr. B,Diabetes,Low,Inpatient,No,152,1,10555.79,6819.97,1240.65,2747.58,17592.99,Cash,Under Treatment,No,5,Yes,A+,27.8
P100092,2025-09-03,21,Male,Trichy,ENT,Dr. D,Fever,Low,Outpatient,No,108,2,13377.58,6272.75,7757.54,4974.42,22295.96,Cash,Referred,Yes,3,Yes,A+,34.4
P100093,2025-06-16,21,Male,Chennai,Oncology,Dr. G,Cancer,High,Emergency,No,171,12,28559.06,7722.29,6134.72,24996.84,47598.44,Insurance,Referred,No,2,Yes,AB+,26.0
P100094,2025-01-05,44,Female,Madurai,General Medicine,Dr. E,Fever,High,Emergency,No,126,9,17187.37,4222.86,2055.29,14895.63,28645.61,Insurance,Recovered,No,4,No,A+,27.5
P100095,2025-02-23,43,Female,Chennai,Oncology,Dr. D,Hypertension,High,Outpatient,No,83,10,25077.11,3850.71,6600.17,22523.40,41795.19,Insurance,Referred,Yes,2,No,A-,26.0
P100096,2025-04-11,62,Male,Coimbatore,Pediatrics,Dr. A,Diabetes,Low,Outpatient,No,129,1,6572.83,2163.43,3317.43,689.19,10954.72,Card,Referred,No,2,Yes,A-,35.0
P100097,2025-04-30,7,Female,Coimbatore,Neurology,Dr. D,Cancer,High,Outpatient,Yes,37,12,25845.91,8923.03,4021.97,21211.56,43076.51,UPI,Recovered,No,3,Yes,O+,32.6
P100098,2025-09-22,32,Male,Madurai,Pediatrics,Dr. B,Diabetes,Medium,Inpatient,Yes,41,3,14910.01,10194.13,2020.95,5977.50,24850.01,Cash,Under Treatment,Yes,1,No,A+,21.0
P100099,2025-06-29,6,Female,Chennai,Cardiology,Dr. D,Migraine,Low,Emergency,No,115,2,14223.91,8594.27,6108.05,1361.58,23706.51,Card,Referred,Yes,3,No,A+,22.0
P100100,2025-07-04,35,Female,Vellore,Pediatrics,Dr. H,Asthma,Medium,Emergency,Yes,61,3,10609.21,6947.66,2687.74,2431.77,17682.02,Card,Under Treatment,No,5,No,A+,36.5
P100101,2025-09-29,8,Female,Madurai,Oncology,Dr. D,Fracture,High,Outpatient,No,92,5,13938.42,7258.88,1392.17,10558.35,23230.70,Card,Under Treatment,Yes,4,No,AB+,27.3
P100102,2025-01-31,65,Female,Vellore,Neurology,Dr. D,Asthma,Low,Emergency,No,109,2,9126.24,3775.98,5395.84,2843.04,15210.40,UPI,Under Treatment,No,3,Yes,A-,35.7
P100103,2025-06-13,2,Male,Madurai,Neurology,Dr. C,Migraine,Medium,Inpatient,No,156,5,15066.77,10649.53,4006.29,8359.15,25111.29,Card,Referred,No,3,No,B+,29.8
P100104,2025-03-11,9,Female,Coimbatore,General Medicine,Dr. C,Fracture,High,Outpatient,Yes,8,7,26534.25,11570.27,3944.40,19012.35,44223.75,Insurance,Under Treatment,No,1,No,O+,27.6
P100105,2025-09-01,17,Male,Vellore,Pediatrics,Dr. D,Cancer,Low,Outpatient,No,89,2,16045.41,10316.02,5406.35,4686.78,26742.35,UPI,Under Treatment,No,5,Yes,O+,25.8
P100106,2025-08-15,11,Female,Coimbatore,General Medicine,Dr. A,Cancer,High,Outpatient,No,18,9,17778.20,3455.26,7125.69,14886.00,29630.34,UPI,Recovered,No,3,Yes,B+,32.5
P100107,2025-08-04,7,Female,Coimbatore,Oncology,Dr. D,Migraine,High,Emergency,No,56,11,24466.51,8790.29,6385.94,21399.07,40777.51,Cash,Under Treatment,Yes,4,No,B+,25.4
P100108,2025-01-25,47,Male,Madurai,General Medicine,Dr. F,Cancer,Low,Outpatient,No,52,1,8211.74,680.77,4944.20,1897.94,13686.23,Insurance,Referred,No,4,Yes,A-,16.4
P100109,2025-09-30,73,Female,Coimbatore,Cardiology,Dr. E,Cancer,High,Outpatient,Yes,166,10,20514.05,4586.59,7767.97,16032.50,34190.09,UPI,Under Treatment,Yes,1,Yes,AB+,19.5
P100110,2025-06-15,15,Female,Coimbatore,Oncology,Dr. F,Cancer,Medium,Emergency,No,56,3,11486.28,3662.68,2973.62,4726.74,19143.80,Card,Recovered,No,2,Yes,O-,24.8
P100111,2025-02-10,45,Female,Trichy,Cardiology,Dr. B,Fracture,Low,Inpatient,No,89,2,11551.67,3368.95,7941.94,2998.70,19252.78,Card,Referred,Yes,3,Yes,O-,16.2
P100112,2025-04-09,70,Male,Madurai,Neurology,Dr. B,Fracture,Medium,Emergency,Yes,179,4,13473.47,6650.64,5688.34,3527.84,22455.78,UPI,Referred,No,5,No,O-,23.4
P100113,2025-10-21,15,Female,Madurai,Pediatrics,Dr. D,Hypertension,High,Outpatient,No,159,8,19875.11,955.92,7449.12,16165.92,33125.19,Card,Under Treatment,Yes,4,No,A+,20.4
P100114,2025-10-19,71,Female,Coimbatore,General Medicine,Dr. H,Hypertension,Medium,Emergency,Yes,127,2,8820.76,7262.20,5152.53,1466.40,14701.27,Insurance,Referred,Yes,2,No,O-,23.4
P100115,2025-09-30,38,Male,Trichy,ENT,Dr. B,Diabetes,Medium,Inpatient,No,72,5,14826.86,3361.89,2821.74,12765.10,24711.43,UPI,Under Treatment,Yes,4,No,B+,30.3
P100116,2025-12-31,69,Male,Vellore,General Medicine,Dr. B,Hypertension,Low,Outpatient,No,51,2,13489.36,9555.43,2638.99,5037.32,22482.26,Cash,Recovered,No,2,No,O-,23.9
P100117,2025-09-28,49,Female,Trichy,Oncology,Dr. E,Asthma,High,Emergency,Yes,113,11,27193.12,9051.37,1248.13,28362.95,45321.87,Insurance,Referred,Yes,5,No,O-,36.3
P100118,2025-03-12,72,Male,Madurai,Cardiology,Dr. E,Diabetes,High,Inpatient,Yes,129,6,17791.12,6484.59,4145.45,12110.34,29651.86,Card,Referred,No,4,No,AB+,27.9
P100119,2025-09-16,83,Female,Vellore,Oncology,Dr. E,Hypertension,Low,Emergency,No,16,2,10731.68,5992.99,5229.62,3570.12,17886.14,Card,Under Treatment,No,1,No,A+,16.6
P100120,2025-05-06,15,Male,Madurai,Pediatrics,Dr. A,Diabetes,Low,Outpatient,No,9,0,12319.20,11895.18,1022.21,0.00,20532.00,Card,Referred,Yes,3,Yes,A+,33.4
P100121,2025-07-15,86,Female,Coimbatore,Neurology,Dr. A,Fracture,Low,Outpatient,No,106,1,13151.57,11122.88,1655.65,1861.11,21919.28,Cash,Recovered,Yes,5,No,AB+,26.4
P100122,2025-03-15,2,Male,Coimbatore,Neurology,Dr. B,Migraine,Medium,Emergency,No,43,2,6360.11,1570.74,620.58,1150.82,10600.19,Insurance,Recovered,Yes,2,Yes,O+,31.6
P100123,2025-07-05,12,Male,Trichy,Cardiology,Dr. G,Migraine,High,Emergency,No,117,5,15335.12,9876.11,5224.82,6596.55,25558.54,Card,Referred,Yes,1,No,A+,25.5
P100124,2025-12-12,39,Male,Coimbatore,General Medicine,Dr. H,Fever,High,Emergency,No,18,9,20398.51,8299.60,1613.61,19434.96,33997.52,UPI,Under Treatment,Yes,2,No,O+,18.6
P100125,2025-06-30,33,Female,Salem,Orthopedics,Dr. C,Fracture,High,Emergency,Yes,101,10,25774.19,8080.88,1694.56,27247.80,42956.99,Insurance,Recovered,No,4,No,A+,26.2
P100126,2025-08-19,55,Male,Chennai,Pediatrics,Dr. H,Diabetes,Medium,Emergency,Yes,144,3,9851.05,11437.70,1706.97,1869.72,16418.42,Insurance,Recovered,No,2,Yes,O-,16.9
P100127,2025-12-18,42,Male,Madurai,Neurology,Dr. G,Asthma,Low,Outpatient,No,74,2,12477.50,10989.28,305.29,2479.18,20795.83,Cash,Recovered,No,3,Yes,A-,17.7
P100128,2025-10-24,44,Male,Chennai,Cardiology,Dr. F,Asthma,High,Outpatient,No,177,12,24329.84,6484.72,1379.30,26044.08,40549.73,Cash,Referred,Yes,5,No,AB+,36.9
P100129,2025-04-22,81,Female,Vellore,ENT,Dr. B,Migraine,Medium,Emergency,Yes,126,5,8219.33,6398.75,991.46,2781.35,13698.89,Cash,Referred,Yes,2,Yes,A-,32.2
P100130,2025-12-09,45,Male,Coimbatore,Neurology,Dr. E,Diabetes,High,Inpatient,No,71,5,15427.67,9110.92,6008.16,8804.30,25712.78,Card,Under Treatment,No,1,Yes,AB+,28.7
P100131,2025-02-21,47,Female,Salem,Orthopedics,Dr. A,Asthma,Medium,Outpatient,No,63,5,16302.02,6377.23,1558.51,9693.60,27170.03,Cash,Recovered,No,1,Yes,A-,19.1
P100132,2025-09-22,88,Male,Chennai,Neurology,Dr. F,Fracture,Low,Inpatient,No,32,0,7814.43,2826.15,5644.72,0.00,13024.05,Card,Under Treatment,No,3,Yes,AB+,17.3
P100133,2025-03-15,14,Male,Vellore,Cardiology,Dr. B,Asthma,Low,Inpatient,No,33,0,6133.90,453.01,6887.06,0.00,10223.16,Card,Under Treatment,Yes,2,Yes,B+,18.3
P100134,2025-06-04,31,Male,Trichy,ENT,Dr. E,Hypertension,High,Outpatient,No,34,5,16706.44,7869.71,7095.41,9660.05,27844.06,UPI,Recovered,No,2,Yes,A+,35.1
P100135,2025-02-23,64,Female,Chennai,General Medicine,Dr. G,Migraine,High,Outpatient,No,164,7,18433.93,5121.32,3625.15,20938.68,30723.22,Insurance,Under Treatment,Yes,1,Yes,AB+,31.5
P100136,2025-12-28,50,Male,Salem,Neurology,Dr. G,Asthma,High,Emergency,No,125,11,12844.57,2933.72,414.25,13133.78,21407.61,UPI,Under Treatment,Yes,5,No,A-,24.1
P100137,2025-11-02,62,Female,Vellore,Oncology,Dr. D,Diabetes,Low,Inpatient,Yes,56,1,9740.20,4854.15,1000.10,2986.60,16233.67,UPI,Referred,Yes,4,No,A+,32.5
P100138,2025-09-05,41,Female,Madurai,Oncology,Dr. G,Fever,Medium,Inpatient,No,54,4,6711.75,554.60,2306.60,4620.48,11186.25,Card,Referred,Yes,2,Yes,B+,22.1
P100139,2025-05-24,48,Male,Vellore,Pediatrics,Dr. D,Fever,Low,Outpatient,Yes,60,0,11290.19,2663.38,7050.45,0.00,18816.99,Insurance,Referred,No,2,No,AB+,33.7
P100140,2025-11-10,4,Male,Madurai,Neurology,Dr. F,Fracture,Low,Emergency,No,164,2,12534.79,8959.31,6831.80,2063.80,20891.32,UPI,Referred,Yes,4,Yes,A-,26.1
P100141,2025-09-25,71,Male,Trichy,Pediatrics,Dr. F,Fracture,High,Inpatient,No,76,10,21018.23,9783.43,4736.57,17142.90,35030.39,UPI,Referred,Yes,2,No,O+,32.9
P100142,2025-04-03,90,Male,Madurai,ENT,Dr. E,Cancer,Medium,Outpatient,No,172,4,11759.00,6107.92,5237.29,2973.84,19598.33,Cash,Referred,Yes,4,No,AB+,28.7
P100143,2025-09-23,63,Male,Salem,ENT,Dr. F,Fever,Medium,Emergency,Yes,171,5,14150.06,10007.66,3605.23,5147.35,23583.43,Card,Referred,No,4,Yes,B+,24.8
P100144,2025-03-01,8,Male,Salem,Cardiology,Dr. E,Cancer,High,Inpatient,No,84,9,21868.94,2180.93,5335.85,21215.25,36448.23,Cash,Recovered,No,3,No,O+,27.0
P100145,2025-04-05,36,Female,Chennai,Neurology,Dr. E,Asthma,Low,Outpatient,Yes,175,2,11304.72,4202.96,5873.56,1168.40,18841.20,Card,Under Treatment,Yes,1,Yes,O-,24.0
P100146,2025-12-30,61,Male,Vellore,Orthopedics,Dr. H,Hypertension,High,Outpatient,Yes,113,8,15402.49,4863.19,3585.28,12292.56,25670.81,Card,Under Treatment,No,4,Yes,AB+,35.6
P100147,2025-10-18,2,Male,Chennai,Orthopedics,Dr. F,Cancer,Medium,Inpatient,No,178,3,17516.15,11111.61,4590.18,7996.80,29193.58,Insurance,Under Treatment,No,4,No,A+,17.7
P100148,2025-07-13,77,Male,Trichy,Cardiology,Dr. E,Asthma,Low,Inpatient,Yes,70,2,13715.96,10707.06,1585.88,3817.52,22859.94,Insurance,Under Treatment,No,5,No,A-,34.5
P100149,2025-05-02,86,Female,Madurai,ENT,Dr. F,Migraine,Low,Outpatient,Yes,129,0,10101.78,4422.93,3799.07,0.00,16836.30,UPI,Referred,No,5,No,A-,26.9
P100150,2025-05-23,40,Female,Chennai,Cardiology,Dr. A,Migraine,High,Outpatient,Yes,91,11,28715.15,7869.78,1224.39,29573.06,47858.58,UPI,Recovered,Yes,5,No,B+,33.8
P100151,2025-05-14,45,Female,Vellore,ENT,Dr. A,Fracture,Low,Inpatient,Yes,172,2,5032.78,324.88,731.87,4235.00,8387.96,UPI,Referred,No,3,Yes,O-,36.9
P100152,2025-12-01,24,Female,Vellore,General Medicine,Dr. C,Fever,Medium,Emergency,Yes,86,2,14591.27,10958.54,3219.13,3209.76,24318.79,Card,Referred,No,5,Yes,A-,33.8
P100153,2025-10-05,79,Male,Coimbatore,Cardiology,Dr. D,Hypertension,Medium,Emergency,No,38,4,11161.75,3346.68,7652.71,6107.32,18602.92,Cash,Recovered,No,1,No,O-,36.0
P100154,2025-08-25,6,Female,Vellore,Neurology,Dr. B,Hypertension,Medium,Outpatient,Yes,102,5,7484.78,798.56,5127.90,3903.00,12474.63,Card,Under Treatment,Yes,3,Yes,O-,33.0
P100155,2025-08-30,82,Female,Coimbatore,General Medicine,Dr. G,Fracture,High,Outpatient,No,91,8,18187.50,2223.17,4085.38,14235.84,30312.50,Cash,Recovered,Yes,5,Yes,O+,18.2
P100156,2025-11-23,20,Female,Chennai,Orthopedics,Dr. B,Asthma,Low,Emergency,No,114,2,12616.14,11133.66,707.38,1713.08,21026.90,Insurance,Recovered,No,5,No,O-,29.9
P100157,2025-05-08,30,Female,Madurai,Cardiology,Dr. F,Asthma,High,Outpatient,Yes,112,5,10470.76,11546.85,2105.89,3094.90,17451.26,Card,Recovered,No,4,No,A-,27.2
P100158,2025-05-05,8,Male,Salem,Orthopedics,Dr. E,Asthma,Medium,Outpatient,No,174,3,9789.37,9667.68,3145.65,2074.32,16315.61,Card,Under Treatment,Yes,3,Yes,B+,34.4
P100159,2025-03-04,83,Male,Chennai,Cardiology,Dr. H,Diabetes,High,Emergency,Yes,75,5,17786.02,9248.62,5832.41,11080.30,29643.37,Insurance,Under Treatment,Yes,5,No,A-,28.5
P100160,2025-06-28,27,Male,Vellore,Cardiology,Dr. E,Migraine,Medium,Emergency,Yes,5,5,5182.81,2594.68,638.36,2979.00,8638.02,Cash,Referred,No,3,No,AB+,20.0
P100161,2025-12-24,4,Male,Salem,Oncology,Dr. F,Migraine,Low,Emergency,Yes,16,0,7996.57,6400.23,5033.55,0.00,13327.61,Cash,Under Treatment,No,1,Yes,A+,21.0
P100162,2025-01-09,48,Male,Trichy,Cardiology,Dr. H,Asthma,Medium,Emergency,Yes,47,4,15309.88,7553.12,6918.93,2806.88,25516.47,UPI,Referred,Yes,5,No,A+,28.7
P100163,2025-03-27,39,Female,Salem,General Medicine,Dr. E,Fever,High,Inpatient,No,103,8,17765.45,7891.04,6411.82,6148.48,29609.08,Card,Recovered,Yes,4,Yes,AB+,22.7
P100164,2025-01-23,72,Male,Coimbatore,Orthopedics,Dr. F,Asthma,Low,Inpatient,No,130,1,7271.27,6454.50,2645.37,2427.69,12118.78,Card,Referred,No,3,No,AB+,25.6
P100165,2025-07-09,40,Male,Trichy,Pediatrics,Dr. H,Fracture,High,Emergency,No,51,6,17654.83,4176.00,5299.63,15564.96,29424.71,Cash,Under Treatment,No,1,No,O+,24.0
P100166,2025-07-24,79,Male,Vellore,General Medicine,Dr. E,Fracture,High,Emergency,Yes,42,10,27131.16,11474.11,7127.59,19588.10,45218.60,Insurance,Under Treatment,Yes,4,Yes,B+,34.4
P100167,2025-04-28,40,Female,Salem,Oncology,Dr. E,Migraine,High,Outpatient,Yes,75,12,14963.98,2714.28,1749.52,18735.48,24939.97,UPI,Referred,No,2,No,O+,32.0
P100168,2025-02-16,87,Female,Trichy,Pediatrics,Dr. G,Fever,High,Outpatient,No,150,11,19946.46,4953.08,7912.94,14161.95,33244.10,UPI,Recovered,No,1,No,B+,25.4
P100169,2025-11-24,7,Male,Trichy,General Medicine,Dr. F,Hypertension,Medium,Emergency,No,111,3,15138.45,6864.30,4962.12,7668.18,25230.75,Insurance,Referred,Yes,5,Yes,A+,16.3
P100170,2025-08-06,63,Male,Trichy,Neurology,Dr. E,Fever,Medium,Outpatient,No,159,2,8552.63,3191.24,3932.84,1967.58,14254.39,UPI,Recovered,No,1,No,AB+,26.7
P100171,2025-02-11,17,Female,Chennai,Pediatrics,Dr. D,Diabetes,High,Outpatient,No,145,10,9417.86,607.58,996.98,12437.50,15696.44,Card,Recovered,Yes,3,Yes,O-,28.3
P100172,2025-02-02,19,Male,Coimbatore,Oncology,Dr. H,Diabetes,High,Inpatient,Yes,136,7,17278.18,11580.60,750.84,9750.72,28796.97,Card,Under Treatment,No,4,Yes,O-,19.9
P100173,2025-10-13,43,Male,Chennai,Neurology,Dr. D,Asthma,Low,Outpatient,Yes,122,2,15118.42,10665.55,7543.68,1753.42,25197.36,Cash,Under Treatment,No,2,Yes,O-,34.4
P100174,2025-11-19,40,Female,Salem,ENT,Dr. B,Cancer,Low,Inpatient,Yes,29,2,7928.83,6338.00,3719.41,2100.28,13214.72,Cash,Recovered,No,1,Yes,A-,31.5
P100175,2025-12-04,71,Female,Chennai,Oncology,Dr. C,Asthma,High,Inpatient,Yes,72,11,25644.48,11483.81,1545.64,28345.90,42740.80,UPI,Under Treatment,No,2,Yes,O-,16.6
P100176,2025-11-16,38,Female,Coimbatore,ENT,Dr. F,Hypertension,Medium,Inpatient,No,84,5,20074.97,8656.03,7408.16,14194.60,33458.28,Insurance,Referred,No,3,No,A+,26.2
P100177,2025-04-29,65,Female,Vellore,Orthopedics,Dr. A,Migraine,Medium,Inpatient,No,42,4,11552.17,2758.76,2641.35,7346.52,19253.61,Cash,Recovered,Yes,1,Yes,A-,27.1
P100178,2025-04-13,6,Female,Madurai,Neurology,Dr. D,Diabetes,Low,Emergency,No,21,2,15532.21,10069.92,4377.61,2180.64,25887.02,Cash,Recovered,Yes,1,No,B+,17.2
P100179,2025-01-14,1,Female,Madurai,Cardiology,Dr. A,Hypertension,Low,Outpatient,No,152,0,10061.78,7197.83,5523.59,0.00,16769.63,Card,Referred,Yes,1,No,A+,31.5
P100180,2025-11-14,68,Male,Salem,Orthopedics,Dr. G,Diabetes,Medium,Inpatient,No,168,4,15865.53,7021.67,6765.71,4961.24,26442.55,Cash,Referred,No,4,No,A-,28.8
P100181,2025-03-06,25,Male,Trichy,Cardiology,Dr. D,Migraine,High,Emergency,No,42,11,28800.17,9749.84,2594.23,28945.51,48000.29,UPI,Recovered,No,3,No,A-,34.7
P100182,2025-07-25,24,Male,Chennai,Orthopedics,Dr. B,Cancer,Low,Inpatient,No,67,2,11177.98,10082.22,3587.37,2124.88,18629.97,Cash,Referred,Yes,3,Yes,O-,30.6
P100183,2025-10-18,74,Female,Trichy,General Medicine,Dr. C,Cancer,Low,Inpatient,Yes,37,1,7469.14,6517.34,2252.57,1809.22,12448.56,UPI,Under Treatment,No,1,Yes,O+,18.9
P100184,2025-03-22,77,Female,Chennai,ENT,Dr. F,Fever,Medium,Emergency,No,65,5,17135.04,6220.48,7397.14,6268.55,28558.40,Card,Recovered,Yes,5,Yes,AB+,23.4
P100185,2025-05-18,61,Female,Madurai,Oncology,Dr. F,Fever,Low,Inpatient,Yes,89,1,11365.99,3435.68,6921.32,1692.07,18943.32,UPI,Referred,Yes,5,No,O-,18.0
P100186,2025-01-29,18,Female,Coimbatore,Cardiology,Dr. G,Cancer,Low,Emergency,Yes,107,1,10776.77,10789.16,1436.86,690.75,17961.28,Cash,Recovered,No,2,No,O+,21.4
P100187,2025-02-04,48,Male,Madurai,ENT,Dr. A,Fracture,Medium,Outpatient,Yes,175,5,14611.54,3053.87,2040.65,12664.35,24352.57,UPI,Under Treatment,No,4,Yes,O+,28.2
P100188,2025-06-12,25,Female,Trichy,ENT,Dr. H,Migraine,Medium,Outpatient,Yes,100,3,16085.50,8067.73,3889.45,5984.10,26809.16,Insurance,Recovered,No,5,No,O-,19.6
P100189,2025-06-29,48,Male,Vellore,ENT,Dr. B,Fracture,High,Outpatient,Yes,88,10,14054.00,11983.19,1923.77,7285.20,23423.34,Insurance,Under Treatment,Yes,2,No,B+,19.5
P100190,2025-12-12,53,Male,Salem,Orthopedics,Dr. A,Migraine,Medium,Emergency,No,152,2,12612.14,5548.12,4466.39,5783.44,21020.23,Cash,Recovered,No,4,Yes,B+,16.3
P100191,2025-08-19,25,Female,Coimbatore,Pediatrics,Dr. E,Hypertension,Medium,Inpatient,No,67,4,13626.62,2789.61,1984.33,9877.96,22711.03,Cash,Referred,No,2,Yes,A-,17.8
P100192,2025-09-12,11,Male,Vellore,Orthopedics,Dr. H,Migraine,Medium,Inpatient,Yes,15,4,19245.00,11965.47,6340.28,10010.00,32075.00,Cash,Under Treatment,No,5,Yes,O-,23.3
P100193,2025-05-07,44,Female,Salem,Cardiology,Dr. B,Fracture,Medium,Outpatient,Yes,23,2,9576.46,2561.99,2173.82,1571.56,15960.76,Card,Recovered,Yes,5,Yes,A+,24.2
P100194,2025-10-13,44,Male,Coimbatore,Orthopedics,Dr. D,Hypertension,Medium,Inpatient,No,166,5,9469.18,2697.67,3821.90,2788.50,15781.97,Insurance,Under Treatment,No,2,No,O+,30.2
P100195,2025-04-18,4,Female,Salem,General Medicine,Dr. D,Fracture,Medium,Inpatient,Yes,146,2,4868.65,2874.30,2350.77,1539.88,8114.42,Insurance,Referred,No,4,Yes,B+,17.2
P100196,2025-11-27,33,Male,Vellore,Cardiology,Dr. G,Diabetes,Medium,Inpatient,No,49,4,13401.58,4507.42,3517.18,5950.24,22335.96,UPI,Under Treatment,No,5,Yes,A-,35.7
P100197,2025-02-23,37,Male,Coimbatore,General Medicine,Dr. E,Hypertension,Medium,Emergency,Yes,165,5,13866.95,9380.97,548.01,7897.25,23111.59,Insurance,Recovered,Yes,3,No,AB+,23.5
P100198,2025-02-19,41,Female,Coimbatore,Neurology,Dr. G,Hypertension,High,Outpatient,Yes,37,11,25716.13,9007.38,3663.70,21681.99,42860.21,Insurance,Under Treatment,Yes,2,Yes,A+,26.7
P100199,2025-05-04,44,Female,Salem,Neurology,Dr. A,Fever,High,Inpatient,No,112,6,13786.49,6762.72,7742.32,5995.26,22977.48,UPI,Recovered,No,3,Yes,AB+,22.6
P100200,2025-06-09,75,Male,Salem,General Medicine,Dr. E,Cancer,High,Inpatient,Yes,82,10,18643.53,10028.49,1087.73,16526.40,31072.55,Cash,Recovered,Yes,3,No,O-,36.4
P100201,2025-03-11,30,Female,Vellore,Orthopedics,Dr. B,Diabetes,High,Emergency,Yes,169,12,26569.52,1167.87,6366.93,28926.96,44282.54,UPI,Referred,No,3,Yes,AB+,35.7
P100202,2025-12-04,61,Female,Coimbatore,ENT,Dr. C,Hypertension,Medium,Emergency,No,138,4,16419.55,11055.91,2460.01,4803.44,27365.92,Insurance,Under Treatment,Yes,4,Yes,O+,24.1
P100203,2025-07-18,57,Female,Vellore,General Medicine,Dr. C,Diabetes,High,Emergency,Yes,119,8,16795.16,7118.89,1463.68,15860.64,27991.93,Card,Recovered,Yes,1,No,O+,17.5
P100204,2025-10-12,69,Female,Salem,Pediatrics,Dr. D,Migraine,Low,Outpatient,No,23,1,8332.58,2966.42,3320.34,818.82,13887.64,Insurance,Under Treatment,No,4,No,O+,30.0
P100205,2025-07-21,61,Female,Trichy,General Medicine,Dr. A,Migraine,Medium,Outpatient,No,172,5,13642.18,11746.01,782.05,5909.90,22736.96,Insurance,Referred,No,5,No,O+,25.5
P100206,2025-04-22,63,Female,Salem,Cardiology,Dr. B,Hypertension,Medium,Inpatient,No,6,5,17186.95,10150.62,5022.82,9714.65,28644.92,UPI,Referred,Yes,3,No,A+,19.3
P100207,2025-06-17,16,Female,Madurai,ENT,Dr. B,Migraine,Low,Outpatient,No,9,0,7806.67,5261.26,5127.14,0.00,13011.12,Card,Referred,No,2,No,B+,36.1
P100208,2025-01-31,79,Male,Madurai,Neurology,Dr. H,Hypertension,Medium,Outpatient,Yes,98,2,11382.88,8621.59,3954.14,4772.28,18971.46,UPI,Recovered,No,1,Yes,O+,20.9
P100209,2025-07-01,58,Male,Salem,Pediatrics,Dr. E,Asthma,Low,Emergency,No,113,1,7367.26,2079.84,2093.24,660.07,12278.76,Insurance,Referred,No,4,No,B+,19.5
P100210,2025-04-12,39,Female,Salem,Neurology,Dr. B,Cancer,Medium,Inpatient,Yes,99,4,10796.81,1928.24,713.82,11306.88,17994.69,UPI,Recovered,Yes,3,No,AB+,21.5
P100211,2025-08-22,24,Male,Vellore,General Medicine,Dr. F,Cancer,High,Emergency,No,85,10,28344.16,8781.53,6915.37,23111.20,47240.27,Cash,Referred,No,5,No,AB+,34.9
P100212,2025-01-29,55,Female,Madurai,ENT,Dr. D,Fracture,Low,Inpatient,Yes,94,0,8925.67,6407.31,7309.67,0.00,14876.12,Card,Recovered,Yes,3,No,B+,21.3
P100213,2025-12-06,6,Male,Chennai,Pediatrics,Dr. G,Migraine,Medium,Outpatient,No,97,4,16741.27,8303.78,4426.57,9653.04,27902.11,Card,Referred,No,4,Yes,O+,22.1
P100214,2025-10-15,13,Male,Coimbatore,ENT,Dr. B,Fracture,Low,Outpatient,Yes,103,2,18560.90,11633.70,7656.27,2508.66,30934.84,UPI,Referred,Yes,2,Yes,A+,25.8
P100215,2025-03-06,51,Male,Madurai,ENT,Dr. G,Hypertension,High,Inpatient,Yes,118,9,17875.01,1380.72,4646.52,18307.26,29791.68,Cash,Recovered,Yes,3,Yes,A+,31.7
P100216,2025-06-02,20,Female,Madurai,Cardiology,Dr. H,Fever,Medium,Inpatient,No,139,3,6491.24,706.46,721.12,6779.04,10818.74,Card,Referred,No,4,No,A-,36.1
P100217,2025-12-13,75,Female,Salem,ENT,Dr. A,Diabetes,High,Inpatient,Yes,34,12,35077.15,6664.68,7736.44,35333.64,58461.91,Cash,Under Treatment,Yes,5,No,B+,18.3
P100218,2025-03-23,19,Female,Madurai,Cardiology,Dr. F,Fracture,Medium,Inpatient,No,45,4,14879.11,1531.70,4193.27,11911.24,24798.52,UPI,Referred,Yes,2,No,B+,25.9
P100219,2025-01-16,33,Female,Salem,Cardiology,Dr. E,Diabetes,High,Emergency,No,155,10,23103.98,5871.24,705.47,23371.00,38506.63,Insurance,Referred,Yes,1,No,A+,34.8
P100220,2025-05-27,82,Female,Madurai,General Medicine,Dr. E,Hypertension,High,Outpatient,Yes,47,7,19221.94,8059.90,7871.62,14640.29,32036.57,UPI,Referred,Yes,1,Yes,B+,27.3
P100221,2025-12-16,56,Female,Vellore,Pediatrics,Dr. B,Cancer,Low,Inpatient,Yes,34,1,9960.12,5702.20,3320.51,1406.01,16600.20,UPI,Referred,No,4,Yes,AB+,34.3
P100222,2025-12-27,14,Female,Salem,Oncology,Dr. G,Fracture,High,Inpatient,Yes,170,6,14331.61,10586.34,1031.94,6917.94,23886.01,UPI,Recovered,No,4,No,A-,24.5
P100223,2025-10-09,2,Male,Salem,ENT,Dr. G,Asthma,Medium,Inpatient,No,165,5,18882.84,11220.99,6405.90,7370.70,31471.40,UPI,Under Treatment,No,3,Yes,O-,31.8
P100224,2025-07-07,30,Female,Coimbatore,Neurology,Dr. F,Diabetes,High,Emergency,Yes,148,10,22714.21,10757.39,5571.35,15448.70,37857.02,Card,Under Treatment,No,2,Yes,B+,21.6
P100225,2025-05-30,26,Male,Trichy,ENT,Dr. E,Cancer,Low,Inpatient,No,108,1,5930.02,6037.01,1029.32,1594.44,9883.37,Card,Referred,Yes,3,Yes,A+,36.2
P100226,2025-04-17,79,Female,Salem,Orthopedics,Dr. C,Hypertension,Medium,Emergency,Yes,52,3,12248.21,742.88,7139.76,8060.85,20413.68,UPI,Under Treatment,No,4,Yes,B+,29.7
P100227,2025-08-25,23,Female,Vellore,Orthopedics,Dr. B,Fever,High,Outpatient,Yes,97,5,17575.78,5482.00,6913.28,11092.00,29292.97,Insurance,Under Treatment,Yes,1,Yes,B+,23.0
P100228,2025-07-15,23,Female,Coimbatore,Oncology,Dr. G,Migraine,High,Emergency,No,139,8,17204.82,7483.76,272.93,13267.04,28674.70,Card,Recovered,No,1,Yes,O-,30.9
P100229,2025-09-12,10,Female,Trichy,Cardiology,Dr. G,Hypertension,High,Outpatient,Yes,168,6,8517.86,4759.91,4038.39,4138.98,14196.44,Card,Recovered,No,4,No,B+,31.5
P100230,2025-06-02,76,Female,Madurai,General Medicine,Dr. G,Fever,Medium,Inpatient,Yes,71,5,13911.80,5506.71,3765.54,5980.95,23186.33,UPI,Under Treatment,No,3,Yes,A+,34.1
P100231,2025-11-12,79,Male,Vellore,ENT,Dr. G,Diabetes,Low,Emergency,Yes,83,0,7919.20,3508.85,5669.26,0.00,13198.66,Cash,Under Treatment,No,5,Yes,O-,20.3
P100232,2025-11-19,90,Female,Salem,Cardiology,Dr. C,Fracture,High,Emergency,Yes,50,9,14053.21,7458.85,1909.55,6920.91,23422.02,Card,Referred,Yes,4,Yes,AB+,33.3
P100233,2025-11-15,60,Female,Madurai,Pediatrics,Dr. B,Migraine,High,Emergency,No,56,5,9614.86,888.07,1412.38,10955.10,16024.76,Card,Recovered,No,4,No,A+,24.2
P100234,2025-02-19,51,Male,Vellore,Orthopedics,Dr. H,Fracture,Low,Emergency,Yes,26,2,10764.16,10778.38,719.52,3240.48,17940.26,Card,Recovered,No,1,No,O+,24.6
P100235,2025-11-14,38,Female,Madurai,General Medicine,Dr. B,Cancer,Medium,Outpatient,Yes,11,4,23991.43,11466.26,7960.26,11401.28,39985.71,UPI,Under Treatment,No,4,Yes,O-,27.6
P100236,2025-06-14,52,Male,Vellore,Cardiology,Dr. C,Fracture,Medium,Outpatient,Yes,114,4,17437.37,9078.02,5846.65,6882.00,29062.28,Card,Recovered,Yes,2,No,B+,18.2
P100237,2025-12-16,7,Female,Coimbatore,Orthopedics,Dr. A,Diabetes,Low,Outpatient,Yes,111,0,5736.60,4271.85,3866.23,0.00,9561.00,Cash,Recovered,Yes,2,No,O+,26.6
P100238,2025-10-05,37,Female,Coimbatore,ENT,Dr. G,Asthma,Medium,Emergency,Yes,163,2,15010.27,8107.69,6581.13,2852.68,25017.12,UPI,Referred,No,2,Yes,A-,28.9
P100239,2025-12-13,24,Male,Vellore,Oncology,Dr. E,Hypertension,High,Outpatient,No,102,8,19095.17,11516.40,5066.52,7009.84,31825.29,UPI,Under Treatment,No,5,Yes,A-,23.1
P100240,2025-03-13,36,Female,Coimbatore,Oncology,Dr. D,Diabetes,Low,Inpatient,Yes,25,2,5365.92,1345.01,3758.57,1524.40,8943.20,UPI,Recovered,Yes,1,Yes,A+,37.4
P100241,2025-03-10,34,Male,Chennai,ENT,Dr. F,Hypertension,Medium,Outpatient,No,164,2,8699.33,510.75,6864.79,3058.78,14498.88,Cash,Under Treatment,Yes,4,Yes,O+,32.4
P100242,2025-05-04,35,Male,Madurai,Neurology,Dr. A,Migraine,Low,Inpatient,Yes,152,2,7428.95,1822.32,2457.95,1158.24,12381.59,UPI,Referred,No,3,No,O+,27.6
P100243,2025-12-05,51,Male,Coimbatore,General Medicine,Dr. E,Cancer,High,Inpatient,Yes,84,9,26970.56,9217.51,5667.86,21419.10,44950.93,Card,Under Treatment,No,1,Yes,O+,36.7
P100244,2025-01-03,27,Female,Chennai,Orthopedics,Dr. F,Asthma,Low,Emergency,No,175,2,9025.61,10665.91,1715.67,1928.62,15042.69,Insurance,Referred,No,2,No,AB+,32.1
P100245,2025-02-27,21,Male,Madurai,Orthopedics,Dr. D,Fever,High,Inpatient,Yes,132,12,11305.20,447.63,829.51,10005.24,18842.00,Cash,Referred,No,2,No,O-,23.6
P100246,2025-04-24,58,Female,Trichy,Cardiology,Dr. D,Migraine,Medium,Emergency,Yes,72,2,10788.94,10116.13,1656.14,2136.38,17981.57,Card,Under Treatment,Yes,4,No,O-,18.9
P100247,2025-01-24,1,Male,Chennai,Pediatrics,Dr. C,Migraine,Medium,Inpatient,No,81,3,15632.54,9986.75,7237.20,4545.99,26054.24,Card,Referred,No,1,Yes,B+,21.6
P100248,2025-01-26,54,Male,Salem,Pediatrics,Dr. A,Fracture,High,Outpatient,Yes,43,9,21013.98,8676.61,543.13,18448.11,35023.30,Cash,Under Treatment,No,3,No,O-,31.0
P100249,2025-01-21,42,Male,Salem,Cardiology,Dr. A,Migraine,Medium,Outpatient,No,55,4,15735.32,7233.06,1035.99,8695.32,26225.54,Insurance,Recovered,Yes,5,Yes,A-,18.6
P100250,2025-11-07,7,Female,Chennai,General Medicine,Dr. H,Fracture,Medium,Outpatient,No,16,5,15281.96,8225.43,5962.41,5623.40,25469.94,Insurance,Referred,No,2,No,A-,26.0
P100251,2025-07-24,76,Male,Chennai,General Medicine,Dr. B,Asthma,High,Outpatient,Yes,41,6,14675.66,2535.59,7352.51,9921.30,24459.43,Card,Referred,Yes,5,Yes,AB+,32.8
P100252,2025-12-12,67,Female,Salem,Pediatrics,Dr. A,Diabetes,Medium,Emergency,No,173,2,9260.11,366.96,5412.81,4703.62,15433.51,Insurance,Referred,Yes,4,No,O-,17.9
P100253,2025-04-13,4,Female,Trichy,Orthopedics,Dr. F,Migraine,Low,Emergency,No,154,2,6867.89,710.63,565.57,2177.86,11446.48,Cash,Referred,No,5,No,B+,16.9
P100254,2025-06-05,15,Male,Salem,Orthopedics,Dr. E,Asthma,Low,Emergency,No,135,2,18113.85,10154.13,7187.16,5062.54,30189.75,Insurance,Referred,No,4,Yes,O-,36.9
P100255,2025-03-06,89,Female,Salem,Oncology,Dr. E,Cancer,Medium,Emergency,Yes,151,4,9432.41,3740.16,4013.44,3303.60,15720.68,Cash,Under Treatment,Yes,2,Yes,O+,36.3
P100256,2025-09-22,76,Female,Madurai,Oncology,Dr. E,Cancer,Low,Emergency,Yes,31,2,13289.74,9301.48,3788.62,2283.08,22149.57,Cash,Referred,No,5,Yes,A+,27.8
P100257,2025-12-29,37,Male,Coimbatore,ENT,Dr. B,Fracture,High,Inpatient,No,58,10,22003.53,5071.68,4462.42,18901.90,36672.55,UPI,Recovered,No,4,No,A-,37.6
P100258,2025-04-17,69,Male,Chennai,ENT,Dr. H,Fever,Medium,Outpatient,No,41,3,10900.19,7349.68,3580.10,2492.40,18166.99,Insurance,Under Treatment,No,5,Yes,AB+,29.6
P100259,2025-06-19,47,Female,Trichy,Pediatrics,Dr. E,Migraine,Medium,Outpatient,No,97,4,15263.80,320.77,6448.48,9754.00,25439.66,UPI,Under Treatment,No,4,No,AB+,19.8
P100260,2025-07-27,83,Male,Madurai,Orthopedics,Dr. F,Fever,Low,Outpatient,Yes,53,0,15218.92,10482.37,5623.98,0.00,25364.87,UPI,Under Treatment,Yes,4,No,A+,20.5
P100261,2025-08-21,43,Male,Vellore,Oncology,Dr. F,Asthma,Low,Outpatient,Yes,173,2,9826.48,1794.96,5208.23,4343.74,16377.46,Insurance,Referred,Yes,3,Yes,B+,26.5
P100262,2025-03-28,53,Male,Chennai,Neurology,Dr. D,Hypertension,Low,Outpatient,No,21,1,13202.86,9301.78,7157.46,2562.45,22004.77,Cash,Referred,No,4,No,O-,21.0
P100263,2025-06-16,54,Female,Salem,Pediatrics,Dr. F,Asthma,Medium,Inpatient,No,141,5,9042.07,1751.74,2539.45,2860.75,15070.12,Insurance,Referred,No,3,No,A+,36.1
P100264,2025-08-21,41,Female,Vellore,Cardiology,Dr. F,Diabetes,Low,Inpatient,Yes,147,1,10444.25,7260.01,4624.75,1574.84,17407.08,Insurance,Recovered,Yes,4,No,O+,34.6
P100265,2025-11-21,29,Female,Chennai,General Medicine,Dr. H,Fracture,Medium,Emergency,Yes,11,3,20038.51,11274.27,5657.36,6643.17,33397.52,Card,Under Treatment,Yes,5,No,B+,31.1
P100266,2025-01-17,29,Female,Salem,ENT,Dr. G,Fever,Low,Outpatient,Yes,12,2,14169.14,6053.64,3943.31,3784.90,23615.24,Cash,Referred,Yes,1,Yes,A-,25.5
P100267,2025-10-17,60,Female,Chennai,General Medicine,Dr. C,Hypertension,Low,Inpatient,No,161,0,8660.71,599.22,6782.86,0.00,14434.51,Card,Recovered,No,5,No,B+,36.7
P100268,2025-10-08,22,Female,Chennai,Pediatrics,Dr. A,Hypertension,Low,Outpatient,Yes,114,2,15715.19,6067.92,4648.14,5796.04,26191.98,Insurance,Under Treatment,Yes,5,Yes,O-,33.1
P100269,2025-04-23,68,Female,Salem,Cardiology,Dr. D,Migraine,High,Inpatient,Yes,141,11,26197.52,3035.87,3341.68,29793.72,43662.54,UPI,Under Treatment,Yes,5,Yes,A+,17.8
P100270,2025-06-01,60,Male,Coimbatore,Cardiology,Dr. E,Fever,Low,Inpatient,No,68,0,10562.59,4533.01,5446.36,0.00,17604.32,UPI,Referred,Yes,5,No,O+,24.3
P100271,2025-08-10,17,Female,Chennai,Pediatrics,Dr. C,Cancer,High,Emergency,Yes,78,8,9900.38,1109.87,2386.70,9724.88,16500.64,Card,Recovered,No,3,No,B+,22.8
P100272,2025-06-12,30,Male,Chennai,Neurology,Dr. B,Hypertension,Low,Outpatient,No,69,1,13039.12,10201.75,3367.71,2373.94,21731.86,Cash,Referred,Yes,1,Yes,B+,35.8
P100273,2025-01-26,69,Male,Chennai,Cardiology,Dr. D,Hypertension,Medium,Inpatient,Yes,34,2,6976.81,2941.16,640.02,2695.12,11628.01,UPI,Under Treatment,No,1,Yes,O-,22.2
P100274,2025-01-06,7,Female,Chennai,Oncology,Dr. A,Diabetes,Medium,Outpatient,No,47,3,16088.77,9556.04,2440.01,6635.13,26814.61,Card,Referred,Yes,5,No,A+,35.4
P100275,2025-08-27,67,Female,Madurai,Neurology,Dr. D,Fever,Low,Inpatient,Yes,27,2,13070.76,11842.34,4911.11,3717.46,21784.60,UPI,Referred,Yes,5,Yes,O+,24.8
P100276,2025-06-03,56,Male,Salem,ENT,Dr. E,Hypertension,Medium,Emergency,Yes,116,4,14674.84,4440.07,4368.44,8128.60,24458.06,Insurance,Recovered,No,1,No,O-,25.0
P100277,2025-07-19,90,Female,Salem,Pediatrics,Dr. D,Diabetes,Low,Outpatient,No,64,1,8686.75,2835.91,7850.73,2025.99,14477.91,Card,Recovered,Yes,2,No,A-,16.7
P100278,2025-06-19,76,Male,Trichy,Oncology,Dr. H,Fracture,High,Emergency,No,168,6,16168.58,3579.70,6030.89,9545.82,26947.64,Insurance,Referred,Yes,2,Yes,A-,28.8
P100279,2025-02-14,64,Male,Madurai,Orthopedics,Dr. C,Fracture,Low,Emergency,Yes,45,2,10139.16,10311.17,3618.01,1516.74,16898.60,UPI,Referred,No,1,Yes,O-,29.6
P100280,2025-11-25,48,Male,Madurai,Neurology,Dr. G,Asthma,Low,Emergency,No,90,1,7068.02,6041.48,679.02,2493.83,11780.04,UPI,Recovered,No,5,Yes,AB+,32.7
P100281,2025-03-05,71,Female,Chennai,Orthopedics,Dr. B,Diabetes,Low,Inpatient,No,52,0,14966.00,11740.62,5894.19,0.00,24943.33,Insurance,Under Treatment,No,4,No,O-,18.1
P100282,2025-10-25,4,Male,Trichy,Orthopedics,Dr. D,Migraine,High,Outpatient,No,166,5,17778.92,6452.32,6581.23,11609.40,29631.54,Cash,Under Treatment,Yes,5,No,O+,31.2
P100283,2025-06-05,88,Male,Chennai,Neurology,Dr. H,Migraine,Medium,Outpatient,No,6,5,14480.82,5207.93,7927.12,6554.25,24134.70,Cash,Under Treatment,No,4,Yes,O-,25.1
P100284,2025-02-24,2,Female,Coimbatore,Neurology,Dr. E,Fracture,Medium,Inpatient,Yes,120,4,16106.18,10771.07,3892.69,9550.96,26843.64,Insurance,Under Treatment,No,1,No,A-,19.9
P100285,2025-05-17,13,Male,Coimbatore,General Medicine,Dr. A,Diabetes,Medium,Inpatient,Yes,9,4,12746.95,5613.12,962.48,5914.80,21244.91,Cash,Referred,No,3,Yes,O-,34.0
P100286,2025-06-16,14,Male,Salem,General Medicine,Dr. B,Fever,Low,Outpatient,Yes,178,0,12508.37,7743.93,6493.62,0.00,20847.28,UPI,Under Treatment,Yes,3,Yes,A-,28.9
P100287,2025-05-01,25,Female,Salem,General Medicine,Dr. B,Diabetes,High,Inpatient,No,110,10,16385.45,4530.82,7228.66,13488.40,27309.08,Insurance,Under Treatment,No,1,No,B+,36.8
P100288,2025-04-28,77,Female,Salem,Pediatrics,Dr. B,Fever,Medium,Emergency,No,134,5,13870.30,5022.91,2652.27,11082.55,23117.17,Cash,Referred,No,3,No,AB+,31.9
P100289,2025-07-14,28,Male,Salem,General Medicine,Dr. D,Fever,High,Outpatient,Yes,116,7,14769.20,3917.95,1415.89,18642.19,24615.33,Insurance,Under Treatment,No,5,Yes,B+,28.8
P100290,2025-06-16,58,Female,Trichy,Pediatrics,Dr. B,Hypertension,Medium,Outpatient,Yes,53,5,21647.54,9578.64,6707.17,12796.05,36079.23,Insurance,Referred,No,1,Yes,AB+,23.1
P100291,2025-06-07,38,Male,Trichy,Pediatrics,Dr. E,Fracture,Medium,Emergency,No,57,3,13588.65,11941.39,674.27,7086.33,22647.75,Insurance,Referred,Yes,2,Yes,A-,19.4
P100292,2025-01-21,49,Male,Salem,Neurology,Dr. G,Fever,Low,Inpatient,No,170,1,11093.16,6065.45,2833.93,2179.31,18488.60,Cash,Recovered,No,1,Yes,O-,29.5
P100293,2025-05-25,54,Female,Madurai,Orthopedics,Dr. A,Asthma,Low,Inpatient,No,155,1,7280.12,409.97,3376.07,938.76,12133.53,Cash,Referred,Yes,1,Yes,A+,36.1
P100294,2025-08-27,16,Female,Madurai,ENT,Dr. F,Cancer,Low,Outpatient,No,156,0,12150.37,8733.89,4606.22,0.00,20250.61,UPI,Referred,No,1,Yes,O+,32.1
P100295,2025-11-09,18,Female,Salem,Pediatrics,Dr. H,Fracture,Medium,Outpatient,No,10,5,15419.06,397.28,6615.35,12134.40,25698.44,Card,Under Treatment,No,5,No,AB+,18.3
P100296,2025-01-27,67,Female,Madurai,ENT,Dr. D,Hypertension,High,Inpatient,Yes,179,11,32212.58,10506.48,7241.46,27513.97,53687.63,Insurance,Under Treatment,No,2,No,B+,24.2
P100297,2025-09-30,54,Male,Trichy,Pediatrics,Dr. H,Diabetes,Medium,Inpatient,No,88,4,14886.89,3349.55,4488.23,7359.72,24811.49,Cash,Recovered,Yes,4,No,AB+,20.3
P100298,2025-12-02,7,Male,Trichy,Pediatrics,Dr. D,Diabetes,Medium,Inpatient,No,120,5,13067.60,11321.01,3981.08,5573.95,21779.33,Card,Referred,No,1,Yes,O+,17.3
P100299,2025-03-03,83,Male,Vellore,Pediatrics,Dr. D,Migraine,Medium,Outpatient,Yes,102,2,9796.03,3568.33,1162.13,2636.22,16326.72,Cash,Recovered,Yes,5,No,O-,37.2
P100300,2025-07-12,46,Male,Salem,General Medicine,Dr. D,Migraine,High,Emergency,Yes,100,9,13046.71,1588.75,4647.75,14667.48,21744.52,UPI,Under Treatment,No,1,No,B+,19.1
P100301,2025-09-01,11,Female,Trichy,General Medicine,Dr. D,Asthma,Medium,Outpatient,No,47,5,20364.19,5865.84,7713.08,13496.50,33940.32,UPI,Under Treatment,Yes,3,No,AB+,22.4
P100302,2025-06-05,84,Male,Trichy,Cardiology,Dr. F,Cancer,Low,Inpatient,Yes,144,2,13132.56,6375.94,2916.83,3870.40,21887.60,Insurance,Recovered,Yes,4,Yes,A+,37.8
P100303,2025-06-17,49,Female,Trichy,Orthopedics,Dr. C,Migraine,High,Outpatient,Yes,129,6,14165.47,6219.47,3364.94,9313.08,23609.12,UPI,Referred,No,3,No,O+,17.0
P100304,2025-04-18,26,Female,Vellore,ENT,Dr. D,Fracture,High,Emergency,No,177,6,11938.58,7799.87,6864.94,4271.70,19897.63,Card,Under Treatment,Yes,1,Yes,O-,28.0
P100305,2025-04-11,54,Male,Coimbatore,ENT,Dr. G,Diabetes,Low,Outpatient,Yes,49,2,12301.39,7236.59,7965.01,1556.40,20502.32,Card,Referred,No,2,No,A-,36.5
P100306,2025-07-18,42,Male,Trichy,Cardiology,Dr. B,Cancer,Medium,Emergency,No,118,4,15195.26,11760.66,2459.84,6628.04,25325.44,Card,Referred,Yes,1,No,A+,33.9
P100307,2025-01-25,20,Male,Vellore,General Medicine,Dr. D,Fracture,High,Inpatient,Yes,70,11,14333.25,9924.15,860.04,11344.52,23888.75,Cash,Referred,No,1,Yes,O-,20.4
P100308,2025-01-21,63,Female,Chennai,Cardiology,Dr. A,Fever,Low,Inpatient,No,129,2,12096.30,8497.39,1551.05,3708.12,20160.50,Insurance,Recovered,No,5,Yes,A+,28.8
P100309,2025-05-24,70,Female,Vellore,Oncology,Dr. F,Asthma,Medium,Emergency,Yes,142,4,14404.31,7221.81,4437.80,4111.16,24007.19,UPI,Under Treatment,No,1,No,A+,21.5
P100310,2025-07-22,62,Male,Vellore,Orthopedics,Dr. B,Fever,High,Emergency,No,170,6,12395.03,9982.30,1838.41,5105.46,20658.39,Cash,Under Treatment,Yes,4,No,O+,33.2
P100311,2025-10-21,59,Male,Chennai,Pediatrics,Dr. A,Diabetes,Medium,Emergency,Yes,52,4,12732.86,8252.32,1482.05,2360.64,21221.44,Cash,Referred,No,3,No,A-,29.9
P100312,2025-01-12,51,Female,Trichy,ENT,Dr. H,Hypertension,Low,Outpatient,Yes,131,2,12665.81,9079.71,1870.00,1573.58,21109.69,Card,Recovered,No,5,Yes,B+,17.3
P100313,2025-02-12,44,Male,Vellore,Oncology,Dr. E,Migraine,High,Inpatient,No,154,5,12103.21,6735.61,7496.20,4736.10,20172.02,Cash,Recovered,No,1,No,B+,17.5
P100314,2025-01-28,23,Male,Trichy,Pediatrics,Dr. E,Migraine,Medium,Emergency,Yes,15,2,13922.68,8695.54,7093.40,4433.28,23204.47,Card,Referred,Yes,4,No,O-,19.6
P100315,2025-10-03,1,Male,Coimbatore,Oncology,Dr. F,Asthma,Low,Outpatient,No,21,2,15017.50,8063.72,6643.23,4479.28,25029.16,Card,Referred,No,5,Yes,B+,23.6
P100316,2025-08-10,76,Male,Trichy,ENT,Dr. F,Migraine,High,Emergency,Yes,101,7,21249.85,6703.10,7336.74,13877.22,35416.41,Insurance,Referred,Yes,3,Yes,B+,28.0
P100317,2025-10-30,69,Male,Coimbatore,Cardiology,Dr. G,Asthma,Medium,Inpatient,No,141,4,18871.28,9963.89,4146.21,11972.00,31452.13,Cash,Recovered,Yes,5,Yes,AB+,35.4
P100318,2025-02-21,51,Female,Trichy,Cardiology,Dr. C,Hypertension,Low,Inpatient,Yes,123,2,9504.35,3238.04,3383.42,3902.14,15840.58,UPI,Referred,Yes,1,No,O-,16.0
P100319,2025-12-11,25,Female,Chennai,Orthopedics,Dr. H,Fracture,Medium,Emergency,No,133,4,16035.60,7830.01,6530.53,11299.88,26726.00,Cash,Under Treatment,No,2,Yes,AB+,37.4
P100320,2025-12-12,22,Male,Trichy,Oncology,Dr. E,Asthma,High,Emergency,No,124,11,25157.12,1684.80,7204.34,29665.02,41928.53,Cash,Referred,No,2,No,A+,27.3
P100321,2025-03-26,73,Female,Madurai,Pediatrics,Dr. A,Cancer,Low,Emergency,Yes,50,2,7836.38,2420.63,4938.20,3331.18,13060.64,UPI,Under Treatment,No,2,No,O+,34.5
P100322,2025-09-10,6,Male,Trichy,Oncology,Dr. C,Cancer,Low,Inpatient,No,126,0,12248.93,5898.59,7886.16,0.00,20414.88,UPI,Under Treatment,Yes,5,No,AB+,27.2
P100323,2025-06-17,83,Male,Madurai,General Medicine,Dr. G,Hypertension,Medium,Outpatient,Yes,144,2,14251.12,7075.07,4409.90,4023.76,23751.87,Insurance,Recovered,No,3,No,O-,24.4
P100324,2025-01-20,2,Male,Madurai,Orthopedics,Dr. A,Hypertension,Low,Inpatient,No,17,1,8444.95,4094.57,774.85,1887.53,14074.92,Insurance,Under Treatment,No,3,No,A-,24.6
P100325,2025-04-14,8,Male,Trichy,Neurology,Dr. D,Asthma,High,Outpatient,Yes,20,9,10719.07,2164.32,3716.31,8428.59,17865.12,UPI,Under Treatment,Yes,3,No,A-,25.9
P100326,2025-12-14,23,Male,Salem,Neurology,Dr. B,Asthma,High,Outpatient,No,122,5,8923.28,1202.70,865.13,6803.75,14872.13,Cash,Referred,Yes,1,No,A+,21.5
P100327,2025-10-28,69,Male,Madurai,Neurology,Dr. F,Hypertension,Medium,Inpatient,Yes,131,2,5829.79,1271.14,427.75,2942.50,9716.31,UPI,Recovered,No,3,No,A+,33.1
P100328,2025-01-13,10,Female,Salem,Orthopedics,Dr. F,Diabetes,Low,Inpatient,No,168,2,9747.35,3579.41,1966.74,5384.52,16245.59,Insurance,Under Treatment,No,5,No,AB+,35.9
P100329,2025-03-20,19,Male,Salem,Oncology,Dr. G,Asthma,High,Emergency,No,68,6,14220.20,6738.02,3411.15,6581.82,23700.34,UPI,Referred,No,1,No,B+,22.1
P100330,2025-01-11,13,Female,Madurai,General Medicine,Dr. E,Hypertension,High,Outpatient,Yes,125,6,18962.74,7024.40,5882.94,12073.26,31604.56,Card,Under Treatment,Yes,3,No,O-,36.5
P100331,2025-08-23,86,Female,Trichy,Orthopedics,Dr. B,Hypertension,High,Outpatient,Yes,150,5,13220.89,5789.86,2015.57,7026.00,22034.81,Cash,Referred,Yes,2,No,B+,17.6
P100332,2025-12-17,4,Female,Coimbatore,ENT,Dr. F,Cancer,High,Outpatient,No,175,6,18068.30,3166.65,7266.91,14479.98,30113.84,UPI,Recovered,Yes,2,No,AB+,17.9
P100333,2025-05-07,68,Male,Salem,Orthopedics,Dr. H,Asthma,High,Inpatient,No,175,7,19520.30,11285.50,3610.77,13263.18,32533.84,Insurance,Recovered,Yes,2,No,A-,33.7
P100334,2025-10-06,75,Male,Madurai,Cardiology,Dr. F,Hypertension,High,Inpatient,Yes,38,7,23370.44,11440.80,2379.56,16665.60,38950.74,Card,Under Treatment,Yes,2,No,B+,23.2
P100335,2025-04-09,23,Female,Trichy,ENT,Dr. E,Asthma,High,Inpatient,Yes,161,10,15058.82,575.32,2955.25,12289.10,25098.04,Cash,Under Treatment,No,5,Yes,O+,32.5
P100336,2025-10-19,8,Female,Vellore,General Medicine,Dr. E,Hypertension,Low,Outpatient,No,127,0,12415.78,11128.31,6706.54,0.00,20692.97,Cash,Under Treatment,No,5,Yes,A+,16.6
P100337,2025-06-27,2,Female,Trichy,ENT,Dr. H,Diabetes,High,Emergency,No,105,12,18626.89,8423.00,557.89,20823.00,31044.81,UPI,Under Treatment,Yes,2,No,O-,21.2
P100338,2025-12-24,44,Female,Coimbatore,General Medicine,Dr. H,Diabetes,High,Emergency,Yes,81,7,11562.83,3435.87,382.54,14088.34,19271.39,Card,Referred,No,5,No,A+,34.2
P100339,2025-10-20,11,Female,Salem,Cardiology,Dr. B,Hypertension,Low,Inpatient,Yes,83,1,8814.12,7833.73,1623.69,1221.42,14690.20,Card,Referred,Yes,4,No,O-,34.8
P100340,2025-01-23,84,Male,Chennai,Oncology,Dr. C,Cancer,Low,Outpatient,No,126,0,8574.78,4471.50,6313.35,0.00,14291.30,Card,Recovered,No,2,No,A-,28.4
P100341,2025-07-03,31,Female,Madurai,Oncology,Dr. B,Hypertension,Low,Emergency,Yes,28,2,6004.61,2681.12,438.01,4930.78,10007.68,Cash,Recovered,No,5,Yes,AB+,25.3
P100342,2025-05-15,35,Female,Madurai,Pediatrics,Dr. A,Diabetes,Low,Inpatient,Yes,112,0,12510.43,9430.22,7031.26,0.00,20850.72,UPI,Under Treatment,No,2,No,B+,16.3
P100343,2025-08-31,75,Female,Vellore,Oncology,Dr. C,Hypertension,Low,Emergency,No,153,2,5806.03,3134.20,1605.57,3621.72,9676.71,UPI,Recovered,Yes,2,No,A+,30.5
P100344,2025-01-15,46,Male,Coimbatore,Neurology,Dr. C,Fracture,Low,Outpatient,No,22,0,13339.97,7254.41,6237.69,0.00,22233.28,Cash,Recovered,Yes,4,Yes,O+,29.1
P100345,2025-09-18,38,Female,Chennai,Neurology,Dr. F,Hypertension,High,Outpatient,Yes,71,8,8304.58,4397.10,1610.54,4525.60,13840.97,UPI,Under Treatment,Yes,2,No,A-,29.6
P100346,2025-03-19,37,Female,Madurai,General Medicine,Dr. C,Hypertension,Low,Emergency,Yes,75,1,7235.19,2799.18,519.24,2516.09,12058.65,Card,Referred,No,3,No,A-,33.6
P100347,2025-07-07,56,Female,Madurai,Cardiology,Dr. B,Asthma,High,Emergency,No,160,12,27917.04,7278.54,3100.50,34321.44,46528.40,Cash,Recovered,Yes,3,Yes,AB+,29.5
P100348,2025-10-09,62,Male,Chennai,General Medicine,Dr. G,Fever,High,Emergency,Yes,5,8,24422.45,8624.90,3820.01,18535.44,40704.09,Cash,Referred,No,5,Yes,O+,24.9
P100349,2025-05-23,85,Male,Salem,General Medicine,Dr. A,Fracture,Low,Inpatient,No,68,2,9525.64,9756.27,1191.35,1583.84,15876.06,UPI,Referred,Yes,2,No,O-,21.6
P100350,2025-08-31,26,Male,Coimbatore,ENT,Dr. B,Diabetes,Medium,Outpatient,No,18,4,14135.89,6838.87,1893.97,10691.76,23559.81,Insurance,Referred,Yes,3,Yes,B+,23.3
P100351,2025-08-01,55,Female,Salem,Pediatrics,Dr. G,Fever,Medium,Emergency,Yes,149,5,8287.43,2462.59,5404.50,4181.25,13812.39,Card,Recovered,Yes,3,No,A-,26.7
P100352,2025-01-21,90,Male,Salem,Pediatrics,Dr. H,Diabetes,Low,Inpatient,No,142,0,6411.14,3008.75,4562.57,0.00,10685.23,Card,Under Treatment,Yes,2,No,O+,29.1
P100353,2025-02-15,7,Female,Salem,Pediatrics,Dr. F,Migraine,Medium,Outpatient,Yes,121,4,12089.66,3832.87,717.78,5937.12,20149.44,Insurance,Referred,No,3,No,O-,34.0
P100354,2025-10-28,27,Male,Trichy,Neurology,Dr. E,Diabetes,Low,Emergency,Yes,119,2,14108.35,10361.96,3371.59,2133.44,23513.92,UPI,Under Treatment,No,4,Yes,O+,21.0
P100355,2025-02-07,16,Male,Coimbatore,Orthopedics,Dr. F,Hypertension,Medium,Inpatient,Yes,25,5,7264.34,950.56,1199.83,4319.35,12107.24,UPI,Under Treatment,No,1,Yes,AB+,36.8
P100356,2025-02-25,27,Female,Chennai,General Medicine,Dr. G,Cancer,Medium,Inpatient,No,72,4,12043.55,7279.83,3117.44,9088.80,20072.58,Card,Referred,Yes,4,Yes,A-,17.2
P100357,2025-07-05,18,Male,Trichy,Cardiology,Dr. D,Fever,Medium,Emergency,Yes,15,4,19633.93,6598.56,7238.27,9298.24,32723.22,Cash,Referred,No,3,No,AB+,16.7
P100358,2025-05-31,36,Male,Coimbatore,Neurology,Dr. A,Hypertension,Medium,Inpatient,No,9,4,14022.01,4980.70,6951.64,2720.44,23370.01,UPI,Under Treatment,No,4,No,A+,24.2
P100359,2025-03-31,25,Male,Salem,Pediatrics,Dr. F,Cancer,High,Outpatient,No,150,6,18918.88,2243.09,7652.93,13521.12,31531.46,Insurance,Under Treatment,Yes,3,No,A-,17.6
P100360,2025-09-04,40,Male,Vellore,ENT,Dr. E,Asthma,Medium,Outpatient,No,25,2,10089.31,3743.98,5516.91,5869.92,16815.52,Cash,Recovered,No,5,Yes,A+,36.2
P100361,2025-01-12,38,Male,Chennai,General Medicine,Dr. B,Diabetes,High,Emergency,No,127,5,23349.00,10811.51,5614.97,13844.75,38915.00,Insurance,Under Treatment,No,5,Yes,A+,37.8
P100362,2025-10-08,3,Female,Salem,General Medicine,Dr. G,Hypertension,Medium,Emergency,Yes,66,5,4285.39,425.33,1283.02,2592.00,7142.32,Cash,Referred,Yes,2,Yes,A+,22.7
P100363,2025-03-30,7,Female,Chennai,Neurology,Dr. G,Cancer,Medium,Emergency,Yes,53,2,13202.81,9450.62,7227.96,2649.30,22004.69,Insurance,Referred,No,1,No,B+,18.4
P100364,2025-04-17,33,Male,Madurai,Orthopedics,Dr. A,Cancer,Medium,Inpatient,Yes,72,5,7960.23,1366.61,7674.23,3378.05,13267.05,Card,Referred,Yes,3,No,AB+,36.2
P100365,2025-09-03,42,Male,Vellore,Neurology,Dr. F,Fever,High,Inpatient,No,37,12,26613.61,11536.03,5902.60,17994.12,44356.01,Card,Under Treatment,No,3,No,A-,29.3
P100366,2025-03-12,63,Female,Trichy,Orthopedics,Dr. G,Fever,Low,Outpatient,No,77,2,8382.19,7857.13,653.05,2905.32,13970.31,Cash,Under Treatment,Yes,5,No,O-,32.0
P100367,2025-03-05,25,Female,Salem,Oncology,Dr. B,Fever,Low,Emergency,No,78,1,5470.60,1157.41,4276.01,1037.56,9117.67,UPI,Recovered,Yes,3,Yes,A-,17.5
P100368,2025-04-15,31,Female,Chennai,Oncology,Dr. F,Fever,Medium,Emergency,Yes,162,2,8473.67,4455.04,2195.13,3993.40,14122.78,Card,Referred,No,5,Yes,A+,34.1
P100369,2025-12-21,8,Female,Coimbatore,Pediatrics,Dr. B,Asthma,Low,Inpatient,Yes,130,1,8561.84,1669.85,7443.94,2791.65,14269.73,Insurance,Referred,No,2,Yes,A-,21.9
P100370,2025-06-15,82,Male,Chennai,Pediatrics,Dr. B,Asthma,High,Emergency,No,13,6,18780.06,8198.21,4191.06,15923.88,31300.10,UPI,Under Treatment,Yes,5,No,B+,26.1
P100371,2025-03-14,45,Male,Coimbatore,Pediatrics,Dr. G,Fever,Medium,Inpatient,Yes,163,4,8478.95,3810.54,1811.65,3140.08,14131.59,Cash,Under Treatment,Yes,2,No,O+,32.7
P100372,2025-09-26,1,Male,Vellore,General Medicine,Dr. H,Diabetes,Low,Emergency,Yes,107,2,11628.53,8891.46,770.74,3166.36,19380.88,Insurance,Recovered,No,3,Yes,AB+,23.1
P100373,2025-05-28,21,Female,Vellore,ENT,Dr. B,Fracture,Medium,Inpatient,No,157,3,16611.53,10154.33,1350.32,7439.85,27685.88,Card,Referred,Yes,3,No,O-,19.1
P100374,2025-03-17,78,Male,Madurai,Oncology,Dr. F,Fracture,High,Outpatient,No,176,5,20023.37,10314.38,812.42,14893.15,33372.29,UPI,Referred,Yes,3,No,O-,34.6
P100375,2025-07-28,53,Female,Madurai,Pediatrics,Dr. E,Asthma,High,Outpatient,Yes,112,8,10782.31,987.37,6112.33,9660.64,17970.52,Card,Referred,No,2,Yes,O-,16.9
P100376,2025-05-03,67,Female,Vellore,Orthopedics,Dr. G,Migraine,High,Outpatient,Yes,27,10,23632.96,7626.74,475.38,28086.80,39388.26,Cash,Referred,No,4,No,A+,20.6
P100377,2025-06-24,56,Female,Chennai,Pediatrics,Dr. F,Hypertension,High,Emergency,No,34,11,30577.72,7584.05,5374.16,31249.57,50962.86,Insurance,Recovered,Yes,4,No,A+,28.1
P100378,2025-06-13,48,Female,Vellore,Oncology,Dr. E,Diabetes,High,Outpatient,Yes,118,9,14064.26,3018.79,7059.92,6507.45,23440.44,Card,Referred,No,3,Yes,A+,26.4
P100379,2025-06-16,17,Female,Trichy,Pediatrics,Dr. E,Migraine,Low,Inpatient,Yes,163,2,13077.73,9236.40,3228.87,4563.44,21796.22,Insurance,Under Treatment,Yes,5,Yes,O-,30.4
P100380,2025-09-05,83,Male,Madurai,Pediatrics,Dr. C,Cancer,Low,Emergency,No,169,2,9030.29,5534.68,3225.51,1034.70,15050.48,UPI,Recovered,No,3,No,O+,23.7
P100381,2025-06-01,61,Female,Chennai,Orthopedics,Dr. B,Asthma,High,Outpatient,Yes,61,12,18529.63,4816.89,2947.07,15017.16,30882.71,UPI,Recovered,No,1,Yes,B+,22.9
P100382,2025-12-10,5,Female,Vellore,Oncology,Dr. H,Migraine,Medium,Inpatient,Yes,125,2,6623.67,1369.96,1119.84,4875.72,11039.45,Insurance,Recovered,Yes,5,No,O-,25.0
P100383,2025-11-03,6,Male,Vellore,Neurology,Dr. E,Fracture,Low,Outpatient,Yes,41,2,16797.26,10127.41,5161.87,5392.54,27995.44,Card,Referred,No,2,No,B+,17.7
P100384,2025-11-07,15,Female,Chennai,ENT,Dr. B,Cancer,Medium,Inpatient,No,68,5,18751.21,3520.37,7835.44,14124.95,31252.02,Insurance,Referred,Yes,1,No,A-,21.0
P100385,2025-04-11,68,Female,Vellore,Pediatrics,Dr. H,Asthma,Low,Emergency,Yes,27,1,12237.94,3129.47,6912.73,1924.31,20396.57,Card,Under Treatment,Yes,1,Yes,A-,16.9
P100386,2025-12-15,77,Female,Madurai,ENT,Dr. E,Diabetes,Medium,Emergency,Yes,122,4,14889.67,2330.78,6370.26,6533.08,24816.12,Cash,Under Treatment,No,4,No,A+,35.6
P100387,2025-06-17,67,Male,Trichy,Orthopedics,Dr. G,Diabetes,High,Outpatient,No,129,7,9160.34,2595.08,2735.93,8739.50,15267.24,UPI,Recovered,No,4,Yes,AB+,21.4
P100388,2025-09-19,7,Male,Trichy,Cardiology,Dr. C,Asthma,Low,Outpatient,Yes,82,1,6900.74,300.75,7188.08,2165.98,11501.23,Card,Recovered,Yes,1,Yes,O-,31.4
P100389,2025-04-10,6,Male,Chennai,General Medicine,Dr. B,Asthma,Medium,Inpatient,No,44,3,6598.66,1697.89,3469.57,1978.83,10997.76,Cash,Under Treatment,No,5,No,AB+,19.7
P100390,2025-02-05,30,Male,Vellore,Cardiology,Dr. A,Migraine,Medium,Inpatient,Yes,67,4,11203.85,8389.84,6660.81,3112.32,18673.09,Insurance,Recovered,No,4,Yes,B+,28.4
P100391,2025-04-06,27,Male,Vellore,Pediatrics,Dr. H,Hypertension,Low,Emergency,No,16,2,13543.00,8107.58,230.86,5732.74,22571.66,Insurance,Referred,Yes,5,Yes,A+,22.9
P100392,2025-07-06,24,Male,Trichy,Cardiology,Dr. C,Diabetes,Low,Inpatient,Yes,12,2,9627.83,932.76,3177.04,2953.76,16046.39,UPI,Referred,No,1,No,O-,24.3
P100393,2025-02-02,78,Male,Coimbatore,ENT,Dr. G,Asthma,Medium,Inpatient,No,161,4,14628.92,1871.77,5589.31,11038.60,24381.54,Insurance,Recovered,No,2,No,A-,16.9
P100394,2025-07-05,32,Female,Madurai,Pediatrics,Dr. E,Asthma,Low,Outpatient,No,10,1,8079.87,3836.59,3948.24,2852.34,13466.45,UPI,Recovered,Yes,1,Yes,AB+,16.2
P100395,2025-06-19,90,Female,Salem,ENT,Dr. H,Asthma,High,Inpatient,Yes,65,6,19007.73,9324.32,6479.47,13055.76,31679.55,Insurance,Referred,Yes,5,No,O-,30.1
P100396,2025-11-24,46,Female,Chennai,ENT,Dr. F,Cancer,Medium,Inpatient,Yes,63,3,11955.07,1291.69,4871.26,5499.99,19925.11,Cash,Under Treatment,No,5,No,A+,29.5
P100397,2025-10-23,56,Male,Vellore,Neurology,Dr. A,Fracture,Low,Emergency,No,141,2,8975.54,1843.13,3862.71,5897.42,14959.24,Cash,Referred,Yes,5,No,B+,23.6
P100398,2025-10-26,54,Male,Salem,Oncology,Dr. A,Asthma,High,Emergency,No,32,11,17512.18,4536.06,4572.97,18003.15,29186.96,Cash,Recovered,Yes,2,No,O-,23.0
P100399,2025-08-10,30,Female,Trichy,Orthopedics,Dr. B,Cancer,Low,Inpatient,Yes,87,0,13804.21,5434.23,7717.61,0.00,23007.01,Insurance,Referred,Yes,1,Yes,AB+,20.9
P100400,2025-02-23,49,Female,Madurai,Neurology,Dr. D,Cancer,Low,Emergency,Yes,91,0,12782.23,9966.29,3193.63,0.00,21303.72,Cash,Referred,No,3,No,B+,29.6
P100401,2025-04-09,10,Female,Coimbatore,Oncology,Dr. C,Hypertension,High,Inpatient,Yes,101,6,17166.47,3170.31,7936.57,9196.86,28610.79,UPI,Referred,Yes,4,Yes,O-,37.1
P100402,2025-06-25,86,Female,Madurai,Orthopedics,Dr. A,Diabetes,Medium,Outpatient,Yes,173,5,13219.32,5928.57,1039.87,6070.45,22032.20,Card,Under Treatment,No,5,Yes,AB+,21.8
P100403,2025-04-06,40,Male,Chennai,Oncology,Dr. D,Cancer,High,Outpatient,No,117,6,20717.95,9184.77,7903.68,11859.48,34529.91,Card,Recovered,No,1,Yes,O+,24.2
P100404,2025-09-30,66,Female,Trichy,Cardiology,Dr. H,Diabetes,Medium,Inpatient,Yes,120,5,13461.10,6098.35,6746.45,3312.45,22435.16,Insurance,Recovered,No,1,No,O+,21.5
P100405,2025-08-25,63,Female,Salem,Orthopedics,Dr. A,Fracture,Medium,Emergency,Yes,101,4,9245.72,2160.06,944.69,10215.72,15409.54,Cash,Under Treatment,Yes,3,No,O-,21.4
P100406,2025-06-10,46,Male,Madurai,Cardiology,Dr. C,Asthma,Medium,Outpatient,No,120,4,19540.38,11978.67,4686.70,9311.80,32567.30,Insurance,Recovered,Yes,5,No,B+,27.6
P100407,2025-04-01,81,Female,Coimbatore,Oncology,Dr. A,Hypertension,Medium,Emergency,Yes,142,3,9440.65,302.74,7322.43,5315.70,15734.42,Insurance,Under Treatment,Yes,2,No,A-,26.9
P100408,2025-11-04,31,Male,Madurai,Cardiology,Dr. E,Fever,Low,Inpatient,Yes,157,1,9511.61,8487.87,2539.80,2493.99,15852.68,Insurance,Under Treatment,Yes,1,Yes,B+,35.9
P100409,2025-11-26,49,Male,Vellore,Orthopedics,Dr. G,Migraine,High,Outpatient,Yes,49,12,28630.79,4729.82,1507.27,35637.96,47717.99,Cash,Referred,No,2,No,AB+,28.4
P100410,2025-05-19,70,Female,Coimbatore,Neurology,Dr. F,Diabetes,Low,Outpatient,Yes,127,2,11582.42,1144.01,3529.30,5573.64,19304.03,UPI,Under Treatment,Yes,3,Yes,A+,20.1
P100411,2025-01-17,30,Male,Salem,ENT,Dr. A,Diabetes,High,Emergency,Yes,92,7,12243.95,4322.62,1778.92,6093.01,20406.59,UPI,Recovered,Yes,4,No,A+,29.0
P100412,2025-08-20,1,Female,Chennai,ENT,Dr. C,Asthma,Medium,Outpatient,No,117,4,13690.36,6042.42,6608.51,5538.56,22817.27,Card,Under Treatment,No,3,No,A-,31.2
P100413,2025-06-17,46,Female,Trichy,Oncology,Dr. H,Fever,High,Emergency,No,44,9,18341.40,8546.69,2231.99,13731.57,30569.00,Card,Referred,Yes,5,Yes,O-,22.0
P100414,2025-05-29,30,Female,Trichy,ENT,Dr. H,Fever,Low,Inpatient,Yes,49,2,12535.55,5081.46,4675.63,2716.34,20892.59,Insurance,Under Treatment,No,5,No,AB+,34.3
P100415,2025-08-08,51,Male,Madurai,General Medicine,Dr. F,Migraine,Medium,Outpatient,Yes,86,5,17150.15,6729.02,7430.78,12722.10,28583.58,Card,Recovered,Yes,5,No,AB+,23.6
P100416,2025-10-27,53,Male,Coimbatore,General Medicine,Dr. H,Hypertension,Low,Emergency,No,37,0,11845.97,4854.50,7389.74,0.00,19743.28,Cash,Referred,No,3,Yes,O+,29.3
P100417,2025-10-25,72,Male,Vellore,Cardiology,Dr. D,Asthma,Medium,Emergency,No,158,5,15158.29,11666.86,3698.70,5162.80,25263.81,Insurance,Recovered,Yes,3,Yes,A-,34.0
P100418,2025-01-19,22,Male,Chennai,General Medicine,Dr. B,Asthma,Medium,Emergency,Yes,167,3,10332.67,1275.18,2796.42,7320.24,17221.12,UPI,Recovered,Yes,4,No,AB+,24.1
P100419,2025-02-08,2,Male,Madurai,Oncology,Dr. E,Fracture,High,Inpatient,No,109,12,22996.12,9060.45,2019.76,22894.32,38326.87,Insurance,Referred,Yes,5,Yes,O-,16.9
P100420,2025-06-21,84,Female,Coimbatore,Cardiology,Dr. B,Asthma,Low,Emergency,Yes,100,2,12006.73,8087.55,7515.79,2953.46,20011.21,UPI,Recovered,No,1,No,O-,27.8
P100421,2025-07-06,27,Male,Chennai,Neurology,Dr. B,Diabetes,High,Inpatient,No,130,5,10312.16,2256.72,2226.93,4653.40,17186.94,UPI,Under Treatment,No,3,Yes,A-,33.5
P100422,2025-10-25,36,Male,Salem,Pediatrics,Dr. G,Fracture,High,Inpatient,Yes,165,8,25954.37,9867.56,7717.65,18036.32,43257.29,Card,Referred,Yes,2,No,O+,16.5
P100423,2025-03-05,14,Male,Coimbatore,Cardiology,Dr. C,Asthma,Medium,Inpatient,No,25,4,18685.36,11085.23,1605.83,10972.08,31142.26,Cash,Under Treatment,Yes,1,No,B+,35.6
P100424,2025-03-09,53,Male,Vellore,Neurology,Dr. E,Fracture,High,Emergency,Yes,40,8,20963.73,4402.69,4441.50,19018.16,34939.55,UPI,Under Treatment,No,4,Yes,A+,18.7
P100425,2025-03-03,17,Male,Coimbatore,Orthopedics,Dr. C,Cancer,Low,Inpatient,No,41,2,13204.78,6967.11,2909.78,4733.82,22007.96,Card,Recovered,No,5,Yes,AB+,24.8
P100426,2025-11-19,82,Male,Coimbatore,Cardiology,Dr. G,Fever,High,Inpatient,No,104,11,16026.76,4907.13,7047.11,13129.27,26711.26,Card,Referred,No,2,Yes,AB+,33.3
P100427,2025-08-12,69,Male,Trichy,Cardiology,Dr. A,Fracture,Medium,Inpatient,No,111,2,10753.52,5119.62,1935.69,1195.90,17922.54,Cash,Referred,Yes,3,Yes,O-,18.8
P100428,2025-05-18,61,Female,Madurai,Cardiology,Dr. H,Diabetes,Medium,Emergency,No,66,5,18017.83,11059.92,2961.87,12495.30,30029.71,Card,Recovered,Yes,3,Yes,A+,35.0
P100429,2025-02-01,27,Female,Madurai,Oncology,Dr. C,Fracture,High,Outpatient,Yes,77,6,16881.17,1850.29,5413.14,13781.64,28135.29,Card,Recovered,No,1,No,A-,30.6
P100430,2025-01-30,10,Female,Salem,General Medicine,Dr. C,Fever,Medium,Emergency,No,131,2,10840.77,2955.13,5388.51,5881.80,18067.95,Card,Referred,Yes,3,Yes,O-,34.4
P100431,2025-06-27,47,Female,Salem,Pediatrics,Dr. G,Diabetes,Low,Emergency,No,53,2,8648.64,1244.19,4185.82,5890.30,14414.40,Insurance,Recovered,Yes,4,No,O-,23.3
P100432,2025-12-10,38,Male,Salem,General Medicine,Dr. A,Diabetes,Low,Inpatient,No,8,2,14174.06,7201.65,5544.06,4056.06,23623.43,Card,Recovered,No,5,Yes,O-,37.3
P100433,2025-05-20,15,Male,Vellore,ENT,Dr. A,Asthma,High,Outpatient,Yes,174,5,8665.96,3405.85,2805.80,7379.15,14443.27,Card,Referred,Yes,4,No,O-,32.0
P100434,2025-03-01,28,Male,Trichy,ENT,Dr. D,Hypertension,High,Emergency,Yes,120,9,7074.52,1321.79,2257.91,7276.95,11790.87,Card,Under Treatment,Yes,4,No,O+,17.7
P100435,2025-02-06,74,Male,Vellore,Orthopedics,Dr. D,Cancer,High,Outpatient,No,98,8,20050.46,2338.54,6714.29,23361.84,33417.44,UPI,Under Treatment,Yes,2,Yes,A-,21.9
P100436,2025-11-28,90,Female,Coimbatore,Cardiology,Dr. G,Asthma,Medium,Emergency,No,112,2,6817.55,5265.91,255.27,2154.12,11362.59,Card,Under Treatment,Yes,2,No,A-,23.3
P100437,2025-01-28,73,Male,Coimbatore,Neurology,Dr. C,Fever,Low,Emergency,No,174,0,12884.75,6661.93,5334.18,0.00,21474.59,Card,Under Treatment,No,4,No,O+,32.9
P100438,2025-05-06,12,Female,Salem,ENT,Dr. H,Hypertension,Medium,Emergency,Yes,28,3,14297.87,7677.19,4745.36,3650.37,23829.79,Cash,Under Treatment,No,1,No,AB+,17.9
P100439,2025-10-06,5,Female,Trichy,General Medicine,Dr. F,Fracture,High,Emergency,Yes,138,10,26020.61,8411.88,6386.72,24337.40,43367.69,Card,Referred,No,4,Yes,AB+,27.4
P100440,2025-11-22,85,Male,Madurai,Orthopedics,Dr. G,Migraine,High,Outpatient,Yes,153,7,16565.27,4322.82,3409.35,16544.78,27608.78,Insurance,Under Treatment,No,3,No,A-,19.3
P100441,2025-01-31,34,Female,Vellore,Cardiology,Dr. G,Asthma,Low,Inpatient,Yes,128,0,9444.41,6047.60,3994.94,0.00,15740.69,Card,Under Treatment,No,5,No,A-,20.4
P100442,2025-06-19,60,Male,Trichy,Pediatrics,Dr. F,Migraine,Low,Outpatient,No,19,1,9469.49,3440.40,2520.97,932.63,15782.49,Cash,Referred,No,5,Yes,B+,37.4
P100443,2025-08-31,51,Female,Chennai,Orthopedics,Dr. G,Fracture,Medium,Outpatient,No,96,5,16866.44,11254.53,1166.28,10250.70,28110.73,Card,Recovered,Yes,4,No,B+,25.5
P100444,2025-11-08,22,Female,Chennai,ENT,Dr. C,Diabetes,Low,Inpatient,Yes,133,0,10278.17,10176.43,4437.84,0.00,17130.28,Cash,Recovered,No,5,No,A-,24.5
P100445,2025-09-27,85,Female,Chennai,ENT,Dr. H,Fever,High,Emergency,No,173,6,15575.06,3882.82,4029.25,9638.82,25958.43,Card,Referred,No,5,No,O+,21.2
P100446,2025-01-29,48,Male,Chennai,Cardiology,Dr. E,Diabetes,High,Outpatient,No,170,12,29136.37,3664.45,6126.67,29138.88,48560.61,Card,Referred,Yes,3,No,A+,17.8
P100447,2025-03-03,38,Female,Madurai,ENT,Dr. C,Fracture,Low,Outpatient,No,110,0,9072.17,8976.67,3687.52,0.00,15120.29,UPI,Recovered,No,4,Yes,AB+,29.1
P100448,2025-01-06,28,Female,Trichy,General Medicine,Dr. H,Migraine,Low,Outpatient,Yes,6,0,12505.43,10221.56,4599.33,0.00,20842.39,Insurance,Referred,Yes,1,No,A+,17.6
P100449,2025-02-11,8,Male,Coimbatore,General Medicine,Dr. E,Cancer,Medium,Outpatient,No,81,5,15968.19,7342.60,7153.12,10646.60,26613.65,Insurance,Recovered,No,4,Yes,O-,37.8
P100450,2025-03-16,74,Male,Coimbatore,General Medicine,Dr. E,Hypertension,Medium,Emergency,No,174,3,9173.68,1046.43,2533.14,7566.75,15289.46,UPI,Under Treatment,Yes,3,Yes,A+,28.8
P100451,2025-03-12,32,Male,Salem,Neurology,Dr. G,Hypertension,Medium,Inpatient,No,138,2,9052.04,5115.13,4142.58,2886.54,15086.74,UPI,Under Treatment,Yes,4,No,A+,24.9
P100452,2025-06-19,37,Female,Salem,Cardiology,Dr. H,Fracture,Low,Outpatient,No,7,0,6544.30,1112.74,4408.82,0.00,10907.17,UPI,Recovered,Yes,2,Yes,B+,17.8
P100453,2025-05-06,5,Female,Vellore,Cardiology,Dr. E,Diabetes,Medium,Outpatient,No,145,5,12995.48,7522.99,1527.38,4089.55,21659.14,Card,Recovered,No,4,Yes,A+,31.6
P100454,2025-01-03,7,Female,Coimbatore,Pediatrics,Dr. D,Fever,Low,Inpatient,Yes,169,1,16192.85,9420.34,7265.01,2347.35,26988.08,Cash,Recovered,No,2,Yes,O+,21.7
P100455,2025-06-16,68,Female,Chennai,Neurology,Dr. E,Migraine,High,Emergency,Yes,54,5,15685.93,4594.96,5179.06,10599.70,26143.21,Insurance,Recovered,No,4,Yes,A+,34.7
P100456,2025-11-01,52,Female,Vellore,ENT,Dr. E,Diabetes,High,Inpatient,Yes,140,7,23525.71,7383.93,6635.17,18522.28,39209.51,Insurance,Recovered,Yes,2,No,B+,23.2
P100457,2025-09-28,13,Male,Chennai,Cardiology,Dr. H,Hypertension,High,Outpatient,Yes,74,6,16244.57,8512.02,801.29,8981.28,27074.29,Insurance,Referred,Yes,4,Yes,O-,32.8
P100458,2025-08-29,22,Male,Coimbatore,Neurology,Dr. D,Hypertension,Low,Inpatient,No,158,0,4560.22,1122.99,2953.56,0.00,7600.36,Cash,Referred,Yes,4,No,O-,16.7
P100459,2025-12-09,9,Male,Chennai,Neurology,Dr. G,Diabetes,High,Inpatient,Yes,34,7,18124.91,7975.95,822.22,18049.57,30208.18,Cash,Recovered,No,1,Yes,A-,30.2
P100460,2025-09-08,63,Male,Vellore,Orthopedics,Dr. E,Migraine,Medium,Outpatient,Yes,171,4,10196.23,3777.65,3153.35,5156.44,16993.71,UPI,Recovered,No,3,Yes,O+,26.7
P100461,2025-01-11,66,Male,Vellore,Orthopedics,Dr. G,Fever,High,Outpatient,Yes,109,8,24307.76,11998.76,5144.98,14614.56,40512.94,UPI,Recovered,Yes,3,Yes,O-,17.1
P100462,2025-09-01,77,Female,Chennai,Cardiology,Dr. D,Asthma,Medium,Emergency,Yes,154,4,13222.59,11157.54,1757.25,7622.00,22037.65,UPI,Under Treatment,Yes,2,No,O-,34.8
P100463,2025-12-18,28,Male,Coimbatore,Oncology,Dr. A,Hypertension,High,Inpatient,No,122,9,10304.36,6806.33,3145.13,4961.43,17173.94,UPI,Under Treatment,No,4,Yes,A-,19.4
P100464,2025-08-05,16,Male,Trichy,General Medicine,Dr. D,Asthma,High,Inpatient,Yes,100,6,12409.63,6113.80,7561.81,4698.96,20682.72,UPI,Under Treatment,No,1,No,A+,34.4
P100465,2025-09-24,8,Male,Coimbatore,Oncology,Dr. E,Fever,Medium,Inpatient,Yes,49,2,10264.58,1621.75,6896.44,3183.84,17107.63,Insurance,Recovered,No,3,No,AB+,18.9
P100466,2025-05-13,50,Male,Salem,Oncology,Dr. A,Asthma,High,Inpatient,No,150,5,12037.28,1051.06,4598.65,10367.95,20062.13,Card,Under Treatment,No,3,Yes,O+,22.9
P100467,2025-02-17,51,Female,Coimbatore,Cardiology,Dr. B,Asthma,Medium,Inpatient,No,129,2,15063.85,4453.26,7826.66,4746.94,25106.41,Insurance,Recovered,Yes,1,No,AB+,25.5
P100468,2025-01-05,48,Female,Trichy,Cardiology,Dr. H,Diabetes,High,Inpatient,Yes,94,6,11067.26,6591.10,717.73,4845.24,18445.44,Insurance,Recovered,Yes,4,Yes,B+,20.5
P100469,2025-03-17,21,Male,Coimbatore,Pediatrics,Dr. C,Fever,Medium,Outpatient,Yes,15,4,17093.36,7805.18,7678.01,11156.84,28488.94,Insurance,Recovered,No,2,No,A-,37.6
P100470,2025-01-27,71,Male,Coimbatore,Pediatrics,Dr. D,Asthma,High,Inpatient,No,157,5,14706.26,5348.61,323.83,14616.10,24510.44,Cash,Recovered,No,2,No,AB+,34.4
P100471,2025-01-19,44,Male,Coimbatore,ENT,Dr. F,Fracture,Medium,Inpatient,Yes,66,5,19118.84,10002.69,5715.14,10767.60,31864.73,Card,Under Treatment,No,1,No,B+,25.8
P100472,2025-12-30,80,Female,Salem,Cardiology,Dr. F,Hypertension,Low,Outpatient,Yes,55,0,14981.51,10128.63,7482.29,0.00,24969.18,Cash,Referred,No,1,No,A+,33.2
P100473,2025-07-25,38,Female,Chennai,General Medicine,Dr. G,Fracture,Low,Outpatient,Yes,13,2,15869.30,10782.26,3761.14,4848.66,26448.83,Insurance,Recovered,No,2,Yes,AB+,36.5
P100474,2025-06-18,77,Female,Madurai,Cardiology,Dr. C,Migraine,High,Emergency,No,80,10,26207.58,4589.13,1519.37,27936.80,43679.30,Cash,Referred,No,4,Yes,AB+,32.8
P100475,2025-05-24,28,Female,Salem,Oncology,Dr. H,Migraine,Low,Inpatient,No,177,2,13086.13,8895.35,6213.32,1929.36,21810.22,UPI,Under Treatment,Yes,5,No,B+,17.2
P100476,2025-02-18,45,Male,Coimbatore,Oncology,Dr. E,Fever,Medium,Emergency,No,154,4,9734.29,1445.35,2906.30,9057.00,16223.82,Cash,Referred,Yes,1,Yes,A-,24.5
P100477,2025-02-14,49,Female,Salem,Oncology,Dr. B,Asthma,High,Emergency,No,139,12,34004.11,5175.82,6486.14,35274.12,56673.52,Card,Referred,No,4,Yes,A-,20.9
P100478,2025-05-20,80,Female,Chennai,Orthopedics,Dr. G,Asthma,High,Outpatient,No,139,11,24066.33,8760.22,4278.52,20872.17,40110.55,Card,Under Treatment,No,3,Yes,AB+,19.0
P100479,2025-03-02,11,Male,Vellore,Pediatrics,Dr. H,Diabetes,Low,Inpatient,No,24,0,11795.49,8209.60,4558.24,0.00,19659.15,Card,Referred,Yes,1,No,O+,29.9
P100480,2025-02-27,69,Female,Vellore,Pediatrics,Dr. B,Fever,Low,Inpatient,No,114,1,5409.11,1703.05,226.80,2332.69,9015.19,Insurance,Recovered,Yes,1,Yes,O+,28.5
P100481,2025-11-20,7,Female,Vellore,Cardiology,Dr. A,Diabetes,Medium,Emergency,Yes,66,4,15745.30,6556.57,7565.74,7916.16,26242.17,Insurance,Under Treatment,Yes,3,No,A+,34.8
P100482,2025-04-19,58,Female,Vellore,General Medicine,Dr. A,Asthma,High,Outpatient,No,134,12,18997.61,4180.83,6299.47,17079.96,31662.68,Insurance,Referred,Yes,4,No,A+,23.2
P100483,2025-05-28,41,Male,Trichy,Orthopedics,Dr. H,Cancer,Low,Inpatient,No,5,2,11349.61,2326.62,5874.26,5573.96,18916.01,Cash,Referred,Yes,3,No,A-,25.8
P100484,2025-09-01,74,Female,Chennai,Orthopedics,Dr. B,Fracture,Medium,Emergency,Yes,9,2,12408.47,5998.80,2466.60,3969.82,20680.79,Insurance,Under Treatment,Yes,2,Yes,A-,26.5
P100485,2025-10-28,76,Female,Chennai,Pediatrics,Dr. D,Migraine,Low,Emergency,No,84,1,11509.66,11130.30,3912.08,805.53,19182.77,Insurance,Referred,Yes,4,Yes,B+,34.8
P100486,2025-03-15,67,Female,Madurai,Pediatrics,Dr. D,Migraine,Medium,Outpatient,No,120,3,16612.25,7089.34,6243.39,5256.90,27687.08,Insurance,Referred,No,4,Yes,O-,29.6
P100487,2025-12-29,18,Male,Vellore,ENT,Dr. C,Fever,Low,Emergency,No,117,0,7061.06,1514.65,847.16,0.00,11768.43,UPI,Under Treatment,Yes,3,No,O+,31.3
P100488,2025-03-05,65,Male,Coimbatore,Pediatrics,Dr. H,Fracture,High,Emergency,Yes,72,7,15525.72,7976.09,6910.56,6134.45,25876.20,Insurance,Referred,Yes,3,No,A-,16.9
P100489,2025-02-13,28,Female,Vellore,ENT,Dr. D,Fracture,Medium,Emergency,No,164,2,8450.00,6394.17,3365.12,1556.10,14083.33,Card,Recovered,Yes,3,No,A-,22.0
P100490,2025-03-23,31,Female,Trichy,Orthopedics,Dr. B,Fracture,High,Inpatient,Yes,103,12,15464.82,1705.23,6765.69,7873.68,25774.70,Insurance,Referred,No,4,No,B+,16.8
P100491,2025-05-01,25,Female,Salem,Neurology,Dr. D,Migraine,Low,Emergency,No,75,1,8730.60,8347.99,499.52,1933.60,14551.00,Cash,Referred,No,1,No,O-,17.2
P100492,2025-08-12,18,Female,Vellore,ENT,Dr. C,Diabetes,Medium,Outpatient,No,60,4,7338.92,2074.28,1210.52,5884.20,12231.54,Insurance,Recovered,No,1,Yes,O-,32.5
P100493,2025-05-30,70,Female,Salem,Neurology,Dr. G,Fracture,Low,Emergency,Yes,118,0,5327.29,3819.36,4127.94,0.00,8878.81,Insurance,Under Treatment,No,2,No,O-,35.2
P100494,2025-10-09,79,Female,Trichy,ENT,Dr. G,Migraine,Low,Emergency,Yes,174,2,12241.81,2432.07,5772.74,3810.96,20403.02,UPI,Under Treatment,No,2,Yes,A-,17.6
P100495,2025-01-12,49,Female,Salem,ENT,Dr. G,Diabetes,Medium,Outpatient,Yes,138,4,18295.20,11662.46,5498.45,4616.24,30492.00,UPI,Referred,No,5,Yes,B+,37.7
P100496,2025-11-07,89,Male,Trichy,Orthopedics,Dr. D,Fever,High,Outpatient,No,146,8,17473.87,2326.98,7465.48,13565.76,29123.12,Cash,Recovered,Yes,2,Yes,B+,26.7
P100497,2025-08-06,48,Female,Vellore,Orthopedics,Dr. E,Cancer,High,Outpatient,Yes,67,12,21190.28,4840.78,4328.85,22520.88,35317.14,Cash,Recovered,No,4,No,B+,25.9
P100498,2025-03-20,77,Male,Salem,General Medicine,Dr. A,Hypertension,High,Inpatient,Yes,73,11,17433.73,4376.23,7699.74,9209.09,29056.21,Insurance,Under Treatment,Yes,5,No,B+,34.8
P100499,2025-07-11,22,Male,Salem,General Medicine,Dr. E,Fever,High,Outpatient,No,124,8,19555.84,10149.03,7900.66,6855.44,32593.06,UPI,Recovered,Yes,2,No,O-,18.8
P100500,2025-11-05,5,Male,Vellore,Orthopedics,Dr. A,Asthma,Medium,Emergency,No,79,3,10182.62,2204.41,4138.76,5296.23,16971.04,Insurance,Recovered,Yes,4,No,B+,27.8
P100501,2025-09-08,90,Female,Madurai,Neurology,Dr. C,Diabetes,Low,Inpatient,No,163,0,6244.79,1196.84,3187.63,0.00,10407.98,Cash,Referred,Yes,4,Yes,A-,31.8
P100502,2025-01-30,8,Female,Vellore,Oncology,Dr. H,Fever,Low,Emergency,Yes,147,1,13020.41,6498.95,6103.34,2384.09,21700.69,Cash,Under Treatment,Yes,2,Yes,A-,29.8
P100503,2025-03-15,9,Male,Madurai,Orthopedics,Dr. F,Hypertension,Medium,Inpatient,No,99,3,9260.83,1046.94,625.03,3959.82,15434.71,Cash,Recovered,No,5,No,B+,25.8
P100504,2025-10-14,43,Male,Trichy,ENT,Dr. A,Migraine,High,Outpatient,Yes,71,6,11885.30,8975.20,5279.92,3706.02,19808.83,Card,Under Treatment,Yes,3,Yes,B+,32.2
P100505,2025-09-18,60,Female,Chennai,ENT,Dr. D,Migraine,High,Inpatient,Yes,173,6,12386.08,5658.08,3314.55,10721.52,20643.47,Card,Referred,Yes,2,No,B+,20.4
P100506,2025-03-03,42,Male,Vellore,Orthopedics,Dr. H,Hypertension,Low,Emergency,No,148,0,7115.54,9640.38,780.96,0.00,11859.23,Cash,Recovered,Yes,4,Yes,AB+,35.1
P100507,2025-11-17,55,Male,Salem,Neurology,Dr. D,Cancer,High,Emergency,No,134,11,19131.02,10814.37,3862.58,15906.99,31885.03,UPI,Recovered,Yes,2,Yes,B+,25.4
P100508,2025-07-22,22,Female,Trichy,Cardiology,Dr. A,Asthma,Medium,Emergency,No,90,5,12976.65,11477.91,2041.56,4088.35,21627.75,Card,Referred,Yes,2,Yes,B+,22.4
P100509,2025-08-09,21,Female,Chennai,Pediatrics,Dr. D,Fracture,Low,Outpatient,No,126,1,10521.38,1180.58,7610.79,533.09,17535.64,Cash,Recovered,No,4,No,AB+,25.2
P100510,2025-05-18,11,Male,Chennai,Orthopedics,Dr. C,Diabetes,Medium,Outpatient,Yes,153,3,16676.27,7633.10,7706.97,3024.78,27793.79,Cash,Recovered,No,3,No,A+,20.1
P100511,2025-11-10,24,Male,Vellore,General Medicine,Dr. H,Fever,High,Outpatient,No,75,12,31355.60,8414.61,7506.18,29333.16,52259.33,Cash,Referred,No,5,No,O+,32.0
P100512,2025-04-26,85,Male,Vellore,General Medicine,Dr. B,Diabetes,Medium,Outpatient,Yes,108,3,11656.77,1796.78,3985.21,6618.84,19427.95,UPI,Recovered,No,5,Yes,O+,25.9
P100513,2025-09-25,11,Female,Vellore,Cardiology,Dr. A,Migraine,High,Outpatient,Yes,39,6,11270.95,2239.31,6391.23,9314.40,18784.91,Cash,Recovered,No,2,No,AB+,35.3
P100514,2025-04-22,38,Male,Coimbatore,Neurology,Dr. E,Fracture,Medium,Outpatient,No,6,2,9764.27,749.10,7944.84,3855.64,16273.79,UPI,Referred,No,1,Yes,B+,26.4
P100515,2025-10-20,6,Male,Salem,Neurology,Dr. C,Diabetes,Low,Inpatient,Yes,82,0,9873.16,4519.21,5226.03,0.00,16455.27,UPI,Recovered,No,4,Yes,O+,21.6
P100516,2025-03-20,23,Male,Salem,Oncology,Dr. A,Asthma,Low,Outpatient,Yes,78,0,10525.39,10504.03,3701.71,0.00,17542.32,Card,Recovered,Yes,1,Yes,A+,16.7
P100517,2025-05-31,37,Male,Madurai,Cardiology,Dr. D,Hypertension,Medium,Emergency,Yes,90,3,6614.83,2233.05,1995.82,2683.77,11024.71,UPI,Referred,Yes,5,Yes,A-,28.2
P100518,2025-04-26,57,Male,Coimbatore,Pediatrics,Dr. C,Diabetes,Low,Emergency,No,20,0,12750.80,9658.17,5863.91,0.00,21251.34,Insurance,Under Treatment,No,4,No,AB+,35.0
P100519,2025-03-06,85,Male,Salem,Pediatrics,Dr. C,Fracture,Low,Emergency,Yes,63,2,16455.53,10804.70,4380.30,3484.58,27425.88,Insurance,Referred,Yes,1,No,O-,18.3
P100520,2025-10-04,10,Female,Vellore,Orthopedics,Dr. E,Fracture,Low,Emergency,No,99,2,9414.23,578.75,3283.39,4558.78,15690.39,Cash,Under Treatment,No,1,Yes,O-,32.6
P100521,2025-10-23,4,Male,Chennai,ENT,Dr. D,Fracture,Medium,Inpatient,No,101,2,12355.03,5748.59,5674.14,5077.42,20591.71,UPI,Referred,Yes,4,Yes,O-,31.8
P100522,2025-07-30,9,Male,Salem,ENT,Dr. C,Hypertension,High,Outpatient,Yes,55,8,7711.08,1733.18,948.78,7410.24,12851.80,Card,Under Treatment,No,5,No,A-,36.6
P100523,2025-11-24,54,Female,Salem,ENT,Dr. G,Asthma,Low,Outpatient,No,10,0,7628.89,2474.77,6476.43,0.00,12714.82,UPI,Referred,Yes,3,Yes,O+,25.0
P100524,2025-01-20,38,Female,Vellore,Pediatrics,Dr. G,Diabetes,High,Emergency,No,48,12,28052.64,8632.14,4743.84,32311.32,46754.40,Cash,Recovered,No,4,No,A+,32.0
P100525,2025-08-18,86,Female,Vellore,Pediatrics,Dr. G,Asthma,High,Emergency,Yes,9,12,18580.28,444.60,5192.25,19647.36,30967.13,Insurance,Under Treatment,No,5,Yes,A+,18.8
P100526,2025-09-14,62,Male,Salem,Orthopedics,Dr. C,Fracture,High,Emergency,Yes,78,5,17373.29,11902.02,6426.13,7821.65,28955.48,UPI,Under Treatment,No,2,No,AB+,25.6
P100527,2025-08-23,13,Male,Trichy,Pediatrics,Dr. C,Diabetes,Low,Emergency,No,149,0,7026.83,623.34,1238.70,0.00,11711.39,UPI,Recovered,No,5,No,A+,22.1
P100528,2025-12-29,28,Male,Chennai,ENT,Dr. H,Fever,Medium,Outpatient,Yes,167,3,9231.30,5946.61,5016.21,3800.55,15385.50,UPI,Referred,Yes,2,No,AB+,21.5
P100529,2025-04-28,3,Male,Chennai,ENT,Dr. A,Cancer,Medium,Outpatient,No,176,4,13987.25,9901.60,2572.95,10136.84,23312.08,Cash,Under Treatment,No,5,Yes,AB+,36.0
P100530,2025-03-23,73,Male,Coimbatore,Neurology,Dr. D,Fracture,Low,Inpatient,No,68,1,9980.92,10070.48,1725.97,2671.47,16634.86,Card,Referred,Yes,5,No,A+,37.6
P100531,2025-09-26,49,Male,Coimbatore,ENT,Dr. B,Fracture,Low,Outpatient,No,138,2,10945.70,3482.18,6386.62,4635.72,18242.83,Insurance,Referred,No,2,Yes,A+,29.4
P100532,2025-03-20,75,Male,Madurai,Oncology,Dr. F,Hypertension,High,Emergency,Yes,58,9,5917.75,1995.13,728.94,6564.96,9862.91,Cash,Recovered,No,4,Yes,O-,29.9
P100533,2025-12-21,77,Female,Trichy,Pediatrics,Dr. B,Hypertension,Low,Emergency,Yes,165,0,9854.46,6160.74,6195.28,0.00,16424.10,Insurance,Recovered,Yes,5,No,A-,25.1
P100534,2025-07-18,43,Female,Trichy,Pediatrics,Dr. B,Asthma,Medium,Inpatient,Yes,120,3,18444.03,10028.36,6680.02,5188.77,30740.05,Cash,Referred,No,5,No,A-,21.2
P100535,2025-01-18,14,Female,Chennai,Cardiology,Dr. F,Cancer,Low,Emergency,Yes,52,2,11590.37,11384.54,233.29,4961.02,19317.29,UPI,Under Treatment,No,2,No,AB+,32.0
P100536,2025-02-27,38,Female,Trichy,Cardiology,Dr. C,Diabetes,High,Outpatient,No,20,10,15291.20,4990.63,4332.79,15479.60,25485.33,UPI,Under Treatment,Yes,5,Yes,AB+,17.9
P100537,2025-10-27,54,Female,Trichy,General Medicine,Dr. D,Diabetes,Low,Outpatient,No,70,1,5172.63,2018.90,2853.87,1838.01,8621.05,Cash,Under Treatment,Yes,2,No,AB+,36.8
P100538,2025-05-30,80,Male,Vellore,Orthopedics,Dr. A,Migraine,Medium,Inpatient,Yes,171,2,8172.23,3899.43,322.19,4686.70,13620.38,UPI,Referred,No,1,No,O+,19.7
P100539,2025-12-06,16,Female,Trichy,Neurology,Dr. A,Diabetes,Low,Outpatient,Yes,118,0,3834.75,1432.50,1312.79,0.00,6391.25,Insurance,Referred,Yes,2,No,A-,31.7
P100540,2025-10-31,4,Female,Salem,General Medicine,Dr. F,Asthma,High,Outpatient,No,162,10,15124.13,8789.45,1495.85,13835.20,25206.89,Cash,Under Treatment,Yes,2,No,A-,24.6
P100541,2025-10-24,8,Female,Vellore,Pediatrics,Dr. E,Fever,Low,Inpatient,No,151,0,10898.06,5890.09,4734.33,0.00,18163.43,UPI,Under Treatment,No,5,Yes,A-,34.4
P100542,2025-07-07,43,Male,Vellore,Cardiology,Dr. G,Diabetes,Low,Inpatient,No,123,1,10796.18,8202.59,6035.28,878.16,17993.63,Card,Referred,No,3,No,A+,34.7
P100543,2025-07-31,18,Male,Chennai,Cardiology,Dr. B,Asthma,High,Outpatient,Yes,25,5,17263.49,9475.83,3240.40,10202.50,28772.49,Cash,Referred,Yes,4,Yes,A-,27.0
P100544,2025-02-02,69,Male,Trichy,Pediatrics,Dr. B,Hypertension,High,Outpatient,Yes,71,9,25787.81,6328.91,7930.45,20353.05,42979.68,Cash,Under Treatment,Yes,4,Yes,AB+,27.5
P100545,2025-09-09,1,Male,Madurai,Pediatrics,Dr. E,Fracture,High,Inpatient,Yes,133,8,17792.77,3756.73,3549.94,18384.40,29654.62,UPI,Recovered,Yes,5,No,A-,28.1
P100546,2025-06-03,78,Male,Madurai,General Medicine,Dr. E,Asthma,High,Outpatient,Yes,133,5,6606.11,3686.63,2145.37,3923.90,11010.18,Insurance,Recovered,Yes,4,Yes,B+,33.9
P100547,2025-11-05,13,Female,Chennai,Cardiology,Dr. C,Fracture,Medium,Inpatient,No,100,5,13672.79,5056.55,1132.13,12541.40,22787.99,Insurance,Referred,No,1,Yes,A+,34.2
P100548,2025-09-11,37,Male,Trichy,ENT,Dr. D,Fever,Medium,Inpatient,Yes,28,4,17469.97,7716.85,7859.49,11567.88,29116.61,UPI,Referred,No,2,Yes,O+,26.0
P100549,2025-11-18,51,Male,Coimbatore,Neurology,Dr. G,Migraine,High,Emergency,Yes,31,10,24527.26,3722.59,6835.42,25989.50,40878.77,Insurance,Referred,No,1,No,O-,36.9
P100550,2025-01-29,35,Male,Vellore,Oncology,Dr. C,Fracture,High,Inpatient,No,143,9,23415.64,5516.01,3205.88,24135.93,39026.06,Insurance,Recovered,No,5,Yes,AB+,17.5
P100551,2025-01-22,8,Male,Coimbatore,Neurology,Dr. C,Fever,Medium,Inpatient,Yes,150,3,10832.56,5572.15,2518.37,8115.48,18054.27,UPI,Under Treatment,Yes,5,Yes,B+,29.5
P100552,2025-12-05,17,Female,Salem,General Medicine,Dr. E,Migraine,Medium,Inpatient,Yes,79,4,12038.91,7522.44,5390.60,5916.52,20064.85,Insurance,Referred,No,2,Yes,O+,17.7
P100553,2025-01-20,59,Female,Madurai,Orthopedics,Dr. C,Cancer,High,Inpatient,Yes,14,7,10403.23,4267.25,2932.69,4798.43,17338.71,Cash,Referred,Yes,4,No,AB+,23.7
P100554,2025-09-23,20,Male,Trichy,Pediatrics,Dr. A,Diabetes,Low,Outpatient,No,76,0,8385.70,5034.03,1784.70,0.00,13976.16,Insurance,Under Treatment,No,3,Yes,A-,33.3
P100555,2025-05-29,20,Female,Madurai,General Medicine,Dr. A,Diabetes,Medium,Emergency,Yes,122,3,14820.93,4960.26,6628.70,6845.79,24701.55,UPI,Referred,No,3,Yes,AB+,29.8
P100556,2025-05-21,69,Female,Salem,Oncology,Dr. B,Cancer,Low,Inpatient,Yes,162,2,13818.58,8559.51,5687.41,3026.00,23030.97,Card,Under Treatment,No,2,Yes,A-,27.8
P100557,2025-08-14,69,Female,Coimbatore,Orthopedics,Dr. F,Migraine,Low,Outpatient,No,176,0,5907.08,1118.21,3448.59,0.00,9845.14,UPI,Under Treatment,No,2,No,O+,33.8
P100558,2025-04-13,36,Male,Chennai,Neurology,Dr. D,Hypertension,Medium,Emergency,No,46,2,10052.17,5504.04,1115.76,2605.92,16753.61,UPI,Under Treatment,Yes,3,No,O+,29.4
P100559,2025-04-12,57,Male,Trichy,Cardiology,Dr. H,Cancer,Low,Outpatient,No,74,1,9540.89,5926.01,3594.74,2565.31,15901.49,Insurance,Recovered,No,4,Yes,O+,29.0
P100560,2025-08-24,53,Male,Trichy,Neurology,Dr. H,Fever,Medium,Outpatient,Yes,67,2,7882.49,5753.49,2227.92,3734.80,13137.49,Card,Recovered,Yes,5,Yes,AB+,18.3
P100561,2025-07-17,40,Female,Salem,Oncology,Dr. D,Asthma,High,Emergency,No,127,12,26665.25,11105.54,2441.77,29033.04,44442.08,Cash,Recovered,No,2,Yes,A+,24.1
P100562,2025-11-11,80,Male,Trichy,Orthopedics,Dr. A,Fever,High,Emergency,No,175,9,24269.68,5811.90,3899.16,21094.02,40449.47,Card,Recovered,No,4,No,AB+,27.9
P100563,2025-03-22,59,Female,Chennai,Orthopedics,Dr. E,Migraine,Low,Inpatient,Yes,125,2,18254.71,11337.19,6482.61,4240.24,30424.52,Cash,Referred,No,1,No,A-,21.7
P100564,2025-03-03,51,Female,Trichy,Neurology,Dr. C,Asthma,High,Outpatient,Yes,65,7,12575.32,4511.01,5693.74,5523.77,20958.86,Cash,Recovered,No,4,No,B+,29.8
P100565,2025-12-14,21,Female,Madurai,Cardiology,Dr. C,Fracture,High,Outpatient,Yes,57,9,16902.32,2740.88,3775.56,20325.60,28170.54,UPI,Under Treatment,No,4,No,AB+,34.5
P100566,2025-04-10,42,Male,Trichy,Pediatrics,Dr. H,Fever,Low,Emergency,Yes,163,2,10125.30,7978.25,373.58,5201.64,16875.50,Insurance,Under Treatment,No,2,Yes,AB+,17.8
P100567,2025-01-23,10,Female,Trichy,General Medicine,Dr. F,Hypertension,High,Emergency,No,67,6,17210.86,7104.41,1798.03,14246.64,28684.77,UPI,Recovered,Yes,3,Yes,O+,35.5
P100568,2025-03-27,4,Female,Madurai,Pediatrics,Dr. F,Fracture,High,Outpatient,No,31,11,17956.25,11338.68,2694.47,14741.43,29927.09,Insurance,Recovered,Yes,2,No,A-,23.3
P100569,2025-03-14,71,Male,Trichy,Pediatrics,Dr. A,Hypertension,Low,Inpatient,Yes,87,0,6949.43,1819.66,3896.82,0.00,11582.38,Insurance,Referred,Yes,2,Yes,B+,21.0
P100570,2025-07-11,2,Female,Madurai,Neurology,Dr. E,Fracture,Low,Inpatient,No,122,1,10429.09,5492.69,776.89,1357.03,17381.81,UPI,Recovered,Yes,3,No,O+,21.3
P100571,2025-11-09,11,Male,Chennai,Cardiology,Dr. G,Fracture,High,Outpatient,Yes,14,12,21433.46,10310.29,7171.36,15922.32,35722.44,UPI,Referred,No,1,No,A+,32.1
P100572,2025-04-18,41,Female,Salem,Neurology,Dr. A,Migraine,High,Emergency,Yes,68,6,13594.82,7538.30,2123.87,7267.32,22658.04,Cash,Recovered,No,5,Yes,O-,27.1
P100573,2025-01-20,33,Male,Chennai,ENT,Dr. F,Asthma,Low,Emergency,Yes,176,0,8145.05,2585.37,2749.86,0.00,13575.08,Insurance,Recovered,No,1,Yes,O-,24.4
P100574,2025-01-03,15,Male,Coimbatore,Neurology,Dr. B,Asthma,Low,Inpatient,No,91,0,4224.29,2202.47,2973.11,0.00,7040.49,Card,Under Treatment,Yes,3,No,B+,20.1
P100575,2025-06-24,25,Male,Coimbatore,General Medicine,Dr. H,Migraine,Low,Outpatient,No,42,2,5446.67,1640.40,1813.73,1779.86,9077.78,UPI,Referred,Yes,2,No,B+,34.5
P100576,2025-05-12,27,Male,Coimbatore,Oncology,Dr. G,Asthma,Medium,Outpatient,Yes,38,2,15333.78,11380.52,6963.04,5283.08,25556.30,Cash,Recovered,No,5,No,O+,31.6
P100577,2025-07-15,60,Male,Chennai,Oncology,Dr. D,Fracture,Low,Inpatient,Yes,180,1,13131.78,4105.63,7287.05,1146.67,21886.30,UPI,Under Treatment,No,2,No,A-,31.0
P100578,2025-11-19,11,Male,Vellore,ENT,Dr. A,Cancer,Medium,Inpatient,No,134,2,12937.29,6615.86,2668.03,4455.12,21562.15,Cash,Recovered,Yes,2,Yes,O+,23.6
P100579,2025-05-25,8,Female,Chennai,Neurology,Dr. E,Fracture,Medium,Outpatient,No,50,2,14252.74,11391.45,5955.25,3053.06,23754.56,Card,Recovered,No,1,No,A-,35.2
P100580,2025-01-30,70,Male,Salem,Pediatrics,Dr. B,Hypertension,High,Emergency,No,69,9,24359.06,9650.41,7382.80,17675.19,40598.43,Insurance,Referred,No,3,No,AB+,34.3
P100581,2025-06-22,90,Male,Trichy,Orthopedics,Dr. D,Fracture,High,Inpatient,Yes,142,10,12106.97,5099.80,1047.05,12733.90,20178.28,Card,Under Treatment,Yes,4,Yes,B+,30.0
P100582,2025-01-22,3,Female,Madurai,Oncology,Dr. E,Diabetes,High,Emergency,Yes,45,5,14571.42,2154.82,2202.10,10576.15,24285.70,Cash,Recovered,No,5,Yes,O-,25.4
P100583,2025-06-02,3,Male,Chennai,Neurology,Dr. A,Asthma,Medium,Outpatient,Yes,13,2,9224.37,7686.95,1870.10,3046.06,15373.95,Insurance,Referred,Yes,4,Yes,A+,27.3
P100584,2025-05-11,9,Female,Trichy,Neurology,Dr. E,Asthma,Low,Outpatient,Yes,19,1,13132.08,11958.05,6541.78,512.69,21886.80,Card,Referred,No,4,No,O-,33.6
P100585,2025-08-29,19,Female,Madurai,General Medicine,Dr. C,Cancer,Medium,Emergency,Yes,108,2,8503.27,838.44,1590.87,2834.98,14172.11,Insurance,Under Treatment,No,5,Yes,B+,21.5
P100586,2025-06-14,47,Male,Coimbatore,Pediatrics,Dr. A,Fever,Medium,Outpatient,No,15,4,9962.21,1865.09,4542.97,9253.64,16603.68,Card,Referred,Yes,4,No,O+,30.9
P100587,2025-07-19,10,Female,Trichy,Neurology,Dr. B,Cancer,Medium,Emergency,Yes,53,2,13038.80,4385.72,6463.31,4613.70,21731.34,Card,Under Treatment,Yes,2,Yes,A+,21.2
P100588,2025-09-11,1,Male,Madurai,ENT,Dr. F,Fracture,Medium,Outpatient,No,54,2,11419.73,11057.56,1585.79,4973.08,19032.88,Card,Recovered,Yes,5,Yes,A-,29.3
P100589,2025-08-20,83,Male,Vellore,ENT,Dr. B,Hypertension,High,Inpatient,Yes,76,5,22861.21,10797.46,6379.07,14283.65,38102.01,Cash,Referred,No,1,No,O-,37.3
P100590,2025-11-01,10,Male,Madurai,ENT,Dr. A,Fever,Low,Outpatient,Yes,95,2,9241.17,7273.99,4175.05,2511.36,15401.95,Cash,Referred,No,5,No,O+,19.7
P100591,2025-11-07,65,Male,Chennai,Orthopedics,Dr. A,Cancer,Medium,Outpatient,No,93,3,10355.12,7012.29,726.67,5355.90,17258.53,Insurance,Referred,Yes,1,No,AB+,17.1
P100592,2025-12-27,10,Male,Trichy,Orthopedics,Dr. H,Migraine,Low,Emergency,No,22,2,9468.74,7939.75,1956.86,4383.28,15781.24,UPI,Recovered,No,3,No,O-,36.9
P100593,2025-08-13,23,Female,Madurai,General Medicine,Dr. C,Asthma,Medium,Emergency,Yes,54,3,12152.24,10457.50,1762.81,3018.84,20253.74,Insurance,Recovered,No,1,Yes,B+,16.5
P100594,2025-10-29,59,Male,Salem,General Medicine,Dr. D,Migraine,Low,Outpatient,Yes,46,2,10898.54,7780.67,6267.40,1672.82,18164.24,Cash,Recovered,Yes,5,No,AB+,32.7
P100595,2025-08-31,79,Female,Coimbatore,ENT,Dr. D,Asthma,Medium,Emergency,No,180,3,13451.05,6752.83,7323.16,2213.46,22418.41,Insurance,Recovered,No,4,No,O-,16.6
P100596,2025-01-04,2,Male,Salem,Neurology,Dr. F,Hypertension,High,Inpatient,Yes,69,11,20706.82,1024.46,3315.49,26110.59,34511.36,Card,Referred,No,2,Yes,AB+,23.7
P100597,2025-10-05,66,Female,Chennai,Oncology,Dr. F,Migraine,Medium,Emergency,Yes,71,4,19740.44,10059.86,4872.66,10989.28,32900.74,Cash,Recovered,No,4,Yes,O-,35.5
P100598,2025-12-27,21,Male,Chennai,General Medicine,Dr. F,Hypertension,High,Emergency,No,166,8,15897.82,11485.57,1084.26,5732.24,26496.37,UPI,Recovered,No,1,Yes,O+,35.3
P100599,2025-08-07,29,Female,Trichy,General Medicine,Dr. B,Asthma,Medium,Inpatient,Yes,141,5,15734.48,9430.51,3822.37,5503.25,26224.14,UPI,Referred,No,3,Yes,B+,33.5
P100600,2025-07-26,71,Female,Salem,Cardiology,Dr. E,Cancer,Low,Outpatient,Yes,156,0,11033.54,10444.29,749.55,0.00,18389.23,Insurance,Under Treatment,No,2,No,AB+,34.8
P100601,2025-06-17,25,Male,Coimbatore,Oncology,Dr. A,Asthma,Low,Outpatient,Yes,120,2,18741.75,11684.07,7611.41,3018.66,31236.25,Cash,Referred,No,2,No,A+,20.6
P100602,2025-07-02,63,Female,Madurai,Neurology,Dr. E,Fever,Medium,Outpatient,No,91,3,10694.41,11074.75,2856.38,1944.57,17824.02,Insurance,Under Treatment,Yes,1,Yes,B+,17.1
P100603,2025-06-29,39,Male,Salem,General Medicine,Dr. C,Asthma,High,Inpatient,No,128,9,5645.36,410.97,1846.55,4774.14,9408.94,Card,Recovered,Yes,3,No,O-,36.8
P100604,2025-09-22,57,Female,Salem,Cardiology,Dr. H,Diabetes,High,Emergency,Yes,43,8,8996.86,4487.04,1009.09,8633.20,14994.77,Insurance,Referred,Yes,4,No,B+,20.8
P100605,2025-09-23,60,Female,Chennai,Pediatrics,Dr. D,Asthma,Medium,Inpatient,No,37,4,8907.08,3152.07,1654.37,5122.16,14845.14,UPI,Under Treatment,Yes,3,No,A-,33.9
P100606,2025-02-17,19,Male,Vellore,Orthopedics,Dr. H,Fracture,Low,Emergency,No,141,0,7047.74,3514.29,2817.29,0.00,11746.23,Cash,Referred,Yes,3,Yes,A-,34.1
P100607,2025-12-28,13,Female,Trichy,General Medicine,Dr. B,Fracture,Low,Inpatient,No,107,2,14068.64,11923.60,1446.79,4402.62,23447.74,UPI,Under Treatment,Yes,1,Yes,A+,30.6
P100608,2025-10-18,54,Female,Trichy,Cardiology,Dr. C,Hypertension,Medium,Outpatient,No,163,5,11438.51,9655.96,3039.81,4887.40,19064.18,Cash,Under Treatment,Yes,1,Yes,O+,32.0
P100609,2025-05-15,24,Male,Madurai,ENT,Dr. B,Migraine,Medium,Outpatient,No,87,4,21601.48,9046.82,6617.33,11651.08,36002.47,Card,Under Treatment,Yes,3,No,O-,31.0
P100610,2025-08-25,11,Male,Coimbatore,General Medicine,Dr. F,Hypertension,Medium,Inpatient,Yes,6,4,21518.51,11872.76,6372.20,9178.80,35864.18,Cash,Recovered,Yes,2,No,B+,21.7
P100611,2025-09-01,18,Female,Trichy,General Medicine,Dr. F,Asthma,Low,Outpatient,No,60,1,10506.45,6101.14,2392.96,2108.87,17510.75,UPI,Under Treatment,Yes,1,Yes,O+,17.3
P100612,2025-11-11,33,Male,Salem,Neurology,Dr. H,Fever,Medium,Inpatient,Yes,157,5,13358.97,8151.50,2389.11,7747.85,22264.95,Card,Under Treatment,Yes,4,No,AB+,25.0
P100613,2025-01-22,53,Male,Trichy,Pediatrics,Dr. B,Asthma,High,Emergency,No,107,10,17182.40,3727.62,994.72,22225.30,28637.33,UPI,Recovered,Yes,3,Yes,A+,20.3
P100614,2025-07-01,72,Male,Vellore,Orthopedics,Dr. G,Diabetes,Medium,Emergency,No,122,4,10472.44,5657.74,3143.65,2158.60,17454.07,Card,Under Treatment,No,5,Yes,AB+,35.7
P100615,2025-08-17,65,Male,Vellore,Cardiology,Dr. A,Fever,High,Emergency,No,116,5,18088.63,7370.39,7427.04,9261.80,30147.72,Cash,Recovered,No,5,No,A-,27.2
P100616,2025-10-17,16,Male,Trichy,Oncology,Dr. F,Fracture,Medium,Inpatient,No,158,4,13871.84,6977.07,6039.35,9407.68,23119.74,Insurance,Recovered,Yes,4,Yes,B+,26.7
P100617,2025-04-02,56,Female,Coimbatore,General Medicine,Dr. H,Cancer,Medium,Outpatient,No,82,2,13544.65,10284.89,4852.11,4018.90,22574.42,Card,Recovered,Yes,1,Yes,A-,23.3
P100618,2025-03-11,47,Male,Madurai,Cardiology,Dr. A,Fever,Medium,Outpatient,Yes,170,2,17942.59,8287.62,7341.82,4952.46,29904.31,Card,Referred,No,2,No,A+,16.2
P100619,2025-08-20,78,Male,Vellore,Cardiology,Dr. A,Fracture,Medium,Emergency,No,45,3,13080.56,3928.12,6705.31,3064.38,21800.93,Cash,Under Treatment,Yes,2,No,B+,33.3
P100620,2025-08-11,27,Female,Trichy,General Medicine,Dr. A,Cancer,Low,Emergency,Yes,133,2,10804.81,2523.53,3451.04,4691.36,18008.01,Card,Recovered,Yes,2,Yes,A+,21.4
P100621,2025-09-28,77,Male,Vellore,Pediatrics,Dr. B,Fracture,High,Emergency,No,56,10,24537.91,6015.80,5774.71,24468.30,40896.51,Card,Referred,Yes,2,No,O+,22.5
P100622,2025-02-02,80,Female,Trichy,Orthopedics,Dr. G,Hypertension,High,Inpatient,Yes,139,5,13029.56,848.62,6795.82,9706.10,21715.93,Cash,Referred,Yes,1,Yes,O+,29.5
P100623,2025-03-01,10,Male,Chennai,Cardiology,Dr. D,Asthma,Medium,Emergency,Yes,81,5,8538.66,411.41,2043.94,10889.75,14231.10,UPI,Under Treatment,No,1,Yes,B+,16.3
P100624,2025-08-08,51,Male,Madurai,Neurology,Dr. F,Migraine,Medium,Emergency,Yes,152,2,9576.46,767.79,7846.49,2538.42,15960.76,UPI,Under Treatment,Yes,3,No,B+,26.1
P100625,2025-11-11,23,Male,Vellore,ENT,Dr. E,Fever,Low,Inpatient,No,118,1,12677.78,5045.31,5098.29,2617.22,21129.63,Card,Under Treatment,Yes,4,Yes,A-,22.3
P100626,2025-06-02,81,Female,Coimbatore,ENT,Dr. F,Asthma,High,Emergency,Yes,133,8,11169.38,3689.64,897.10,9814.16,18615.64,Card,Under Treatment,Yes,5,Yes,A+,27.0
P100627,2025-09-25,61,Male,Madurai,Oncology,Dr. A,Diabetes,Medium,Emergency,Yes,157,4,10025.39,2928.93,1510.41,10355.80,16708.98,Cash,Referred,Yes,3,Yes,A+,29.8
P100628,2025-04-27,34,Male,Chennai,Oncology,Dr. H,Cancer,Low,Emergency,No,72,2,13302.81,2236.11,7811.37,4609.48,22171.35,Cash,Under Treatment,No,3,Yes,AB+,31.7
P100629,2025-04-01,1,Female,Madurai,Neurology,Dr. E,Cancer,Low,Emergency,Yes,62,0,13261.66,10991.73,7770.53,0.00,22102.76,UPI,Referred,Yes,4,Yes,A-,35.0
P100630,2025-07-17,46,Female,Salem,ENT,Dr. B,Cancer,Medium,Inpatient,No,178,4,9990.73,2039.74,3263.85,10150.52,16651.21,Card,Under Treatment,Yes,1,No,O+,29.3
P100631,2025-12-12,44,Female,Coimbatore,Neurology,Dr. G,Hypertension,Low,Emergency,Yes,53,0,12766.55,10358.80,3219.57,0.00,21277.58,UPI,Under Treatment,No,2,No,O+,21.4
P100632,2025-01-25,21,Female,Vellore,Pediatrics,Dr. H,Diabetes,High,Outpatient,Yes,74,6,13103.17,11414.16,1300.52,3009.30,21838.62,Card,Under Treatment,Yes,1,Yes,A-,28.1
P100633,2025-03-08,77,Male,Trichy,Pediatrics,Dr. G,Fever,High,Inpatient,Yes,24,11,24950.22,11279.78,3738.67,25024.45,41583.70,Card,Under Treatment,No,3,No,A+,16.9
P100634,2025-08-30,34,Female,Madurai,ENT,Dr. A,Hypertension,High,Emergency,No,9,7,21261.12,1119.84,5933.92,18580.87,35435.20,UPI,Under Treatment,No,1,Yes,O-,18.4
P100635,2025-09-09,88,Female,Madurai,Orthopedics,Dr. C,Diabetes,High,Inpatient,Yes,23,11,24296.01,6080.20,321.84,25945.26,40493.35,Cash,Referred,No,5,No,B+,29.9
P100636,2025-07-29,89,Male,Vellore,Neurology,Dr. H,Cancer,Medium,Outpatient,No,96,4,15467.89,2833.67,5754.97,11979.40,25779.81,Cash,Referred,No,2,Yes,O+,31.3
P100637,2025-02-24,3,Male,Coimbatore,General Medicine,Dr. H,Hypertension,Low,Emergency,No,77,1,9032.09,4481.29,4283.51,2993.52,15053.48,UPI,Referred,No,1,No,AB+,23.7
P100638,2025-12-01,77,Male,Coimbatore,Cardiology,Dr. D,Fracture,High,Outpatient,Yes,141,7,14347.24,3385.12,419.68,10913.70,23912.06,Cash,Referred,Yes,5,Yes,O+,23.9
P100639,2025-11-30,56,Male,Trichy,Oncology,Dr. C,Diabetes,High,Emergency,Yes,76,7,10911.70,6387.20,269.19,7462.14,18186.17,Cash,Under Treatment,Yes,3,No,B+,25.8
P100640,2025-03-30,62,Male,Coimbatore,Neurology,Dr. C,Fever,High,Inpatient,No,7,5,20577.80,9931.66,6480.03,14961.95,34296.34,Card,Referred,Yes,5,No,A-,35.3
P100641,2025-11-19,7,Female,Madurai,Orthopedics,Dr. C,Cancer,Low,Outpatient,Yes,146,2,11986.90,7877.04,1140.78,3576.34,19978.16,Card,Recovered,No,2,No,A-,29.7
P100642,2025-01-18,86,Male,Trichy,Neurology,Dr. D,Hypertension,Medium,Emergency,Yes,57,4,8139.97,6345.33,1164.20,4527.44,13566.62,Cash,Recovered,No,1,No,AB+,31.2
P100643,2025-03-23,7,Male,Madurai,ENT,Dr. D,Diabetes,Medium,Outpatient,Yes,18,3,12723.15,3573.28,5725.14,6134.67,21205.25,Insurance,Under Treatment,No,4,Yes,A+,26.2
P100644,2025-08-06,81,Male,Madurai,General Medicine,Dr. E,Fever,Low,Inpatient,No,118,2,11811.09,5686.41,7620.03,5220.42,19685.15,Cash,Recovered,Yes,1,Yes,AB+,22.7
P100645,2025-01-21,7,Female,Chennai,ENT,Dr. A,Asthma,Low,Outpatient,No,153,2,9204.59,9586.74,734.08,1338.62,15340.98,Insurance,Under Treatment,No,3,Yes,O-,20.7
P100646,2025-10-26,68,Male,Salem,Cardiology,Dr. G,Fracture,Medium,Emergency,Yes,9,4,11607.48,8431.26,2269.32,6905.40,19345.80,UPI,Recovered,No,2,Yes,A+,19.1
P100647,2025-01-16,8,Male,Salem,Pediatrics,Dr. D,Migraine,Low,Inpatient,Yes,39,0,14646.35,7153.85,7640.64,0.00,24410.59,Cash,Referred,Yes,5,No,B+,31.1
P100648,2025-02-24,64,Female,Salem,Neurology,Dr. G,Fracture,High,Outpatient,No,51,5,19959.73,10429.97,2682.74,11400.10,33266.22,Cash,Referred,No,5,No,AB+,26.8
P100649,2025-04-13,70,Male,Madurai,Cardiology,Dr. F,Asthma,High,Inpatient,No,77,7,15452.15,5768.15,496.35,16340.10,25753.59,Insurance,Recovered,Yes,3,No,A+,32.6
P100650,2025-05-10,19,Female,Madurai,General Medicine,Dr. H,Cancer,High,Emergency,Yes,35,8,18515.47,5909.59,6674.67,15869.20,30859.11,Insurance,Referred,No,4,Yes,B+,19.1
P100651,2025-06-12,32,Male,Vellore,Orthopedics,Dr. E,Migraine,Low,Outpatient,Yes,9,0,13086.10,6191.35,6492.48,0.00,21810.17,Insurance,Recovered,No,3,No,A+,20.5
P100652,2025-09-25,1,Female,Coimbatore,Cardiology,Dr. B,Asthma,Low,Emergency,No,179,0,12780.06,3442.98,7954.43,0.00,21300.10,Card,Recovered,Yes,4,No,O+,26.0
P100653,2025-01-13,75,Male,Salem,Orthopedics,Dr. G,Migraine,High,Emergency,Yes,45,5,13610.92,8352.79,1165.31,12340.20,22684.87,UPI,Recovered,No,1,Yes,O+,23.1
P100654,2025-04-15,52,Male,Madurai,ENT,Dr. G,Diabetes,Medium,Outpatient,Yes,13,4,18180.94,9507.33,1108.67,11338.52,30301.57,UPI,Referred,No,4,Yes,B+,22.2
P100655,2025-05-10,14,Male,Coimbatore,General Medicine,Dr. A,Fracture,Low,Inpatient,No,155,2,10725.61,10139.97,1376.38,4184.20,17876.01,UPI,Recovered,No,5,No,A+,20.5
P100656,2025-06-14,13,Female,Coimbatore,General Medicine,Dr. G,Asthma,Low,Outpatient,Yes,103,1,16986.60,9384.91,6822.08,2589.62,28311.00,Insurance,Referred,No,1,No,AB+,19.7
P100657,2025-03-20,54,Male,Vellore,Orthopedics,Dr. A,Fever,Low,Emergency,Yes,65,1,8886.44,7420.98,449.57,1175.05,14810.73,Insurance,Recovered,No,5,Yes,A-,34.3
P100658,2025-05-12,46,Male,Trichy,Neurology,Dr. B,Fracture,Medium,Emergency,Yes,35,5,12842.09,4365.35,3171.63,10885.05,21403.49,UPI,Referred,No,5,No,AB+,37.7
P100659,2025-06-21,53,Male,Chennai,Orthopedics,Dr. G,Asthma,Medium,Emergency,Yes,12,5,21087.87,9393.30,5758.98,12037.25,35146.45,Insurance,Under Treatment,No,2,No,AB+,28.1
P100660,2025-10-25,50,Male,Madurai,Orthopedics,Dr. D,Diabetes,High,Inpatient,Yes,75,8,24461.05,11425.74,3873.94,21868.88,40768.42,Cash,Recovered,Yes,3,Yes,A+,26.7
P100661,2025-11-27,14,Male,Madurai,Oncology,Dr. F,Fever,High,Inpatient,No,131,6,19150.25,5903.93,5217.22,17011.02,31917.09,Card,Under Treatment,Yes,5,No,O+,37.3
P100662,2025-05-10,11,Female,Coimbatore,Oncology,Dr. E,Fever,High,Inpatient,No,172,11,28106.84,4088.41,5309.59,30250.11,46844.74,Card,Under Treatment,Yes,5,No,A+,37.4
P100663,2025-02-06,27,Male,Madurai,Oncology,Dr. E,Hypertension,Medium,Outpatient,Yes,136,2,9950.54,1463.62,6375.68,1890.54,16584.23,Card,Recovered,Yes,3,Yes,AB+,20.9
P100664,2025-07-31,7,Male,Salem,Pediatrics,Dr. B,Hypertension,High,Inpatient,Yes,18,7,22771.63,6074.06,6550.58,17498.74,37952.71,Card,Recovered,Yes,5,Yes,O+,18.4
P100665,2025-03-12,82,Male,Vellore,ENT,Dr. C,Fever,High,Inpatient,No,108,12,21365.30,7808.51,2126.70,24259.68,35608.84,UPI,Under Treatment,No,5,No,A+,26.2
P100666,2025-07-27,78,Male,Trichy,General Medicine,Dr. B,Fracture,Low,Emergency,Yes,28,1,6449.09,4368.20,680.06,1431.64,10748.49,Card,Recovered,No,1,No,O-,36.7
P100667,2025-04-26,87,Female,Chennai,ENT,Dr. E,Asthma,High,Inpatient,Yes,38,6,19285.52,4022.98,6823.30,14482.32,32142.53,UPI,Referred,No,2,Yes,AB+,32.0
P100668,2025-07-13,30,Male,Vellore,Pediatrics,Dr. C,Migraine,High,Emergency,No,111,12,23160.39,1669.60,3557.03,25248.96,38600.65,UPI,Recovered,No,2,Yes,AB+,19.3
P100669,2025-02-03,68,Male,Coimbatore,Pediatrics,Dr. G,Hypertension,High,Inpatient,Yes,46,6,20188.06,9644.15,7011.12,11511.84,33646.77,Card,Under Treatment,Yes,4,Yes,O-,19.7
P100670,2025-07-14,45,Male,Vellore,Pediatrics,Dr. A,Asthma,Low,Inpatient,Yes,164,2,14430.41,11052.80,5106.40,4756.26,24050.69,UPI,Recovered,No,1,Yes,AB+,16.6
P100671,2025-02-25,51,Female,Chennai,General Medicine,Dr. G,Hypertension,High,Emergency,No,74,7,12223.71,6718.84,2338.93,6370.77,20372.85,Card,Recovered,Yes,3,No,O-,36.4
P100672,2025-09-07,65,Male,Trichy,Cardiology,Dr. C,Cancer,Low,Outpatient,Yes,44,1,10370.06,1758.73,4692.95,2891.26,17283.44,Insurance,Referred,Yes,2,Yes,A-,20.7
P100673,2025-07-31,35,Female,Trichy,Pediatrics,Dr. H,Fracture,High,Emergency,No,86,7,18433.30,9088.73,5547.97,9856.70,30722.16,Insurance,Referred,Yes,4,Yes,A+,16.3
P100674,2025-10-10,53,Female,Chennai,Orthopedics,Dr. C,Fever,Low,Inpatient,Yes,65,1,15854.74,7989.51,6692.28,2369.69,26424.56,Insurance,Under Treatment,No,1,No,O-,36.1
P100675,2025-08-04,73,Female,Madurai,General Medicine,Dr. F,Migraine,High,Inpatient,Yes,24,9,13213.31,2584.88,2669.04,8884.98,22022.18,Insurance,Recovered,Yes,4,Yes,O-,23.6
P100676,2025-03-05,64,Male,Chennai,Oncology,Dr. H,Diabetes,High,Inpatient,No,174,11,11336.51,2575.48,2751.39,13040.17,18894.19,UPI,Under Treatment,Yes,5,No,A-,37.6
P100677,2025-12-20,11,Female,Chennai,Orthopedics,Dr. A,Fever,Low,Emergency,No,30,2,13343.59,10673.81,6000.85,1170.94,22239.32,Card,Recovered,No,1,No,O-,19.0
P100678,2025-02-04,87,Female,Salem,Cardiology,Dr. A,Diabetes,Low,Outpatient,Yes,86,0,14097.42,11136.09,3155.74,0.00,23495.70,UPI,Referred,No,1,No,B+,30.6
P100679,2025-01-16,82,Female,Coimbatore,ENT,Dr. D,Cancer,Medium,Emergency,No,90,4,19397.11,9360.37,4951.40,10605.00,32328.52,Card,Referred,Yes,5,No,AB+,27.3
P100680,2025-01-29,46,Male,Coimbatore,Orthopedics,Dr. F,Diabetes,Medium,Inpatient,Yes,111,3,13920.75,7340.77,3317.11,3704.34,23201.25,Cash,Referred,No,2,Yes,B+,20.3
P100681,2025-01-07,9,Female,Madurai,Oncology,Dr. C,Migraine,Medium,Outpatient,No,69,4,11869.39,6309.67,2939.27,2482.80,19782.32,Card,Under Treatment,No,1,Yes,A-,28.7
P100682,2025-09-10,18,Female,Trichy,Orthopedics,Dr. C,Asthma,High,Inpatient,No,57,7,13941.63,3436.20,6710.42,6896.89,23236.05,Insurance,Recovered,No,2,No,B+,17.5
P100683,2025-01-07,79,Male,Chennai,Oncology,Dr. F,Asthma,High,Inpatient,No,35,6,18155.69,10546.08,6852.91,7015.32,30259.49,Cash,Referred,Yes,3,Yes,A-,37.3
P100684,2025-04-14,52,Female,Trichy,Neurology,Dr. A,Asthma,Medium,Inpatient,Yes,80,4,9238.78,769.62,5153.81,7182.64,15397.96,Insurance,Under Treatment,No,4,Yes,O-,16.5
P100685,2025-09-01,55,Female,Trichy,Neurology,Dr. E,Migraine,Medium,Inpatient,Yes,118,5,18629.68,10850.33,4293.02,7682.40,31049.47,Cash,Referred,Yes,5,Yes,O-,17.9
P100686,2025-10-27,42,Male,Salem,Orthopedics,Dr. A,Migraine,Medium,Outpatient,No,82,4,10415.68,1998.07,5811.34,4624.20,17359.47,Card,Recovered,No,1,No,O+,26.2
P100687,2025-09-11,64,Male,Madurai,General Medicine,Dr. G,Fracture,High,Inpatient,No,72,8,7722.37,1388.22,369.91,5133.92,12870.62,Cash,Recovered,Yes,1,No,A-,19.7
P100688,2025-02-06,32,Female,Madurai,General Medicine,Dr. G,Migraine,High,Emergency,No,91,9,23402.87,11627.80,5789.62,17511.39,39004.79,Card,Under Treatment,Yes,3,Yes,AB+,35.2
P100689,2025-01-10,48,Male,Coimbatore,Orthopedics,Dr. A,Migraine,High,Outpatient,Yes,11,5,12125.09,5132.75,4598.01,3685.40,20208.49,Cash,Under Treatment,No,4,No,A-,37.2
P100690,2025-08-13,48,Female,Chennai,Pediatrics,Dr. F,Hypertension,High,Outpatient,Yes,93,7,17578.81,2486.46,3664.37,19199.74,29298.01,Card,Under Treatment,Yes,4,No,O+,21.4
P100691,2025-09-07,40,Female,Salem,Pediatrics,Dr. D,Hypertension,Medium,Emergency,Yes,43,2,7064.32,3817.23,2599.75,1979.14,11773.86,Cash,Referred,Yes,2,No,B+,18.4
P100692,2025-02-06,66,Female,Coimbatore,Neurology,Dr. C,Fever,Medium,Emergency,No,173,4,10418.98,8211.96,3082.55,2805.40,17364.96,Insurance,Recovered,No,3,Yes,O-,27.7
P100693,2025-06-01,89,Male,Vellore,Oncology,Dr. D,Cancer,Low,Emergency,No,40,1,7850.38,4907.02,1608.40,2933.15,13083.97,UPI,Recovered,No,3,Yes,AB+,35.0
P100694,2025-08-20,51,Female,Madurai,Orthopedics,Dr. D,Asthma,High,Inpatient,No,170,9,24731.39,8627.31,3416.52,20810.88,41218.99,Insurance,Under Treatment,Yes,1,Yes,A-,30.7
P100695,2025-02-14,26,Female,Trichy,Cardiology,Dr. C,Asthma,High,Outpatient,Yes,59,8,17226.13,2564.69,1604.70,22213.28,28710.21,UPI,Recovered,No,2,Yes,O+,18.9
P100696,2025-11-03,77,Male,Chennai,General Medicine,Dr. E,Hypertension,Medium,Outpatient,No,126,5,12836.30,7794.42,1906.16,9225.60,21393.83,UPI,Referred,No,5,No,O+,30.4
P100697,2025-04-08,29,Female,Chennai,Orthopedics,Dr. H,Fever,High,Outpatient,Yes,38,8,12913.24,2969.77,5350.76,11968.00,21522.06,Cash,Under Treatment,Yes,4,Yes,B+,32.9
P100698,2025-07-25,34,Male,Salem,Oncology,Dr. G,Cancer,Medium,Outpatient,Yes,138,3,13211.10,10730.83,4874.54,1545.39,22018.50,Insurance,Referred,No,1,No,A+,34.4
P100699,2025-12-16,44,Female,Coimbatore,Orthopedics,Dr. D,Cancer,High,Outpatient,Yes,87,8,19829.44,8185.31,2957.09,18485.12,33049.06,UPI,Referred,Yes,4,No,A+,18.5
P100700,2025-06-30,3,Male,Salem,Oncology,Dr. H,Fracture,Low,Outpatient,Yes,22,0,6793.73,2805.46,2508.73,0.00,11322.88,UPI,Referred,No,1,No,A-,21.4
P100701,2025-05-04,12,Male,Salem,Oncology,Dr. A,Fracture,Medium,Inpatient,Yes,175,2,12991.79,7752.83,551.45,4653.90,21652.99,Cash,Referred,Yes,2,Yes,AB+,28.2
P100702,2025-03-10,42,Female,Salem,ENT,Dr. G,Fever,High,Outpatient,No,161,5,19700.19,9078.67,4688.55,12944.20,32833.65,UPI,Under Treatment,Yes,2,Yes,A+,31.9
P100703,2025-01-05,47,Female,Chennai,Pediatrics,Dr. B,Cancer,High,Emergency,No,129,8,16297.84,6508.50,4011.19,12037.68,27163.07,UPI,Recovered,No,4,No,A-,35.1
P100704,2025-04-13,28,Female,Trichy,Pediatrics,Dr. E,Diabetes,High,Emergency,Yes,5,7,13235.95,2070.06,3983.81,12304.18,22059.91,Insurance,Recovered,No,4,Yes,A+,33.3
P100705,2025-09-09,58,Female,Trichy,Pediatrics,Dr. A,Hypertension,High,Emergency,Yes,22,6,13605.17,5009.10,7639.28,7723.38,22675.28,UPI,Under Treatment,Yes,4,Yes,A+,23.2
P100706,2025-08-23,29,Female,Salem,Cardiology,Dr. B,Diabetes,Low,Emergency,Yes,38,1,12187.28,4780.56,5006.96,1643.36,20312.13,Cash,Recovered,Yes,2,No,O-,22.4
P100707,2025-06-29,20,Female,Salem,Cardiology,Dr. C,Diabetes,High,Outpatient,Yes,147,10,14372.11,2207.48,7989.96,10696.30,23953.52,Insurance,Recovered,Yes,5,No,B+,28.7
P100708,2025-03-24,35,Male,Coimbatore,Neurology,Dr. H,Diabetes,Medium,Inpatient,Yes,65,3,13733.78,10710.57,295.82,3570.33,22889.64,Card,Under Treatment,Yes,3,Yes,O-,16.8
P100709,2025-10-12,32,Male,Chennai,Neurology,Dr. H,Diabetes,High,Emergency,Yes,171,5,16033.03,3992.38,3194.92,14145.45,26721.72,Card,Referred,Yes,1,No,A+,25.5
P100710,2025-01-24,25,Female,Chennai,Cardiology,Dr. F,Migraine,Medium,Emergency,Yes,31,2,14015.67,5206.16,7956.48,2458.44,23359.45,UPI,Recovered,Yes,2,No,O+,19.3
P100711,2025-02-20,42,Female,Trichy,General Medicine,Dr. H,Diabetes,Medium,Emergency,No,101,2,14152.15,10307.95,6373.91,3326.88,23586.91,Card,Recovered,No,2,Yes,A+,25.1
P100712,2025-09-15,9,Female,Vellore,Cardiology,Dr. A,Cancer,Low,Inpatient,Yes,14,2,4889.78,1339.56,1067.92,1971.90,8149.63,Cash,Recovered,Yes,1,Yes,B+,25.8
P100713,2025-02-26,52,Male,Trichy,General Medicine,Dr. D,Hypertension,High,Inpatient,Yes,143,12,19734.32,6804.42,5375.87,19282.44,32890.54,UPI,Under Treatment,No,1,No,A+,30.4
P100714,2025-06-30,41,Female,Salem,Oncology,Dr. B,Fracture,Medium,Outpatient,No,138,5,13751.70,7200.78,1648.66,9620.70,22919.50,Cash,Recovered,No,1,Yes,O+,29.3
P100715,2025-10-21,87,Male,Vellore,ENT,Dr. G,Hypertension,High,Outpatient,No,75,9,14119.65,5030.12,7203.64,4884.21,23532.75,Insurance,Recovered,Yes,3,Yes,O-,31.7
P100716,2025-11-06,74,Female,Vellore,General Medicine,Dr. C,Fracture,High,Outpatient,Yes,127,7,21192.40,8809.79,5281.91,20530.02,35320.67,UPI,Under Treatment,Yes,4,No,A-,35.8
P100717,2025-07-04,16,Female,Madurai,Orthopedics,Dr. H,Fever,Low,Outpatient,Yes,59,1,6979.15,4655.25,2408.14,1548.54,11631.92,Insurance,Referred,Yes,2,Yes,B+,34.9
P100718,2025-11-12,88,Female,Coimbatore,Cardiology,Dr. C,Fever,Medium,Emergency,No,114,4,11062.40,5186.93,4129.30,2140.76,18437.34,UPI,Recovered,Yes,5,No,B+,27.7
P100719,2025-03-02,90,Female,Salem,ENT,Dr. H,Hypertension,High,Emergency,Yes,132,6,15127.74,951.59,3815.67,15582.54,25212.90,Card,Referred,Yes,1,No,O-,18.9
P100720,2025-11-05,29,Male,Madurai,Pediatrics,Dr. H,Fever,Medium,Emergency,Yes,74,3,7460.47,4885.95,3344.97,3469.44,12434.11,Card,Under Treatment,No,5,Yes,A-,33.7
P100721,2025-02-08,81,Female,Vellore,Neurology,Dr. G,Diabetes,High,Emergency,No,116,7,15028.56,540.85,1574.66,20996.57,25047.60,Card,Referred,Yes,4,Yes,AB+,20.3
P100722,2025-06-16,35,Female,Salem,General Medicine,Dr. D,Asthma,Medium,Emergency,Yes,148,2,11663.44,8615.84,2541.53,4390.90,19439.06,Cash,Under Treatment,No,1,Yes,A+,30.2
P100723,2025-07-29,74,Female,Vellore,General Medicine,Dr. F,Asthma,Low,Outpatient,No,63,1,8542.47,7289.82,3289.48,760.89,14237.45,UPI,Under Treatment,Yes,2,Yes,O-,26.3
P100724,2025-01-23,40,Female,Madurai,Orthopedics,Dr. C,Fracture,Low,Emergency,No,136,1,10047.33,3698.91,2689.86,1143.30,16745.55,UPI,Under Treatment,Yes,2,No,A+,27.2
P100725,2025-06-01,18,Female,Vellore,ENT,Dr. H,Fracture,Low,Outpatient,No,14,0,12246.86,9759.83,4187.56,0.00,20411.44,Card,Recovered,Yes,4,No,AB+,20.5
P100726,2025-04-20,82,Male,Trichy,ENT,Dr. G,Hypertension,High,Emergency,No,139,10,22677.30,2664.41,2061.87,28177.00,37795.50,UPI,Under Treatment,No,4,No,AB+,34.1
P100727,2025-02-28,47,Male,Coimbatore,General Medicine,Dr. B,Fracture,Low,Emergency,No,68,0,7599.54,2352.58,6197.76,0.00,12665.90,Card,Recovered,Yes,4,No,A-,31.4
P100728,2025-09-22,24,Male,Trichy,Pediatrics,Dr. F,Fever,Low,Outpatient,Yes,75,1,9391.67,1675.91,4453.30,1392.15,15652.78,Insurance,Recovered,Yes,5,Yes,B+,18.3
P100729,2025-04-18,26,Male,Madurai,ENT,Dr. G,Fracture,High,Inpatient,No,178,7,22924.48,11894.31,3139.56,19072.27,38207.46,UPI,Under Treatment,No,3,Yes,B+,37.1
P100730,2025-05-30,43,Male,Trichy,Orthopedics,Dr. A,Asthma,Medium,Outpatient,Yes,105,5,14234.09,11933.69,607.75,5423.85,23723.49,Insurance,Referred,No,3,No,A-,32.9
P100731,2025-03-15,70,Female,Coimbatore,ENT,Dr. F,Hypertension,Medium,Outpatient,No,23,3,16466.09,7140.04,7681.83,8331.57,27443.49,Cash,Under Treatment,Yes,4,No,O+,33.0
P100732,2025-06-24,79,Male,Madurai,Cardiology,Dr. C,Migraine,Low,Inpatient,Yes,128,1,11117.77,11210.82,2839.18,748.98,18529.62,Cash,Under Treatment,Yes,5,Yes,B+,17.0
P100733,2025-12-26,34,Male,Trichy,Neurology,Dr. B,Asthma,High,Emergency,No,26,12,28184.87,2627.01,6222.56,29554.32,46974.79,Cash,Under Treatment,Yes,3,No,O-,37.6
P100734,2025-04-29,30,Male,Vellore,Oncology,Dr. B,Asthma,Medium,Emergency,No,38,2,12804.27,7455.19,3825.29,1548.34,21340.45,Cash,Referred,Yes,5,Yes,A-,18.2
P100735,2025-08-03,61,Female,Coimbatore,Orthopedics,Dr. E,Cancer,Medium,Emergency,Yes,55,2,13515.73,6289.86,4321.69,3454.66,22526.22,Card,Under Treatment,Yes,5,Yes,AB+,35.4
P100736,2025-03-21,90,Female,Vellore,ENT,Dr. C,Migraine,High,Inpatient,No,104,6,18418.62,7384.73,1978.80,13372.32,30697.70,Insurance,Under Treatment,Yes,1,Yes,O-,22.6
P100737,2025-06-23,86,Female,Trichy,ENT,Dr. E,Hypertension,Medium,Outpatient,Yes,119,2,11748.16,8431.79,2309.08,4183.02,19580.26,UPI,Under Treatment,Yes,2,Yes,O+,33.2
P100738,2025-09-29,29,Male,Chennai,Pediatrics,Dr. H,Hypertension,Medium,Emergency,No,53,5,10892.00,3207.85,333.13,12952.75,18153.33,Card,Under Treatment,No,5,No,O-,17.3
P100739,2025-09-06,34,Male,Madurai,Orthopedics,Dr. D,Diabetes,High,Outpatient,Yes,123,6,8359.72,1915.19,1841.25,4622.82,13932.87,UPI,Referred,Yes,5,No,O+,18.3
P100740,2025-09-16,15,Male,Vellore,ENT,Dr. B,Asthma,High,Inpatient,Yes,143,10,28474.41,9903.24,5795.78,26299.90,47457.35,Insurance,Recovered,No,4,No,B+,17.1
P100741,2025-04-22,28,Male,Trichy,General Medicine,Dr. G,Fever,Low,Emergency,No,20,2,8069.84,2328.57,1291.40,4229.74,13449.73,Insurance,Under Treatment,No,5,No,O-,37.6
P100742,2025-05-19,31,Female,Madurai,Oncology,Dr. A,Asthma,High,Inpatient,Yes,150,11,29142.01,7778.01,7483.79,26507.36,48570.02,UPI,Recovered,No,3,No,O-,32.2
P100743,2025-08-02,58,Female,Vellore,ENT,Dr. C,Asthma,High,Outpatient,Yes,159,9,10699.11,3478.02,365.07,6439.41,17831.85,Insurance,Recovered,No,3,No,AB+,31.5
P100744,2025-06-23,21,Female,Chennai,Cardiology,Dr. A,Diabetes,Medium,Emergency,Yes,161,3,14371.33,8969.61,6361.30,7404.72,23952.21,UPI,Referred,Yes,3,No,AB+,29.5
P100745,2025-01-14,62,Female,Chennai,ENT,Dr. H,Cancer,Low,Inpatient,Yes,123,2,11901.92,3538.52,2226.47,5584.36,19836.54,Cash,Referred,Yes,1,Yes,B+,37.1
P100746,2025-07-19,70,Male,Coimbatore,Cardiology,Dr. A,Asthma,Low,Outpatient,No,175,2,15259.51,11087.66,5946.31,4642.80,25432.52,Cash,Under Treatment,No,1,No,O+,31.4
P100747,2025-12-14,21,Female,Trichy,Pediatrics,Dr. D,Asthma,High,Outpatient,Yes,14,12,22966.09,1457.98,1879.72,28490.76,38276.81,Insurance,Referred,No,1,No,O+,19.0
P100748,2025-04-01,84,Male,Salem,Neurology,Dr. G,Asthma,Low,Inpatient,Yes,30,1,14507.69,11900.06,5873.27,2641.04,24179.48,Cash,Referred,No,2,Yes,O-,32.7
P100749,2025-04-14,65,Female,Vellore,General Medicine,Dr. D,Hypertension,High,Outpatient,Yes,174,6,18685.52,8560.98,6936.12,7053.78,31142.53,Cash,Under Treatment,No,1,Yes,A-,35.1
P100750,2025-10-16,31,Female,Trichy,General Medicine,Dr. F,Fracture,Medium,Inpatient,Yes,78,2,10544.06,2918.71,7845.60,4140.56,17573.44,Card,Recovered,No,2,No,O-,21.3
P100751,2025-07-20,63,Male,Salem,General Medicine,Dr. H,Cancer,High,Inpatient,No,74,11,26249.20,9496.96,3132.35,25177.79,43748.67,UPI,Under Treatment,No,4,No,O+,33.5
P100752,2025-03-31,67,Male,Trichy,Orthopedics,Dr. B,Diabetes,Medium,Inpatient,No,124,4,9487.94,2467.06,3888.70,2074.44,15813.23,Cash,Under Treatment,No,3,Yes,B+,31.4
P100753,2025-10-06,67,Male,Coimbatore,ENT,Dr. H,Cancer,Medium,Emergency,No,82,5,17073.95,11885.34,2133.72,9619.60,28456.59,Card,Recovered,Yes,2,Yes,A-,18.9
P100754,2025-10-14,88,Male,Trichy,Neurology,Dr. D,Hypertension,Medium,Outpatient,Yes,11,5,4729.63,2109.04,331.17,4915.60,7882.71,UPI,Recovered,No,2,No,O+,33.9
P100755,2025-04-25,67,Female,Coimbatore,General Medicine,Dr. G,Diabetes,Low,Inpatient,No,113,0,13194.56,6914.74,7912.35,0.00,21990.93,Insurance,Under Treatment,Yes,2,Yes,A+,35.0
P100756,2025-09-13,39,Female,Salem,ENT,Dr. A,Migraine,Low,Inpatient,Yes,65,2,12910.72,11462.22,240.09,2203.44,21517.86,Card,Under Treatment,Yes,1,No,A+,25.9
P100757,2025-01-05,33,Male,Trichy,Orthopedics,Dr. G,Migraine,Medium,Outpatient,Yes,15,4,11393.40,4439.29,6504.11,2379.04,18989.00,Cash,Recovered,Yes,3,No,AB+,22.2
P100758,2025-05-31,61,Female,Coimbatore,Neurology,Dr. D,Fracture,Medium,Outpatient,Yes,157,2,12580.97,8739.28,1226.39,5835.00,20968.29,UPI,Referred,Yes,5,Yes,AB+,35.6
P100759,2025-01-19,72,Female,Salem,Oncology,Dr. A,Asthma,High,Emergency,No,8,12,24958.39,4640.02,4413.58,22809.96,41597.32,Card,Recovered,No,2,Yes,O-,23.2
P100760,2025-10-04,47,Male,Trichy,Orthopedics,Dr. H,Hypertension,Low,Outpatient,No,42,0,12189.47,8298.27,6129.05,0.00,20315.78,Card,Recovered,No,2,No,O-,30.1
P100761,2025-12-02,55,Male,Coimbatore,Neurology,Dr. E,Hypertension,Medium,Emergency,Yes,79,5,13943.11,894.70,5331.02,8346.00,23238.52,Cash,Recovered,Yes,5,Yes,O-,29.1
P100762,2025-09-23,79,Male,Salem,Orthopedics,Dr. D,Asthma,High,Inpatient,No,126,8,16205.72,3711.15,6030.81,16165.92,27009.54,Insurance,Under Treatment,Yes,1,No,A-,27.2
P100763,2025-10-04,5,Male,Salem,Cardiology,Dr. D,Diabetes,High,Outpatient,Yes,160,5,10984.66,9355.33,241.76,2773.20,18307.76,UPI,Referred,Yes,2,Yes,AB+,35.7
P100764,2025-12-03,15,Female,Chennai,ENT,Dr. E,Diabetes,Low,Outpatient,Yes,59,2,7907.11,1142.98,2122.37,2493.72,13178.51,Insurance,Recovered,No,4,No,B+,34.7
P100765,2025-03-30,23,Male,Madurai,Orthopedics,Dr. B,Asthma,Medium,Outpatient,No,105,5,16497.64,11377.08,660.91,5732.15,27496.07,Cash,Recovered,No,2,Yes,O+,26.9
P100766,2025-10-07,60,Female,Trichy,Cardiology,Dr. A,Fever,Low,Emergency,Yes,142,2,4014.43,606.52,718.55,2888.48,6690.72,Insurance,Under Treatment,Yes,2,No,B+,25.3
P100767,2025-03-23,84,Male,Salem,Cardiology,Dr. E,Migraine,Medium,Emergency,Yes,79,5,16623.26,5612.20,2824.04,13183.40,27705.44,Insurance,Recovered,No,5,Yes,O+,35.5
P100768,2025-03-25,14,Male,Trichy,Cardiology,Dr. E,Diabetes,Medium,Inpatient,No,100,2,10544.17,3896.22,443.54,4043.84,17573.62,Insurance,Referred,Yes,2,Yes,AB+,31.3
P100769,2025-05-26,36,Female,Madurai,ENT,Dr. G,Hypertension,Low,Outpatient,No,112,1,6831.37,4057.11,1013.38,2935.50,11385.61,Card,Under Treatment,Yes,4,No,A-,29.1
P100770,2025-10-28,13,Female,Madurai,Neurology,Dr. D,Fracture,Medium,Outpatient,No,124,5,19246.27,9839.73,378.47,12428.55,32077.11,Cash,Recovered,Yes,4,Yes,A+,25.8
P100771,2025-06-15,56,Male,Coimbatore,General Medicine,Dr. F,Fracture,High,Emergency,No,46,11,14600.07,9445.80,2436.78,8104.03,24333.45,Insurance,Under Treatment,Yes,5,Yes,AB+,36.0
P100772,2025-05-01,75,Male,Chennai,General Medicine,Dr. G,Cancer,High,Outpatient,Yes,11,7,15069.15,8545.30,2790.34,7912.94,25115.25,Card,Referred,Yes,5,No,B+,24.1
P100773,2025-03-12,30,Female,Salem,Cardiology,Dr. H,Diabetes,High,Emergency,No,180,11,23596.18,10629.60,2056.10,20348.35,39326.97,Cash,Referred,No,5,Yes,A+,33.1
P100774,2025-02-28,14,Male,Coimbatore,Orthopedics,Dr. A,Fracture,Medium,Emergency,Yes,109,3,14340.68,7040.14,5031.15,6038.43,23901.14,Insurance,Referred,Yes,3,No,O+,17.9
P100775,2025-04-29,66,Female,Madurai,ENT,Dr. C,Asthma,High,Outpatient,No,39,10,12644.35,4769.40,3600.27,8216.00,21073.91,Cash,Referred,Yes,5,No,B+,28.4
P100776,2025-05-01,82,Female,Vellore,Cardiology,Dr. D,Fever,High,Outpatient,Yes,26,10,18793.09,6331.82,2823.12,17235.00,31321.82,Cash,Recovered,No,1,Yes,AB+,36.1
P100777,2025-02-01,66,Female,Salem,Oncology,Dr. A,Fracture,Low,Outpatient,Yes,78,1,7904.38,3631.94,6498.15,1854.68,13173.96,Card,Recovered,Yes,5,No,A+,35.0
P100778,2025-02-18,17,Male,Trichy,Orthopedics,Dr. D,Asthma,High,Outpatient,Yes,118,5,20838.05,10895.41,2567.52,14002.60,34730.08,UPI,Referred,No,3,No,O-,23.0
P100779,2025-09-01,12,Female,Madurai,Orthopedics,Dr. E,Fever,Medium,Emergency,Yes,82,5,16175.02,8389.22,2235.81,13945.85,26958.37,Card,Referred,No,4,No,O+,35.1
P100780,2025-07-05,80,Male,Madurai,ENT,Dr. F,Diabetes,High,Inpatient,Yes,70,8,16168.74,7802.22,6209.59,7034.96,26947.90,Cash,Referred,No,4,No,AB+,34.6
P100781,2025-05-19,11,Female,Salem,Neurology,Dr. A,Hypertension,Low,Emergency,Yes,167,0,10419.66,4361.05,5544.56,0.00,17366.10,Cash,Recovered,No,2,Yes,A+,26.1
P100782,2025-11-17,13,Male,Madurai,Neurology,Dr. C,Fracture,High,Outpatient,Yes,58,10,11960.87,9678.71,1196.22,5314.40,19934.78,UPI,Under Treatment,Yes,1,Yes,A+,27.6
P100783,2025-05-23,5,Female,Salem,Orthopedics,Dr. A,Diabetes,High,Inpatient,Yes,138,5,20662.75,4572.46,7765.82,14517.95,34437.92,UPI,Referred,No,2,No,A+,22.1
P100784,2025-09-09,42,Female,Madurai,Cardiology,Dr. H,Fracture,Medium,Emergency,No,52,2,12523.61,4501.04,4771.98,4109.90,20872.68,Insurance,Under Treatment,Yes,1,Yes,O+,35.2
P100785,2025-02-13,46,Male,Madurai,Oncology,Dr. E,Fever,Medium,Emergency,No,55,2,12308.09,11460.61,3975.27,4535.60,20513.48,Card,Under Treatment,No,1,Yes,A-,36.5
P100786,2025-03-10,32,Male,Salem,ENT,Dr. A,Hypertension,Low,Outpatient,No,45,1,11753.15,1490.61,7836.07,2701.65,19588.58,Card,Under Treatment,No,2,No,B+,36.8
P100787,2025-11-11,73,Female,Vellore,Orthopedics,Dr. E,Fever,High,Inpatient,Yes,119,8,13803.67,741.94,5766.62,10678.80,23006.12,Insurance,Recovered,Yes,3,Yes,O+,16.3
P100788,2025-06-11,21,Female,Vellore,Orthopedics,Dr. A,Migraine,High,Inpatient,No,148,5,17377.34,10450.00,3034.33,11209.50,28962.24,Card,Referred,Yes,1,Yes,A+,20.4
P100789,2025-05-02,89,Female,Chennai,Pediatrics,Dr. D,Fever,Low,Inpatient,No,132,0,6985.05,1105.10,3848.68,0.00,11641.75,UPI,Recovered,No,3,Yes,O+,16.8
P100790,2025-01-28,81,Female,Trichy,Orthopedics,Dr. G,Fracture,Low,Emergency,No,115,2,12004.35,3725.47,6507.27,2998.04,20007.25,UPI,Under Treatment,No,1,No,B+,17.6
P100791,2025-09-05,64,Male,Madurai,Cardiology,Dr. H,Fever,High,Inpatient,No,33,5,20601.77,11844.17,4243.99,13686.15,34336.28,UPI,Under Treatment,Yes,3,No,O-,16.5
P100792,2025-05-15,38,Female,Coimbatore,ENT,Dr. G,Hypertension,High,Outpatient,No,154,8,16821.48,5398.35,2759.41,18831.68,28035.80,UPI,Referred,No,4,No,B+,22.7
P100793,2025-10-13,11,Female,Vellore,Oncology,Dr. B,Migraine,High,Emergency,No,137,9,17987.12,1629.24,2044.41,16847.28,29978.54,UPI,Recovered,Yes,5,No,A+,22.0
P100794,2025-09-20,50,Male,Coimbatore,ENT,Dr. D,Fever,High,Inpatient,Yes,130,9,22759.58,5998.17,6959.31,19922.22,37932.64,UPI,Recovered,Yes,1,No,AB+,28.7
P100795,2025-10-16,2,Female,Salem,ENT,Dr. E,Hypertension,Medium,Inpatient,Yes,98,3,15076.32,6537.37,4447.53,5047.71,25127.20,Card,Recovered,No,1,Yes,A+,35.2
P100796,2025-09-01,30,Female,Coimbatore,Cardiology,Dr. E,Hypertension,Medium,Outpatient,No,163,2,17639.45,8383.85,5638.82,5447.48,29399.09,Insurance,Under Treatment,No,4,No,A+,35.5
P100797,2025-10-21,23,Female,Trichy,ENT,Dr. B,Diabetes,High,Emergency,Yes,84,6,21649.63,7424.76,7059.01,17972.82,36082.71,Cash,Recovered,Yes,2,No,O-,31.1
P100798,2025-01-11,76,Male,Trichy,Neurology,Dr. C,Cancer,High,Outpatient,Yes,166,7,14302.40,5435.78,2351.41,7798.70,23837.34,Insurance,Recovered,Yes,1,No,A+,19.4
P100799,2025-01-31,46,Female,Salem,Pediatrics,Dr. G,Migraine,High,Outpatient,No,87,12,33549.97,11838.81,7919.30,28250.16,55916.61,Cash,Recovered,No,2,No,B+,22.6
P100800,2025-10-24,9,Male,Salem,General Medicine,Dr. B,Asthma,Low,Emergency,No,27,0,13322.10,5963.68,7807.81,0.00,22203.50,Insurance,Recovered,No,4,Yes,AB+,30.0
P100801,2025-12-28,6,Female,Vellore,Neurology,Dr. D,Fever,Low,Outpatient,Yes,113,0,9559.13,11327.86,246.03,0.00,15931.88,UPI,Recovered,No,2,No,A+,37.4
P100802,2025-02-22,77,Male,Vellore,Orthopedics,Dr. H,Hypertension,High,Emergency,No,155,9,25281.41,11077.80,2088.22,19684.98,42135.69,Cash,Under Treatment,No,1,Yes,A-,32.5
P100803,2025-07-31,82,Female,Madurai,General Medicine,Dr. E,Asthma,Medium,Emergency,No,177,2,10029.07,1622.90,6847.91,2525.48,16715.11,Card,Recovered,No,2,No,B+,16.5
P100804,2025-04-23,74,Male,Chennai,ENT,Dr. B,Asthma,Low,Inpatient,Yes,65,0,10725.22,5107.44,2940.73,0.00,17875.37,Insurance,Under Treatment,No,2,Yes,AB+,33.3
P100805,2025-04-30,47,Female,Chennai,ENT,Dr. C,Diabetes,Medium,Outpatient,No,178,5,14124.33,9910.89,6516.29,3221.95,23540.55,UPI,Under Treatment,No,3,No,B+,28.2
P100806,2025-01-10,90,Male,Madurai,Neurology,Dr. D,Fracture,High,Inpatient,Yes,48,7,22726.86,9313.78,2851.01,16111.97,37878.10,Insurance,Referred,Yes,3,Yes,A+,19.4
P100807,2025-12-02,5,Female,Salem,Oncology,Dr. E,Asthma,Low,Outpatient,Yes,157,0,13790.30,9552.25,7311.04,0.00,22983.83,Card,Recovered,No,2,No,AB+,19.7
P100808,2025-10-20,90,Female,Coimbatore,Pediatrics,Dr. A,Fracture,High,Inpatient,No,168,12,16307.68,1503.70,7205.50,17908.80,27179.47,Cash,Recovered,Yes,1,No,A+,32.7
P100809,2025-12-30,78,Female,Vellore,Cardiology,Dr. C,Fracture,High,Emergency,Yes,122,8,26788.96,4779.54,6332.40,23629.68,44648.26,Insurance,Under Treatment,Yes,1,Yes,B+,32.7
P100810,2025-02-20,30,Female,Trichy,ENT,Dr. G,Migraine,Medium,Outpatient,Yes,40,5,18623.11,4479.14,7636.70,12462.55,31038.51,Cash,Under Treatment,Yes,5,Yes,A+,35.0
P100811,2025-01-20,38,Male,Salem,Cardiology,Dr. C,Asthma,Low,Emergency,No,106,1,14518.64,5335.96,7405.87,2481.49,24197.73,Card,Recovered,No,2,Yes,A+,18.0
P100812,2025-11-10,85,Male,Chennai,Orthopedics,Dr. H,Fever,Low,Outpatient,Yes,35,2,12429.74,5885.05,5261.61,1574.22,20716.23,Cash,Referred,Yes,4,No,A-,26.8
P100813,2025-10-05,77,Male,Coimbatore,Oncology,Dr. E,Migraine,High,Emergency,No,17,7,17531.60,8076.31,3588.16,11597.18,29219.33,Insurance,Under Treatment,No,3,No,O-,19.8
P100814,2025-09-16,69,Male,Coimbatore,Orthopedics,Dr. C,Cancer,Medium,Inpatient,No,97,2,6172.10,1222.78,2919.24,4616.78,10286.84,Card,Recovered,No,4,Yes,A-,37.7
P100815,2025-07-21,83,Male,Chennai,ENT,Dr. E,Hypertension,Low,Inpatient,No,75,1,12672.08,4895.37,7687.52,2019.58,21120.13,Cash,Recovered,Yes,4,Yes,AB+,36.3
P100816,2025-08-30,40,Male,Madurai,Oncology,Dr. B,Diabetes,Low,Emergency,Yes,167,2,10130.65,5712.26,2461.91,5687.72,16884.41,UPI,Referred,No,3,No,O+,18.7
P100817,2025-09-29,30,Male,Madurai,ENT,Dr. G,Asthma,Low,Emergency,No,137,1,5325.40,3096.16,849.05,1131.19,8875.66,Cash,Referred,No,2,No,O-,28.5
P100818,2025-06-14,68,Male,Coimbatore,Neurology,Dr. F,Asthma,High,Inpatient,Yes,26,12,29912.84,9462.46,5331.13,29515.08,49854.73,Card,Recovered,Yes,3,Yes,A-,20.8
P100819,2025-06-15,33,Female,Chennai,ENT,Dr. E,Cancer,Low,Outpatient,Yes,159,1,10052.74,4107.08,7132.55,1263.19,16754.56,Card,Under Treatment,No,2,Yes,A+,20.8
P100820,2025-04-02,8,Male,Coimbatore,Pediatrics,Dr. C,Hypertension,Low,Inpatient,Yes,83,1,9496.30,6581.06,5097.52,777.75,15827.17,Card,Referred,Yes,1,No,AB+,28.0
P100821,2025-02-28,21,Female,Madurai,Cardiology,Dr. B,Migraine,Low,Outpatient,Yes,120,2,10772.54,2816.06,6276.36,4372.32,17954.24,UPI,Referred,No,2,No,O+,25.7
P100822,2025-02-18,41,Female,Vellore,ENT,Dr. E,Fracture,High,Inpatient,No,37,8,26580.35,10533.26,6902.10,17627.76,44300.59,Insurance,Under Treatment,No,5,Yes,O+,28.9
P100823,2025-07-23,32,Male,Trichy,Pediatrics,Dr. E,Diabetes,High,Emergency,No,74,5,18112.57,5256.11,7893.38,14600.90,30187.61,Insurance,Under Treatment,Yes,1,Yes,A+,24.5
P100824,2025-06-21,90,Male,Coimbatore,Orthopedics,Dr. D,Fever,High,Emergency,No,79,5,12456.82,11173.14,1448.03,7032.30,20761.37,Card,Referred,Yes,3,Yes,O+,19.3
P100825,2025-07-31,62,Female,Madurai,Oncology,Dr. C,Fever,High,Inpatient,No,122,11,14980.16,4570.80,3838.95,16056.48,24966.94,UPI,Referred,No,1,Yes,AB+,31.0
P100826,2025-11-28,43,Female,Trichy,ENT,Dr. F,Cancer,High,Emergency,Yes,84,9,14372.55,11954.57,2743.67,5234.31,23954.25,Card,Recovered,No,5,Yes,A+,30.2
P100827,2025-07-14,57,Female,Madurai,Pediatrics,Dr. F,Asthma,High,Emergency,Yes,116,10,21540.53,9694.73,716.39,19210.40,35900.89,Insurance,Under Treatment,No,5,Yes,B+,37.2
P100828,2025-04-28,69,Female,Salem,Cardiology,Dr. E,Diabetes,High,Outpatient,No,24,8,17291.63,5680.43,3421.65,16367.36,28819.39,Card,Under Treatment,Yes,4,Yes,A+,32.5
P100829,2025-11-16,10,Male,Salem,General Medicine,Dr. B,Asthma,Low,Inpatient,No,33,2,15889.94,10218.49,2544.88,4675.30,26483.24,Insurance,Referred,Yes,2,No,O+,19.5
P100830,2025-10-26,88,Male,Madurai,Oncology,Dr. F,Fever,Low,Emergency,No,83,2,6849.92,850.09,4835.50,1846.94,11416.54,Card,Recovered,No,1,Yes,A-,16.2
P100831,2025-01-22,83,Female,Salem,Oncology,Dr. C,Fracture,Low,Emergency,No,122,2,11875.83,5449.64,5990.16,3406.24,19793.05,UPI,Recovered,No,5,Yes,O+,25.1
P100832,2025-01-04,61,Male,Chennai,Pediatrics,Dr. H,Fracture,High,Inpatient,Yes,73,11,15843.11,5026.12,1660.39,13312.20,26405.18,UPI,Referred,Yes,4,No,AB+,35.7
P100833,2025-07-16,85,Male,Salem,ENT,Dr. F,Cancer,High,Inpatient,Yes,140,10,23510.87,5320.18,7255.03,23835.70,39184.78,Card,Recovered,Yes,2,Yes,AB+,30.6
P100834,2025-11-12,74,Female,Chennai,Pediatrics,Dr. C,Diabetes,Low,Outpatient,Yes,143,0,14486.39,10083.88,6616.87,0.00,24143.99,Card,Referred,Yes,1,Yes,O-,36.5
P100835,2025-07-23,44,Male,Trichy,Cardiology,Dr. C,Asthma,Low,Inpatient,Yes,137,0,8431.19,7587.42,4931.77,0.00,14051.99,Cash,Referred,Yes,5,Yes,O+,26.1
P100836,2025-08-22,72,Male,Chennai,Pediatrics,Dr. B,Fever,Medium,Emergency,No,133,5,17547.82,4075.49,7476.78,13094.05,29246.36,Insurance,Referred,No,5,Yes,O+,22.8
P100837,2025-01-12,58,Male,Vellore,Orthopedics,Dr. C,Fracture,Medium,Emergency,Yes,162,3,7570.30,5598.77,1482.01,4952.94,12617.17,UPI,Referred,Yes,1,Yes,O+,29.9
P100838,2025-06-17,20,Female,Salem,Orthopedics,Dr. E,Cancer,High,Emergency,No,145,9,25093.75,8520.47,1393.76,25114.14,41822.92,UPI,Under Treatment,Yes,1,Yes,AB+,29.8
P100839,2025-12-27,70,Male,Madurai,ENT,Dr. A,Cancer,High,Inpatient,No,61,8,19683.64,3422.24,3667.34,20447.52,32806.06,Card,Under Treatment,No,2,No,O+,32.1
P100840,2025-02-02,76,Male,Trichy,Oncology,Dr. F,Fracture,Medium,Outpatient,No,86,2,10163.57,3546.95,1749.32,1664.60,16939.28,Insurance,Under Treatment,No,5,No,AB+,36.3
P100841,2025-04-02,56,Female,Vellore,Oncology,Dr. E,Hypertension,Low,Inpatient,No,88,1,2744.89,653.05,737.22,920.59,4574.82,Insurance,Referred,Yes,3,Yes,A+,22.8
P100842,2025-07-10,81,Male,Chennai,Oncology,Dr. D,Hypertension,High,Inpatient,Yes,180,5,17191.78,9554.12,4491.71,5692.55,28652.96,Card,Under Treatment,Yes,3,Yes,A+,36.0
P100843,2025-09-14,17,Male,Chennai,ENT,Dr. G,Migraine,High,Inpatient,No,135,9,16146.60,10935.96,7518.14,7735.50,26911.00,Insurance,Under Treatment,No,3,Yes,O-,37.5
P100844,2025-05-20,4,Female,Trichy,ENT,Dr. D,Migraine,High,Outpatient,No,125,9,23794.56,7355.27,3831.12,20610.18,39657.60,Insurance,Under Treatment,Yes,2,No,O-,32.6
P100845,2025-05-22,62,Female,Chennai,Orthopedics,Dr. E,Diabetes,Medium,Outpatient,Yes,139,3,17248.07,10271.60,5214.07,7602.96,28746.78,Insurance,Under Treatment,Yes,3,No,O+,23.2
P100846,2025-09-16,54,Female,Trichy,Orthopedics,Dr. B,Fever,Medium,Inpatient,Yes,36,3,15967.45,5330.26,5889.47,6687.15,26612.42,Cash,Under Treatment,Yes,5,No,B+,27.7
P100847,2025-09-03,18,Female,Vellore,Pediatrics,Dr. D,Diabetes,High,Emergency,No,138,11,16599.87,4831.89,4047.36,8811.22,27666.45,Cash,Recovered,No,1,Yes,B+,34.2
P100848,2025-01-15,20,Male,Chennai,Pediatrics,Dr. G,Cancer,High,Inpatient,Yes,81,5,16967.14,7558.80,6580.21,9554.95,28278.57,Insurance,Under Treatment,Yes,3,Yes,O+,28.1
P100849,2025-12-07,35,Female,Madurai,ENT,Dr. A,Migraine,Low,Inpatient,Yes,70,2,16088.87,10501.64,4791.30,4234.36,26814.79,Insurance,Under Treatment,Yes,1,Yes,A+,29.5
P100850,2025-08-15,84,Male,Chennai,Pediatrics,Dr. C,Hypertension,High,Emergency,No,129,7,21438.54,8121.75,1413.27,18628.33,35730.90,UPI,Recovered,No,1,Yes,O-,27.7
P100851,2025-07-30,57,Female,Salem,Oncology,Dr. G,Migraine,High,Outpatient,No,142,10,23315.36,9995.69,5677.51,13587.80,38858.94,UPI,Under Treatment,No,2,Yes,A-,26.0
P100852,2025-07-03,34,Male,Salem,Oncology,Dr. H,Fracture,Medium,Emergency,Yes,14,3,11114.44,7334.12,4622.66,1824.03,18524.06,UPI,Under Treatment,No,2,Yes,O+,31.4
P100853,2025-08-05,88,Male,Salem,Neurology,Dr. D,Hypertension,Low,Outpatient,Yes,144,1,9738.58,11857.62,2669.32,633.93,16230.96,Card,Recovered,Yes,3,Yes,B+,24.7
P100854,2025-11-30,37,Female,Trichy,Oncology,Dr. E,Diabetes,Low,Emergency,No,160,2,6286.28,5538.73,1959.32,2331.72,10477.14,Insurance,Under Treatment,No,1,Yes,O+,26.1
P100855,2025-05-19,10,Male,Chennai,Cardiology,Dr. C,Cancer,High,Emergency,Yes,149,5,14721.61,703.41,7170.67,7965.00,24536.01,Card,Under Treatment,Yes,3,Yes,AB+,20.5
P100856,2025-11-23,68,Male,Chennai,Pediatrics,Dr. B,Migraine,Low,Outpatient,No,65,1,13406.50,9568.63,3200.21,2024.51,22344.16,Cash,Under Treatment,No,1,No,O-,37.2
P100857,2025-02-25,60,Male,Vellore,Orthopedics,Dr. A,Diabetes,High,Outpatient,Yes,137,5,6561.10,2766.01,433.99,7069.25,10935.16,Card,Under Treatment,No,3,No,A+,21.7
P100858,2025-07-12,17,Male,Salem,General Medicine,Dr. E,Cancer,Medium,Emergency,No,177,5,18117.44,4805.23,7510.29,11996.90,30195.74,Insurance,Recovered,No,4,No,O+,29.9
P100859,2025-11-09,67,Female,Coimbatore,General Medicine,Dr. E,Fever,Low,Emergency,Yes,132,2,10358.04,5491.02,4788.91,4608.10,17263.40,UPI,Recovered,Yes,1,Yes,O+,26.3
P100860,2025-12-22,69,Female,Coimbatore,Orthopedics,Dr. D,Diabetes,Medium,Emergency,No,98,2,9964.11,1164.97,3427.94,5484.58,16606.85,Cash,Referred,Yes,5,No,A-,31.3
P100861,2025-02-15,27,Female,Salem,Orthopedics,Dr. H,Hypertension,High,Outpatient,Yes,94,12,13110.49,2657.64,2368.58,13771.32,21850.81,UPI,Recovered,No,2,No,O+,36.5
P100862,2025-02-03,63,Female,Salem,Neurology,Dr. H,Fever,Low,Outpatient,No,148,1,9328.61,7813.49,2627.61,669.57,15547.69,Cash,Referred,Yes,1,Yes,A+,35.1
P100863,2025-02-10,21,Female,Vellore,Oncology,Dr. G,Fracture,Medium,Outpatient,No,141,5,11577.89,5608.70,3187.09,4792.40,19296.48,UPI,Under Treatment,Yes,4,Yes,O+,36.5
P100864,2025-09-03,54,Female,Vellore,Orthopedics,Dr. A,Hypertension,High,Inpatient,Yes,180,9,19832.89,7857.38,1543.95,14080.77,33054.81,Insurance,Referred,No,5,Yes,A-,32.8
P100865,2025-05-01,10,Female,Chennai,General Medicine,Dr. C,Cancer,Medium,Emergency,Yes,124,5,14789.11,2195.78,6316.94,13305.20,24648.52,Insurance,Referred,No,3,No,A+,32.8
P100866,2025-06-25,90,Female,Salem,General Medicine,Dr. C,Cancer,Medium,Emergency,No,86,3,11861.42,4562.86,6749.79,6461.46,19769.03,Cash,Under Treatment,No,3,No,AB+,28.3
P100867,2025-10-21,18,Female,Chennai,General Medicine,Dr. C,Fracture,Medium,Inpatient,No,16,5,16267.46,8675.18,2315.93,9615.10,27112.43,Insurance,Recovered,Yes,2,No,AB+,26.0
P100868,2025-07-04,6,Female,Madurai,Cardiology,Dr. C,Asthma,High,Inpatient,Yes,43,5,13978.44,4352.11,5012.10,6082.95,23297.40,Cash,Recovered,Yes,1,No,AB+,24.6
P100869,2025-09-24,49,Male,Vellore,General Medicine,Dr. H,Diabetes,Medium,Outpatient,Yes,120,2,13553.20,10174.40,3530.00,1838.00,22588.67,Cash,Under Treatment,No,2,Yes,O-,23.4
P100870,2025-05-25,25,Male,Salem,General Medicine,Dr. F,Fever,Medium,Inpatient,Yes,131,5,16033.83,8714.56,1812.76,9623.45,26723.05,Card,Referred,No,4,No,O+,20.7
P100871,2025-10-03,89,Male,Trichy,ENT,Dr. C,Hypertension,High,Emergency,Yes,170,10,17804.09,5147.41,3140.88,15853.10,29673.49,Card,Recovered,Yes,1,Yes,AB+,26.7
P100872,2025-04-19,83,Female,Salem,Orthopedics,Dr. D,Fracture,Medium,Inpatient,Yes,95,2,9968.60,4301.29,1042.87,2267.28,16614.33,Cash,Under Treatment,No,1,No,O-,19.2
P100873,2025-09-08,61,Female,Salem,Pediatrics,Dr. A,Fracture,High,Inpatient,No,26,5,13970.36,2097.81,5260.04,8290.95,23283.94,Insurance,Under Treatment,No,5,No,O-,18.4
P100874,2025-05-29,40,Male,Salem,Neurology,Dr. A,Hypertension,Medium,Inpatient,No,145,5,15231.91,7122.26,2160.68,6933.20,25386.51,Insurance,Recovered,Yes,3,No,O+,33.9
P100875,2025-12-29,61,Male,Trichy,General Medicine,Dr. C,Fever,Medium,Outpatient,No,77,3,10267.37,3253.71,6793.61,6024.72,17112.29,Card,Under Treatment,Yes,2,Yes,O+,32.8
P100876,2025-10-22,40,Male,Trichy,Orthopedics,Dr. B,Asthma,Medium,Inpatient,No,148,2,8772.44,4320.95,6622.73,1996.40,14620.74,Cash,Recovered,Yes,3,Yes,O+,22.7
P100877,2025-05-10,72,Female,Salem,Pediatrics,Dr. A,Hypertension,Medium,Inpatient,No,72,4,7234.22,7319.00,869.45,3267.72,12057.04,UPI,Under Treatment,Yes,3,No,A-,25.6
P100878,2025-04-26,6,Female,Salem,Cardiology,Dr. C,Cancer,Medium,Outpatient,Yes,73,5,10767.28,3279.10,4013.23,8347.05,17945.46,UPI,Referred,No,5,No,O-,18.7
P100879,2025-10-24,16,Female,Madurai,Orthopedics,Dr. C,Migraine,High,Outpatient,No,55,8,16550.04,3602.83,4233.17,14651.68,27583.40,Cash,Referred,Yes,3,No,A+,26.0
P100880,2025-11-11,67,Female,Coimbatore,General Medicine,Dr. B,Fracture,Low,Emergency,No,50,0,6847.29,6167.00,2949.66,0.00,11412.15,Cash,Recovered,No,4,Yes,O-,21.3
P100881,2025-01-26,86,Male,Salem,Cardiology,Dr. A,Hypertension,High,Emergency,Yes,35,12,24223.29,9091.13,6714.31,21559.68,40372.15,Cash,Recovered,No,1,Yes,A-,16.6
P100882,2025-10-07,13,Male,Madurai,Cardiology,Dr. G,Fever,Low,Emergency,No,159,1,9585.07,11335.76,261.03,1985.12,15975.11,Insurance,Recovered,No,4,Yes,O+,30.9
P100883,2025-04-21,63,Male,Trichy,Cardiology,Dr. F,Fever,Low,Outpatient,No,33,2,10932.79,2354.07,5705.80,1190.06,18221.32,UPI,Under Treatment,No,1,No,B+,29.5
P100884,2025-12-12,66,Female,Coimbatore,Orthopedics,Dr. C,Migraine,Medium,Emergency,No,86,5,13971.45,5414.92,4975.26,10275.00,23285.75,UPI,Recovered,No,5,Yes,AB+,31.9
P100885,2025-10-08,56,Female,Salem,ENT,Dr. E,Hypertension,High,Outpatient,No,117,10,18685.37,10513.75,1182.20,10533.80,31142.28,Card,Under Treatment,No,2,No,B+,28.4
P100886,2025-04-03,63,Female,Madurai,Oncology,Dr. C,Migraine,Low,Outpatient,No,19,1,4972.77,3743.16,1385.85,906.46,8287.95,Insurance,Referred,Yes,3,Yes,O+,20.2
P100887,2025-12-26,43,Female,Salem,Orthopedics,Dr. C,Cancer,Low,Emergency,Yes,71,1,10922.06,9088.59,1531.50,1837.21,18203.43,Insurance,Under Treatment,Yes,2,No,AB+,21.9
P100888,2025-09-03,52,Female,Salem,Orthopedics,Dr. C,Hypertension,Low,Outpatient,No,156,2,8031.38,3656.41,945.36,3528.86,13385.64,Card,Under Treatment,Yes,2,No,O+,26.9
P100889,2025-06-02,75,Male,Chennai,ENT,Dr. C,Asthma,High,Outpatient,Yes,36,11,30194.54,10615.47,5427.53,30605.96,50324.24,Card,Recovered,Yes,3,Yes,A-,33.6
P100890,2025-11-07,50,Male,Chennai,Neurology,Dr. B,Fracture,Low,Emergency,No,160,1,10634.09,7407.41,3371.48,2676.17,17723.48,Card,Under Treatment,No,4,Yes,O-,38.0
P100891,2025-09-29,41,Female,Salem,Neurology,Dr. A,Cancer,Medium,Emergency,Yes,144,2,14525.83,11429.45,5984.31,3446.42,24209.72,Cash,Referred,Yes,2,No,A-,19.9
P100892,2025-02-22,9,Female,Trichy,ENT,Dr. F,Fracture,High,Inpatient,No,133,12,28211.92,3325.86,7186.88,30042.48,47019.86,Cash,Under Treatment,No,1,Yes,O+,28.1
P100893,2025-05-06,27,Male,Salem,Cardiology,Dr. D,Fever,High,Outpatient,No,177,6,17574.89,10136.96,3595.38,10061.76,29291.48,Insurance,Recovered,Yes,1,No,AB+,34.8
P100894,2025-09-18,48,Female,Madurai,ENT,Dr. H,Diabetes,Medium,Emergency,Yes,155,4,10882.24,1940.65,1684.06,10757.68,18137.07,UPI,Recovered,Yes,1,Yes,O+,20.1
P100895,2025-01-04,53,Female,Salem,Pediatrics,Dr. G,Fracture,Low,Outpatient,No,84,0,8242.11,3289.03,3109.84,0.00,13736.85,Card,Under Treatment,No,1,Yes,AB+,18.0
P100896,2025-07-21,31,Female,Chennai,Cardiology,Dr. A,Fracture,High,Outpatient,Yes,94,8,17805.58,2158.58,1969.09,20678.96,29675.97,Card,Recovered,Yes,1,Yes,O+,36.8
P100897,2025-04-28,73,Female,Coimbatore,Pediatrics,Dr. H,Asthma,Low,Outpatient,Yes,7,0,12762.43,9589.99,7372.61,0.00,21270.72,UPI,Under Treatment,No,3,No,A+,22.4
P100898,2025-01-25,54,Female,Coimbatore,ENT,Dr. A,Fever,Medium,Inpatient,No,76,4,11593.04,5507.27,3551.33,3302.60,19321.73,Card,Recovered,No,4,Yes,AB+,28.8
P100899,2025-03-02,88,Female,Madurai,General Medicine,Dr. H,Diabetes,Low,Emergency,Yes,160,0,13208.77,4745.12,7673.22,0.00,22014.62,Insurance,Recovered,No,3,Yes,A-,18.5
P100900,2025-05-11,76,Male,Trichy,Orthopedics,Dr. B,Hypertension,High,Inpatient,No,24,12,14787.98,1766.75,6332.28,10093.56,24646.63,Insurance,Under Treatment,Yes,5,No,AB+,22.8
P100901,2025-04-11,30,Male,Chennai,Orthopedics,Dr. G,Fever,Low,Inpatient,No,83,2,14333.84,10864.69,3794.15,1608.42,23889.73,Card,Recovered,Yes,5,No,O-,21.5
P100902,2025-04-15,60,Male,Vellore,Neurology,Dr. D,Asthma,High,Outpatient,Yes,9,10,18958.52,3293.55,3662.61,23143.50,31597.53,Card,Referred,No,2,Yes,O+,27.9
P100903,2025-01-01,44,Female,Salem,ENT,Dr. C,Hypertension,High,Emergency,No,159,8,16561.73,2091.23,5650.68,15735.28,27602.88,Insurance,Referred,No,2,Yes,A+,32.3
P100904,2025-03-09,88,Male,Salem,Oncology,Dr. F,Migraine,Medium,Emergency,Yes,129,5,15069.11,2716.19,7573.41,7459.25,25115.18,UPI,Referred,Yes,2,No,B+,27.3
P100905,2025-12-19,38,Female,Vellore,Pediatrics,Dr. F,Asthma,High,Emergency,Yes,157,7,15997.75,11260.76,768.54,7942.55,26662.91,Cash,Recovered,No,2,No,AB+,22.3
P100906,2025-04-04,78,Male,Chennai,General Medicine,Dr. A,Fracture,High,Outpatient,No,131,5,12052.01,2607.70,1907.11,6869.00,20086.68,Card,Referred,No,4,No,A+,21.1
P100907,2025-04-03,88,Female,Coimbatore,Cardiology,Dr. C,Migraine,High,Inpatient,No,21,12,32321.35,6904.33,3850.56,34997.04,53868.91,Cash,Referred,No,4,No,AB+,22.4
P100908,2025-12-29,9,Male,Vellore,ENT,Dr. H,Hypertension,High,Outpatient,No,115,9,15020.27,3064.25,1145.13,16659.36,25033.78,Insurance,Referred,Yes,2,Yes,A+,24.3
P100909,2025-03-19,81,Male,Coimbatore,ENT,Dr. C,Fracture,Medium,Inpatient,No,6,2,10019.06,9530.37,549.22,5893.54,16698.44,Card,Recovered,No,4,No,O-,28.9
P100910,2025-02-23,24,Male,Madurai,Neurology,Dr. A,Asthma,Medium,Emergency,No,17,5,10545.42,843.60,1512.70,8139.55,17575.70,Insurance,Referred,No,1,Yes,A+,33.9
P100911,2025-11-07,3,Male,Vellore,ENT,Dr. E,Migraine,High,Outpatient,No,113,6,13530.25,6756.18,1909.40,4199.34,22550.42,Cash,Referred,No,2,No,O+,28.3
P100912,2025-10-08,79,Male,Trichy,Cardiology,Dr. G,Migraine,Medium,Outpatient,Yes,75,5,17897.46,9309.80,6214.42,5562.50,29829.10,UPI,Recovered,Yes,1,No,O-,23.2
P100913,2025-12-27,58,Male,Madurai,Oncology,Dr. D,Fracture,Medium,Emergency,No,171,3,20382.70,11358.99,7500.79,5513.19,33971.16,Card,Referred,Yes,2,No,A+,33.5
P100914,2025-09-09,37,Female,Trichy,Neurology,Dr. C,Asthma,Medium,Emergency,Yes,42,5,15644.47,3705.73,7109.67,10194.60,26074.12,Cash,Recovered,Yes,3,No,O-,16.4
P100915,2025-11-13,84,Female,Vellore,ENT,Dr. G,Diabetes,Low,Inpatient,No,49,1,5170.62,900.37,3048.59,2305.29,8617.70,Insurance,Referred,No,4,No,B+,20.3
P100916,2025-11-25,34,Female,Trichy,Neurology,Dr. D,Migraine,Low,Outpatient,Yes,167,2,11309.40,684.13,6162.37,2534.62,18849.00,Insurance,Under Treatment,Yes,3,No,AB+,36.1
P100917,2025-01-14,54,Male,Trichy,Oncology,Dr. H,Migraine,High,Emergency,No,72,7,20951.21,3069.59,2872.07,19115.04,34918.68,Insurance,Recovered,No,2,Yes,O+,23.4
P100918,2025-01-19,74,Male,Trichy,Cardiology,Dr. G,Asthma,High,Emergency,Yes,56,12,13490.20,1041.21,3694.88,15548.52,22483.67,UPI,Referred,No,4,Yes,AB+,32.8
P100919,2025-01-24,27,Female,Madurai,Orthopedics,Dr. E,Asthma,Low,Outpatient,Yes,135,1,7781.85,3160.12,5962.81,2683.97,12969.75,UPI,Under Treatment,Yes,4,Yes,A+,29.9
P100920,2025-12-21,61,Male,Salem,Neurology,Dr. D,Fracture,Low,Inpatient,No,66,2,9425.08,10605.60,1719.51,1519.60,15708.46,Card,Recovered,Yes,4,Yes,A+,36.0
P100921,2025-09-18,25,Male,Madurai,Pediatrics,Dr. D,Cancer,Low,Outpatient,Yes,97,2,13111.19,6691.58,5624.16,1188.70,21851.98,Cash,Referred,No,5,Yes,A-,20.7
P100922,2025-02-19,15,Male,Trichy,General Medicine,Dr. E,Asthma,Medium,Outpatient,Yes,148,3,4888.70,2020.39,1072.60,1779.90,8147.84,Card,Recovered,Yes,3,Yes,A+,27.0
P100923,2025-07-22,32,Male,Trichy,Cardiology,Dr. E,Asthma,Low,Outpatient,No,128,0,12035.59,7268.15,4955.01,0.00,20059.32,Insurance,Recovered,No,3,Yes,AB+,25.6
P100924,2025-05-04,62,Female,Trichy,Orthopedics,Dr. F,Fracture,Low,Outpatient,Yes,169,2,11682.58,7049.55,4629.29,5191.08,19470.96,Card,Under Treatment,Yes,5,No,O-,35.7
P100925,2025-10-18,60,Male,Salem,Pediatrics,Dr. C,Cancer,High,Inpatient,No,143,12,17756.87,4085.24,2007.66,18714.60,29594.78,Insurance,Under Treatment,Yes,3,Yes,B+,34.2
P100926,2025-01-31,17,Female,Chennai,Cardiology,Dr. G,Cancer,Medium,Outpatient,No,50,3,17532.16,10326.48,6011.53,6174.42,29220.26,Cash,Under Treatment,Yes,1,Yes,A-,20.2
P100927,2025-05-13,87,Female,Coimbatore,Oncology,Dr. G,Fracture,Low,Outpatient,No,31,0,9777.97,11396.21,3040.36,0.00,16296.61,Card,Referred,Yes,2,No,O+,35.7
P100928,2025-11-06,17,Male,Vellore,ENT,Dr. H,Migraine,Low,Inpatient,No,80,1,12346.04,9991.71,2223.48,744.27,20576.74,Card,Recovered,No,4,No,O-,22.5
P100929,2025-07-12,72,Female,Chennai,Pediatrics,Dr. A,Cancer,Low,Outpatient,No,81,1,13823.08,11974.68,2680.97,2995.03,23038.47,Card,Under Treatment,No,1,Yes,AB+,17.8
P100930,2025-11-12,84,Male,Chennai,Oncology,Dr. F,Cancer,Medium,Inpatient,No,129,5,18554.72,4498.94,3216.35,14747.35,30924.54,Insurance,Referred,No,4,No,A-,34.5
P100931,2025-11-01,42,Male,Chennai,Pediatrics,Dr. H,Fracture,Low,Inpatient,No,158,2,19548.16,11732.38,6177.86,4825.36,32580.26,Cash,Referred,Yes,4,Yes,A+,35.4
P100932,2025-12-11,15,Male,Salem,Orthopedics,Dr. H,Cancer,Low,Inpatient,No,36,1,11507.27,5831.61,6184.48,937.11,19178.79,Cash,Under Treatment,Yes,4,Yes,O-,21.0
P100933,2025-02-17,70,Male,Salem,Cardiology,Dr. F,Fever,High,Inpatient,No,164,6,11374.58,2184.81,2845.71,11805.18,18957.63,Card,Under Treatment,No,2,Yes,AB+,26.9
P100934,2025-06-14,20,Male,Vellore,Neurology,Dr. B,Cancer,High,Emergency,Yes,23,6,10285.63,932.11,5076.05,8198.82,17142.72,Card,Referred,No,3,Yes,A-,17.7
P100935,2025-03-31,37,Male,Vellore,Orthopedics,Dr. H,Diabetes,High,Emergency,Yes,136,12,19423.10,5040.64,6232.23,11697.84,32371.83,UPI,Recovered,No,2,No,AB+,25.2
P100936,2025-08-04,46,Female,Trichy,Neurology,Dr. H,Asthma,Medium,Outpatient,Yes,136,5,7056.20,662.30,382.99,9521.75,11760.33,UPI,Under Treatment,No,4,No,A+,29.5
P100937,2025-01-30,6,Female,Salem,Oncology,Dr. F,Asthma,Medium,Emergency,No,125,3,12881.65,10371.59,2873.69,3727.38,21469.41,Insurance,Under Treatment,Yes,2,Yes,A-,31.4
P100938,2025-01-21,9,Female,Salem,Neurology,Dr. A,Asthma,High,Inpatient,Yes,29,10,21525.53,1862.37,6123.41,25078.40,35875.88,Cash,Referred,Yes,2,No,A+,34.1
P100939,2025-06-23,8,Male,Salem,General Medicine,Dr. C,Asthma,Medium,Outpatient,No,12,2,12406.60,7132.61,7439.35,1629.58,20677.66,Card,Recovered,Yes,5,Yes,O-,32.7
P100940,2025-07-10,83,Female,Salem,Cardiology,Dr. C,Fracture,Medium,Emergency,No,57,4,14843.40,6390.87,4457.13,7334.16,24739.00,Cash,Recovered,No,2,No,B+,19.7
P100941,2025-10-06,40,Female,Chennai,Neurology,Dr. G,Hypertension,Medium,Outpatient,Yes,146,3,12249.69,8021.64,5014.93,1979.10,20416.15,Cash,Referred,Yes,3,Yes,A-,37.2
P100942,2025-06-29,32,Female,Trichy,ENT,Dr. D,Fracture,Low,Emergency,No,149,1,13149.26,6834.46,4769.65,739.47,21915.44,UPI,Under Treatment,Yes,4,No,A+,17.3
P100943,2025-08-26,43,Male,Vellore,ENT,Dr. H,Asthma,Medium,Inpatient,Yes,25,4,7006.03,2596.76,5450.26,2299.76,11676.71,Card,Referred,No,1,Yes,A+,27.4
P100944,2025-12-07,78,Male,Trichy,Neurology,Dr. H,Diabetes,Medium,Inpatient,Yes,128,3,7199.81,5897.89,1499.55,3919.29,11999.69,UPI,Recovered,Yes,5,Yes,O+,28.7
P100945,2025-06-16,13,Female,Salem,Orthopedics,Dr. F,Fracture,Medium,Outpatient,Yes,39,3,12615.97,9529.51,1539.76,2876.52,21026.61,UPI,Referred,No,3,Yes,B+,33.5
P100946,2025-07-08,87,Male,Coimbatore,Orthopedics,Dr. F,Asthma,Medium,Outpatient,Yes,156,5,13161.68,4353.91,4127.06,9312.95,21936.13,Cash,Recovered,Yes,3,No,O-,25.0
P100947,2025-01-15,84,Female,Madurai,Orthopedics,Dr. D,Asthma,High,Emergency,No,74,7,22978.06,9335.44,5332.31,19653.06,38296.77,UPI,Recovered,No,2,Yes,A-,16.8
P100948,2025-02-24,82,Female,Trichy,ENT,Dr. F,Hypertension,Medium,Inpatient,Yes,39,2,12899.28,4633.54,7135.47,3629.76,21498.80,Insurance,Recovered,Yes,1,No,A+,20.8
P100949,2025-09-14,82,Female,Salem,Orthopedics,Dr. B,Diabetes,Low,Emergency,No,36,1,13208.56,11113.86,6818.86,1923.32,22014.27,Cash,Referred,No,5,No,AB+,36.3
P100950,2025-06-15,6,Female,Vellore,Oncology,Dr. E,Fracture,Medium,Inpatient,No,81,3,14135.26,1082.26,5254.92,7684.50,23558.76,Card,Under Treatment,No,5,Yes,A-,36.3
P100951,2025-02-24,88,Male,Salem,Orthopedics,Dr. A,Hypertension,Medium,Emergency,Yes,126,5,15084.43,9983.25,242.33,5368.85,25140.72,Insurance,Recovered,Yes,5,No,AB+,34.2
P100952,2025-01-14,41,Female,Salem,Pediatrics,Dr. G,Cancer,Medium,Inpatient,No,12,4,9234.38,391.67,4264.52,5034.64,15390.63,Cash,Recovered,Yes,5,No,O+,27.7
P100953,2025-01-25,61,Female,Salem,Cardiology,Dr. C,Asthma,Medium,Inpatient,Yes,71,3,11525.80,5367.19,6007.01,5867.58,19209.67,Card,Under Treatment,Yes,4,No,O+,31.5
P100954,2025-06-06,16,Female,Vellore,Orthopedics,Dr. F,Diabetes,Medium,Outpatient,Yes,76,3,12102.56,3428.81,7282.54,6870.51,20170.93,Insurance,Recovered,Yes,3,No,AB+,28.8
P100955,2025-12-04,7,Female,Chennai,General Medicine,Dr. B,Hypertension,Low,Inpatient,Yes,168,1,4760.27,2786.48,1161.42,2793.88,7933.79,Card,Recovered,No,5,Yes,AB+,30.7
P100956,2025-07-30,81,Female,Chennai,Oncology,Dr. C,Fracture,Medium,Emergency,Yes,165,2,7399.85,1408.33,2807.74,1745.38,12333.09,Cash,Referred,Yes,1,No,O-,24.9
P100957,2025-12-05,62,Female,Salem,Oncology,Dr. A,Migraine,High,Inpatient,Yes,178,12,18625.27,7798.81,7117.46,12603.12,31042.12,Card,Recovered,Yes,4,No,O-,24.8
P100958,2025-02-04,90,Male,Vellore,Oncology,Dr. A,Asthma,Low,Outpatient,No,161,0,9396.38,8098.97,3663.33,0.00,15660.63,Card,Recovered,Yes,1,Yes,A-,34.3
P100959,2025-05-12,36,Female,Madurai,General Medicine,Dr. H,Cancer,High,Emergency,Yes,83,9,12013.08,2303.76,773.23,14334.75,20021.80,Card,Referred,Yes,2,No,O-,30.1
P100960,2025-01-04,1,Male,Salem,Orthopedics,Dr. E,Asthma,Low,Inpatient,No,177,2,8905.52,1471.83,5179.99,2146.00,14842.53,Insurance,Recovered,Yes,5,No,O-,16.6
P100961,2025-01-29,34,Male,Coimbatore,Oncology,Dr. C,Asthma,Low,Outpatient,Yes,19,0,11514.80,6299.89,7984.89,0.00,19191.33,Card,Referred,No,5,No,A+,31.3
P100962,2025-08-02,82,Female,Trichy,Orthopedics,Dr. G,Cancer,High,Outpatient,No,137,12,26799.46,4271.49,1906.52,31394.52,44665.76,Cash,Recovered,No,5,No,A+,26.5
P100963,2025-09-20,42,Male,Chennai,ENT,Dr. D,Asthma,High,Outpatient,Yes,87,9,6952.73,2781.01,937.62,4638.78,11587.88,Insurance,Recovered,Yes,2,Yes,O-,19.7
P100964,2025-02-19,28,Female,Madurai,General Medicine,Dr. F,Migraine,High,Emergency,Yes,83,8,19210.31,8462.67,2432.04,20185.36,32017.18,Card,Under Treatment,No,5,No,O+,28.1
P100965,2025-12-20,51,Male,Madurai,Pediatrics,Dr. G,Fracture,High,Outpatient,Yes,146,5,21532.41,7905.78,7552.85,12777.35,35887.35,Insurance,Under Treatment,Yes,3,No,A+,22.7
P100966,2025-03-17,78,Female,Coimbatore,ENT,Dr. G,Hypertension,Low,Outpatient,Yes,134,2,10343.59,9215.26,3898.23,2885.06,17239.32,Cash,Under Treatment,No,1,Yes,A-,20.8
P100967,2025-02-24,22,Female,Chennai,General Medicine,Dr. H,Fever,High,Outpatient,No,100,5,9068.58,935.17,4540.06,3485.30,15114.30,UPI,Recovered,Yes,1,Yes,B+,35.4
P100968,2025-04-30,83,Female,Trichy,General Medicine,Dr. E,Fracture,Medium,Outpatient,Yes,77,4,14974.04,9113.22,2606.07,6071.76,24956.74,Card,Recovered,No,3,No,A+,33.6
P100969,2025-01-24,85,Male,Chennai,Neurology,Dr. E,Diabetes,Medium,Emergency,No,125,4,9939.23,2532.40,1879.10,10896.20,16565.38,Insurance,Under Treatment,Yes,5,Yes,A-,22.3
P100970,2025-06-02,4,Female,Coimbatore,Neurology,Dr. F,Migraine,Low,Outpatient,No,86,0,13075.72,7904.30,7723.55,0.00,21792.87,UPI,Recovered,No,1,No,A-,22.2
P100971,2025-12-20,55,Female,Trichy,ENT,Dr. A,Hypertension,Medium,Emergency,No,122,3,10309.26,834.51,5846.15,7288.98,17182.10,Insurance,Recovered,No,5,Yes,B+,37.4
P100972,2025-12-11,30,Male,Trichy,General Medicine,Dr. A,Cancer,Low,Inpatient,No,172,2,12256.65,9803.88,1712.08,1916.60,20427.75,Insurance,Referred,Yes,2,Yes,O+,23.5
P100973,2025-10-31,25,Female,Trichy,Orthopedics,Dr. B,Fracture,Medium,Inpatient,No,100,5,15538.84,4243.89,4015.30,14217.30,25898.06,Cash,Under Treatment,No,4,No,O-,23.8
P100974,2025-04-07,67,Male,Chennai,ENT,Dr. D,Diabetes,Medium,Inpatient,No,44,4,10984.93,3604.80,771.41,4774.88,18308.21,Cash,Under Treatment,No,5,No,A-,34.9
P100975,2025-06-21,45,Female,Vellore,Pediatrics,Dr. H,Migraine,Medium,Inpatient,No,171,3,16918.20,6927.94,7105.68,4977.57,28197.00,Insurance,Under Treatment,Yes,2,No,B+,25.0
P100976,2025-07-19,69,Female,Chennai,Pediatrics,Dr. D,Asthma,High,Emergency,No,25,11,16805.36,4665.10,903.56,20028.36,28008.94,Cash,Referred,Yes,5,No,A-,24.4
P100977,2025-03-06,82,Male,Vellore,Cardiology,Dr. B,Cancer,Medium,Outpatient,Yes,39,5,14907.44,11008.55,6973.04,3759.30,24845.73,Insurance,Referred,Yes,1,No,A-,23.4
P100978,2025-08-01,19,Female,Madurai,ENT,Dr. F,Fracture,High,Inpatient,No,67,6,16267.91,11789.37,6716.23,6368.34,27113.18,Card,Referred,No,1,No,A-,32.3
P100979,2025-05-20,19,Male,Chennai,Orthopedics,Dr. C,Asthma,Medium,Outpatient,Yes,128,2,12452.54,11633.93,2756.40,1250.80,20754.24,UPI,Recovered,No,4,No,AB+,32.4
P100980,2025-10-26,40,Female,Trichy,Neurology,Dr. H,Hypertension,Medium,Inpatient,No,111,4,14357.92,7635.53,5309.10,6214.40,23929.86,UPI,Under Treatment,Yes,2,Yes,A-,20.5
P100981,2025-04-26,50,Female,Salem,Oncology,Dr. B,Hypertension,High,Inpatient,No,53,6,16341.08,7618.75,3664.51,9287.88,27235.13,UPI,Referred,No,1,No,A-,17.8
P100982,2025-12-15,50,Male,Vellore,Cardiology,Dr. G,Diabetes,High,Emergency,No,59,6,16908.39,7279.61,7546.26,8403.90,28180.65,UPI,Referred,No,1,No,A-,21.1
P100983,2025-04-27,16,Female,Vellore,Orthopedics,Dr. C,Fracture,Low,Inpatient,Yes,127,1,9347.90,4754.21,5997.89,1846.05,15579.84,UPI,Under Treatment,No,5,No,A+,18.4
P100984,2025-12-25,82,Male,Chennai,Oncology,Dr. G,Cancer,High,Outpatient,No,34,6,13198.67,8036.81,5176.57,5078.82,21997.79,Insurance,Under Treatment,Yes,1,Yes,AB+,35.0
P100985,2025-09-04,52,Female,Salem,ENT,Dr. F,Fracture,High,Inpatient,No,163,7,15755.34,4457.40,2761.66,18100.04,26258.90,Insurance,Recovered,No,3,No,B+,24.2
P100986,2025-03-13,3,Female,Madurai,ENT,Dr. C,Migraine,Low,Emergency,Yes,33,0,11515.04,3181.45,6333.52,0.00,19191.74,Insurance,Referred,Yes,2,No,B+,32.2
P100987,2025-09-24,16,Female,Coimbatore,Pediatrics,Dr. F,Fever,High,Inpatient,Yes,115,8,20814.13,6674.07,2570.42,19038.40,34690.21,UPI,Under Treatment,No,3,No,O-,35.5
P100988,2025-12-31,15,Female,Coimbatore,ENT,Dr. D,Hypertension,High,Emergency,Yes,165,8,13961.80,2745.95,5779.80,13361.52,23269.67,Cash,Recovered,No,1,No,A-,29.6
P100989,2025-08-07,59,Female,Trichy,General Medicine,Dr. G,Asthma,Medium,Inpatient,Yes,170,4,13730.90,9242.68,2703.99,8002.48,22884.84,Cash,Recovered,Yes,5,No,B+,16.5
P100990,2025-11-07,16,Male,Salem,Neurology,Dr. B,Hypertension,High,Outpatient,Yes,139,12,23035.20,4063.10,3364.57,28327.80,38392.00,Card,Recovered,No,3,Yes,A+,37.0
P100991,2025-02-19,44,Female,Trichy,General Medicine,Dr. A,Hypertension,Low,Outpatient,Yes,14,0,11221.23,10608.21,5112.30,0.00,18702.05,UPI,Recovered,Yes,1,No,O+,37.5
P100992,2025-08-17,36,Female,Trichy,General Medicine,Dr. E,Cancer,High,Inpatient,Yes,41,8,11465.12,5439.50,3161.47,9245.36,19108.54,Insurance,Under Treatment,No,5,No,O+,28.3
P100993,2025-11-26,84,Male,Vellore,Oncology,Dr. E,Migraine,Medium,Outpatient,No,28,4,12300.71,1222.49,7309.27,5457.16,20501.18,Cash,Referred,No,1,Yes,B+,20.4
P100994,2025-01-12,15,Female,Trichy,General Medicine,Dr. H,Fracture,Medium,Emergency,Yes,75,2,14894.52,11457.40,6488.97,1301.02,24824.20,Cash,Under Treatment,No,4,Yes,A-,25.0
P100995,2025-09-10,63,Male,Madurai,Cardiology,Dr. B,Cancer,Low,Inpatient,No,67,2,11036.18,8239.66,2500.65,2329.20,18393.64,Cash,Recovered,No,1,Yes,AB+,16.2
P100996,2025-01-21,10,Male,Vellore,ENT,Dr. D,Hypertension,Low,Outpatient,No,180,1,14291.15,8983.62,4513.30,1677.05,23818.58,Insurance,Referred,Yes,5,No,O-,22.2
P100997,2025-09-27,71,Male,Trichy,Pediatrics,Dr. A,Fracture,Low,Outpatient,No,76,0,7151.60,7057.71,2111.23,0.00,11919.34,UPI,Recovered,Yes,4,No,AB+,20.5
P100998,2025-10-12,53,Male,Chennai,Orthopedics,Dr. D,Fever,Medium,Emergency,Yes,157,4,9487.64,9971.04,1653.24,3289.24,15812.73,Card,Under Treatment,No,2,No,AB+,16.1
P100999,2025-12-04,78,Male,Vellore,Pediatrics,Dr. C,Cancer,Medium,Outpatient,No,69,5,12711.05,9022.55,530.68,8732.10,21185.08,UPI,Referred,Yes,2,Yes,B+,28.4
P101000,2025-07-25,65,Female,Salem,Pediatrics,Dr. F,Migraine,High,Outpatient,No,116,11,23481.57,10227.29,7970.60,11505.23,39135.95,Card,Under Treatment,Yes,2,No,AB+,20.1
P101001,2025-10-12,61,Male,Madurai,Orthopedics,Dr. B,Migraine,Medium,Emergency,No,44,4,18479.53,8252.25,6576.76,8820.84,30799.21,UPI,Under Treatment,Yes,2,No,O+,37.1
P101002,2025-05-10,62,Male,Salem,Neurology,Dr. D,Asthma,Medium,Outpatient,No,34,3,12120.31,10966.31,2753.15,5121.24,20200.52,Cash,Referred,No,1,No,B+,30.7
P101003,2025-03-24,8,Male,Coimbatore,ENT,Dr. H,Fracture,High,Outpatient,Yes,132,10,18147.34,3039.80,2238.40,19686.80,30245.56,UPI,Referred,Yes,1,Yes,B+,34.4
P101004,2025-01-27,18,Female,Vellore,Neurology,Dr. E,Cancer,Low,Outpatient,Yes,17,2,17209.36,10737.31,7318.45,3198.28,28682.27,Cash,Under Treatment,No,2,No,O-,35.3
P101005,2025-01-16,55,Female,Trichy,ENT,Dr. F,Asthma,Low,Inpatient,Yes,8,2,12627.50,5838.99,3963.21,2569.96,21045.84,Cash,Recovered,No,2,Yes,B+,28.1
P101006,2025-04-19,89,Female,Salem,General Medicine,Dr. H,Fracture,Medium,Emergency,Yes,8,4,13781.02,4701.05,1043.13,7617.84,22968.37,Cash,Referred,Yes,4,No,O+,33.2
P101007,2025-02-10,45,Female,Madurai,Oncology,Dr. D,Migraine,Low,Inpatient,No,180,0,11084.87,8985.03,6687.98,0.00,18474.78,Card,Recovered,Yes,5,No,A+,35.3
P101008,2025-09-16,63,Male,Trichy,ENT,Dr. A,Diabetes,High,Inpatient,No,47,6,17409.25,9897.19,6024.24,9655.62,29015.41,UPI,Referred,No,1,Yes,O+,31.3
P101009,2025-10-11,44,Female,Vellore,Cardiology,Dr. A,Diabetes,Low,Outpatient,No,178,2,11960.52,6305.66,1083.87,4964.56,19934.20,Cash,Referred,No,4,No,O-,22.1
P101010,2025-10-27,30,Male,Madurai,ENT,Dr. B,Fever,Medium,Inpatient,Yes,151,5,18951.73,9932.98,2361.37,9497.95,31586.22,Insurance,Referred,Yes,2,Yes,O+,27.2
P101011,2025-09-20,35,Female,Coimbatore,Orthopedics,Dr. D,Hypertension,Low,Emergency,No,159,1,8753.59,2488.28,5676.53,538.17,14589.32,Cash,Under Treatment,Yes,1,No,AB+,31.1
P101012,2025-01-28,7,Male,Salem,Neurology,Dr. A,Asthma,Low,Outpatient,No,39,1,7640.84,2569.50,6476.25,1197.90,12734.73,Card,Recovered,No,5,Yes,O+,28.7
P101013,2025-11-29,75,Male,Trichy,Oncology,Dr. D,Migraine,Medium,Inpatient,Yes,62,5,10531.09,527.25,1122.82,14258.45,17551.82,Card,Under Treatment,Yes,1,Yes,O-,30.3
P101014,2025-04-26,57,Female,Vellore,ENT,Dr. A,Asthma,Medium,Inpatient,No,84,3,11322.95,7108.61,5299.28,5022.36,18871.58,Card,Recovered,Yes,3,Yes,A-,21.1
P101015,2025-03-13,7,Female,Trichy,Neurology,Dr. A,Diabetes,Medium,Inpatient,Yes,78,2,16225.64,10982.88,1710.58,4372.78,27042.74,UPI,Recovered,Yes,2,No,O-,34.9
P101016,2025-07-03,82,Male,Chennai,General Medicine,Dr. H,Asthma,Medium,Inpatient,Yes,5,4,17201.52,11922.50,5189.90,8868.44,28669.20,Insurance,Recovered,Yes,2,No,AB+,24.0
P101017,2025-08-03,32,Female,Salem,Neurology,Dr. D,Asthma,Medium,Inpatient,No,126,4,14282.94,4685.84,3006.51,9878.20,23804.90,UPI,Under Treatment,No,3,No,AB+,32.7
P101018,2025-10-24,80,Male,Chennai,Pediatrics,Dr. F,Asthma,Low,Outpatient,Yes,31,2,15225.91,8714.86,3852.18,5757.02,25376.51,UPI,Referred,No,1,No,B+,37.7
P101019,2025-03-17,47,Female,Chennai,Pediatrics,Dr. A,Diabetes,Low,Inpatient,No,147,1,7433.29,4394.24,881.90,2274.37,12388.81,Card,Referred,No,4,No,O-,32.1
P101020,2025-08-26,20,Female,Trichy,Neurology,Dr. G,Diabetes,Medium,Emergency,Yes,39,2,13176.96,7874.30,7735.54,5310.18,21961.60,Insurance,Recovered,No,3,No,A+,22.9
P101021,2025-01-01,13,Female,Vellore,Neurology,Dr. C,Migraine,Medium,Inpatient,Yes,179,4,9922.98,4618.63,1454.13,5474.56,16538.30,UPI,Recovered,No,2,No,A+,18.7
P101022,2025-01-08,70,Female,Madurai,Cardiology,Dr. A,Diabetes,Low,Outpatient,No,141,2,12098.66,2929.80,6222.48,5371.26,20164.44,Cash,Referred,No,4,Yes,A-,32.1
P101023,2025-04-18,52,Female,Coimbatore,Orthopedics,Dr. B,Asthma,Medium,Outpatient,Yes,172,5,14816.47,9755.37,4903.63,7623.70,24694.12,Card,Under Treatment,No,4,No,A-,29.7
P101024,2025-12-17,19,Female,Coimbatore,Cardiology,Dr. D,Fever,High,Outpatient,Yes,85,10,15100.84,6918.24,2381.80,11823.00,25168.06,Cash,Referred,No,4,Yes,A-,22.0
P101025,2025-07-08,83,Male,Coimbatore,Pediatrics,Dr. E,Fracture,Medium,Emergency,Yes,123,3,5930.76,1416.41,4831.24,2709.75,9884.60,UPI,Recovered,Yes,4,No,O+,26.1
P101026,2025-05-29,62,Female,Madurai,ENT,Dr. C,Cancer,Low,Emergency,No,64,2,17586.31,11917.57,7103.24,5774.30,29310.52,Cash,Referred,Yes,2,No,AB+,22.1
P101027,2025-04-27,32,Male,Chennai,Pediatrics,Dr. G,Hypertension,Low,Outpatient,No,35,1,11392.92,11578.68,3694.10,1485.95,18988.20,UPI,Referred,Yes,2,No,A-,24.7
P101028,2025-03-05,35,Male,Salem,Oncology,Dr. G,Cancer,Low,Outpatient,No,45,2,9100.36,2358.77,7115.86,1136.42,15167.27,Insurance,Recovered,No,2,Yes,A+,36.4
P101029,2025-11-20,77,Female,Salem,Oncology,Dr. B,Asthma,Medium,Outpatient,Yes,68,3,16649.88,11347.56,4953.14,2251.68,27749.80,Card,Under Treatment,Yes,4,No,AB+,26.1
P101030,2025-01-27,88,Female,Salem,Cardiology,Dr. H,Asthma,Medium,Inpatient,No,111,3,9197.11,2867.81,882.86,4860.63,15328.51,Cash,Under Treatment,Yes,4,No,B+,26.0
P101031,2025-06-23,4,Male,Salem,Pediatrics,Dr. G,Migraine,Medium,Emergency,Yes,118,5,15554.92,8554.62,4718.00,10993.00,25924.87,Cash,Referred,No,2,Yes,A+,17.2
P101032,2025-11-30,61,Male,Chennai,Cardiology,Dr. E,Cancer,High,Outpatient,No,97,8,15128.12,9932.75,4835.71,7063.92,25213.54,Cash,Under Treatment,Yes,3,No,A+,31.3
P101033,2025-08-24,48,Female,Salem,Neurology,Dr. H,Hypertension,Low,Outpatient,No,21,2,7572.04,1809.90,2922.08,4630.96,12620.06,Card,Referred,Yes,5,Yes,AB+,26.9
P101034,2025-01-22,83,Male,Trichy,General Medicine,Dr. G,Asthma,Low,Inpatient,No,40,2,14932.59,8940.04,7551.64,5750.02,24887.65,Card,Under Treatment,Yes,2,Yes,B+,18.4
P101035,2025-02-17,81,Male,Salem,General Medicine,Dr. G,Fracture,Low,Outpatient,No,15,0,5343.90,4056.84,1382.11,0.00,8906.50,Card,Referred,Yes,3,Yes,A+,22.6
P101036,2025-03-27,79,Female,Coimbatore,General Medicine,Dr. B,Cancer,Low,Outpatient,No,178,0,9475.39,4561.81,2608.26,0.00,15792.31,UPI,Recovered,Yes,4,No,A+,16.3
P101037,2025-08-31,50,Female,Trichy,Pediatrics,Dr. B,Hypertension,Low,Emergency,Yes,66,2,9330.86,7415.29,608.06,4863.74,15551.43,UPI,Recovered,Yes,3,Yes,O+,27.6
P101038,2025-04-20,68,Male,Salem,Cardiology,Dr. D,Migraine,Medium,Inpatient,No,61,2,17161.33,8952.05,7089.57,5202.36,28602.22,Card,Under Treatment,No,2,Yes,B+,17.1
P101039,2025-06-14,36,Female,Coimbatore,Pediatrics,Dr. C,Fever,High,Outpatient,Yes,69,9,13617.87,10509.08,1639.98,6622.74,22696.45,Insurance,Recovered,Yes,5,No,B+,16.0
P101040,2025-10-16,10,Male,Madurai,ENT,Dr. G,Fever,Medium,Outpatient,No,13,4,17709.86,10357.22,730.68,8613.52,29516.43,UPI,Recovered,Yes,1,No,A-,22.5
P101041,2025-12-22,21,Male,Salem,ENT,Dr. A,Diabetes,High,Inpatient,No,150,11,14716.72,2052.67,7337.66,7738.06,24527.86,Card,Under Treatment,No,1,No,A+,17.9
P101042,2025-08-15,69,Female,Madurai,General Medicine,Dr. B,Fracture,Medium,Outpatient,Yes,71,3,7297.70,2398.20,3259.44,5452.14,12162.84,Insurance,Under Treatment,No,2,No,B+,22.8
P101043,2025-03-17,28,Male,Chennai,Neurology,Dr. B,Fever,Medium,Emergency,Yes,74,2,6852.01,4983.17,966.63,1763.62,11420.02,Cash,Under Treatment,No,3,No,O-,30.9
P101044,2025-02-01,77,Female,Trichy,Pediatrics,Dr. D,Cancer,Low,Inpatient,No,96,1,9486.28,8418.98,4176.60,2215.99,15810.47,UPI,Referred,No,5,No,O-,37.8
P101045,2025-03-30,35,Male,Coimbatore,Orthopedics,Dr. D,Hypertension,Low,Outpatient,Yes,180,0,10442.62,4096.47,6110.26,0.00,17404.37,Cash,Referred,No,4,No,A+,21.6
P101046,2025-03-10,40,Male,Trichy,Orthopedics,Dr. E,Fracture,Medium,Outpatient,No,157,4,21504.19,8671.40,7126.87,10081.40,35840.32,Cash,Recovered,Yes,2,Yes,A+,36.9
P101047,2025-03-01,61,Female,Coimbatore,ENT,Dr. F,Asthma,Medium,Inpatient,No,72,2,8617.64,7622.10,3106.95,1525.64,14362.73,Cash,Referred,No,2,Yes,B+,21.3
P101048,2025-09-17,74,Male,Salem,Neurology,Dr. B,Hypertension,Medium,Inpatient,No,105,4,10043.85,4570.90,3991.96,4021.16,16739.75,UPI,Referred,Yes,2,Yes,O-,28.0
P101049,2025-10-05,68,Female,Coimbatore,General Medicine,Dr. B,Fever,High,Outpatient,No,152,7,16219.46,1589.64,3334.93,16146.27,27032.44,Cash,Referred,No,3,Yes,A-,23.7
P101050,2025-01-31,72,Female,Trichy,Neurology,Dr. E,Migraine,High,Emergency,No,165,6,16413.28,5604.49,5456.84,7788.12,27355.47,Insurance,Referred,No,5,Yes,A+,19.6
P101051,2025-12-28,3,Male,Vellore,Orthopedics,Dr. B,Fracture,Low,Inpatient,No,122,0,8197.02,7376.43,3775.93,0.00,13661.70,Cash,Under Treatment,No,2,Yes,B+,22.4
P101052,2025-10-19,30,Male,Madurai,Orthopedics,Dr. B,Diabetes,Low,Outpatient,No,166,2,12678.12,5345.03,4465.28,3329.78,21130.20,UPI,Under Treatment,No,1,Yes,B+,30.2
P101053,2025-11-08,70,Male,Vellore,Pediatrics,Dr. B,Asthma,Medium,Outpatient,No,52,5,19173.93,7052.52,1844.70,14273.85,31956.55,Cash,Recovered,No,2,Yes,O+,32.7
P101054,2025-03-10,31,Male,Coimbatore,ENT,Dr. H,Fever,Medium,Outpatient,Yes,46,3,13954.14,6180.49,2702.52,7243.71,23256.90,Cash,Referred,Yes,3,Yes,A-,25.1
P101055,2025-10-04,9,Male,Salem,Orthopedics,Dr. H,Cancer,Medium,Inpatient,No,110,3,15908.34,8883.79,2731.57,6293.73,26513.90,Cash,Referred,No,3,Yes,AB+,21.5
P101056,2025-12-25,90,Female,Coimbatore,Orthopedics,Dr. A,Migraine,Medium,Outpatient,No,96,2,16307.88,8310.43,4349.72,5323.70,27179.80,Card,Recovered,Yes,1,Yes,A+,29.2
P101057,2025-09-05,90,Male,Trichy,ENT,Dr. A,Fever,Medium,Emergency,No,124,3,11661.12,9630.45,5506.08,1995.96,19435.20,UPI,Recovered,No,2,No,O+,32.3
P101058,2025-04-25,53,Female,Madurai,Oncology,Dr. D,Fracture,High,Emergency,Yes,45,5,8690.78,7123.76,2833.45,3219.55,14484.64,UPI,Under Treatment,Yes,3,No,B+,33.5
P101059,2025-04-07,60,Male,Trichy,Orthopedics,Dr. G,Asthma,Medium,Outpatient,No,87,5,11558.77,2757.59,1665.06,4883.20,19264.62,Insurance,Referred,Yes,5,Yes,A-,17.9
P101060,2025-07-29,22,Female,Trichy,Neurology,Dr. D,Cancer,Medium,Outpatient,Yes,26,4,13814.48,11332.96,930.02,9735.76,23024.14,UPI,Referred,Yes,5,No,A-,24.6
P101061,2025-04-03,66,Female,Chennai,General Medicine,Dr. E,Asthma,Medium,Outpatient,Yes,64,3,9483.98,7339.00,5320.81,2463.30,15806.64,Card,Under Treatment,No,5,No,O+,29.2
P101062,2025-05-06,8,Female,Vellore,Cardiology,Dr. D,Diabetes,High,Inpatient,No,5,9,23617.99,6805.58,2439.07,24878.34,39363.32,Card,Referred,No,5,Yes,B+,25.2
P101063,2025-06-30,60,Male,Trichy,General Medicine,Dr. H,Diabetes,High,Inpatient,Yes,149,5,15455.26,1832.35,5815.09,9035.05,25758.76,Insurance,Referred,Yes,5,Yes,B+,35.2
P101064,2025-09-09,31,Female,Trichy,Pediatrics,Dr. C,Cancer,Medium,Outpatient,No,14,3,7618.76,3849.83,2234.70,2668.92,12697.93,Insurance,Recovered,Yes,3,No,A+,36.5
P101065,2025-08-28,86,Female,Chennai,ENT,Dr. C,Diabetes,Low,Inpatient,No,84,1,6135.96,851.24,5008.16,2938.78,10226.60,Insurance,Recovered,Yes,2,No,A+,33.2
P101066,2025-05-16,47,Female,Trichy,Orthopedics,Dr. F,Fracture,Low,Inpatient,Yes,67,2,9003.44,2941.31,6732.73,2822.56,15005.73,UPI,Recovered,Yes,3,Yes,A+,22.0
P101067,2025-09-25,83,Female,Madurai,General Medicine,Dr. C,Migraine,Medium,Inpatient,No,103,5,20202.67,5505.37,4018.96,14733.75,33671.11,Cash,Recovered,No,5,No,O+,31.6
P101068,2025-11-28,86,Male,Madurai,Oncology,Dr. B,Asthma,Low,Outpatient,Yes,141,0,11244.53,9155.05,6560.61,0.00,18740.88,Cash,Under Treatment,Yes,5,No,A-,18.9
P101069,2025-02-10,25,Male,Coimbatore,Orthopedics,Dr. A,Migraine,Low,Outpatient,No,148,1,9155.79,4077.57,2587.42,1831.81,15259.65,UPI,Recovered,Yes,4,Yes,A-,25.1
P101070,2025-02-15,4,Female,Vellore,Orthopedics,Dr. F,Diabetes,High,Inpatient,No,66,7,23319.77,9734.55,5952.03,14232.54,38866.29,UPI,Recovered,No,2,Yes,B+,33.3
P101071,2025-06-30,57,Female,Salem,Pediatrics,Dr. E,Hypertension,Medium,Emergency,Yes,73,5,8274.97,4814.12,1575.64,5160.75,13791.61,Card,Referred,Yes,3,Yes,A+,29.2
P101072,2025-04-24,80,Female,Salem,Neurology,Dr. H,Migraine,Low,Outpatient,No,67,0,10915.21,3706.53,5161.42,0.00,18192.01,Cash,Under Treatment,Yes,5,Yes,O-,35.8
P101073,2025-10-04,69,Male,Coimbatore,Orthopedics,Dr. F,Diabetes,Low,Inpatient,No,54,0,5274.14,476.97,994.80,0.00,8790.24,Cash,Recovered,No,5,Yes,A-,37.4
P101074,2025-06-26,45,Female,Madurai,General Medicine,Dr. D,Fracture,Low,Outpatient,No,82,1,8966.98,7297.22,3470.76,1819.57,14944.97,Cash,Under Treatment,Yes,1,No,O-,35.2
P101075,2025-05-24,51,Male,Chennai,Neurology,Dr. A,Migraine,Low,Emergency,Yes,68,2,9476.11,2245.70,5596.34,1329.04,15793.51,UPI,Recovered,No,4,Yes,A-,32.4
P101076,2025-05-08,81,Female,Salem,ENT,Dr. C,Migraine,Medium,Emergency,No,140,5,8724.23,3472.98,812.49,7808.30,14540.39,Cash,Referred,Yes,3,Yes,B+,27.3
P101077,2025-10-08,1,Female,Chennai,ENT,Dr. H,Diabetes,High,Emergency,Yes,85,9,23144.32,8616.82,4518.31,19569.96,38573.86,Insurance,Under Treatment,No,1,No,B+,31.5
P101078,2025-09-26,34,Male,Salem,General Medicine,Dr. B,Hypertension,Low,Emergency,No,113,1,2489.56,968.21,382.92,1506.81,4149.27,Card,Under Treatment,Yes,2,Yes,A-,23.4
P101079,2025-05-05,55,Male,Trichy,Oncology,Dr. C,Asthma,High,Outpatient,Yes,146,5,12104.77,1221.29,4599.35,11504.70,20174.62,UPI,Under Treatment,No,2,Yes,A+,22.2
P101080,2025-11-19,6,Female,Madurai,Oncology,Dr. E,Fracture,Low,Emergency,Yes,90,0,8081.75,3633.77,4478.87,0.00,13469.58,Card,Referred,Yes,2,Yes,B+,16.4
P101081,2025-09-30,88,Male,Vellore,ENT,Dr. A,Asthma,Medium,Emergency,Yes,95,2,9102.51,1015.97,4252.66,3088.66,15170.85,Card,Recovered,No,5,No,O+,37.2
P101082,2025-06-03,73,Male,Salem,Cardiology,Dr. C,Fever,Medium,Outpatient,No,89,4,15571.49,8649.37,3949.62,5815.20,25952.48,Card,Referred,No,2,No,B+,22.1
P101083,2025-06-10,15,Female,Salem,General Medicine,Dr. C,Cancer,High,Outpatient,Yes,70,9,10979.10,640.61,6496.44,5389.74,18298.50,UPI,Recovered,Yes,3,No,O-,30.8
P101084,2025-05-29,35,Male,Salem,General Medicine,Dr. E,Fracture,High,Outpatient,No,5,9,17304.12,3851.99,7353.63,10759.95,28840.20,Card,Recovered,Yes,3,No,O+,20.6
P101085,2025-05-08,8,Male,Trichy,Pediatrics,Dr. D,Asthma,Low,Emergency,Yes,50,0,10115.10,6016.57,4096.34,0.00,16858.50,UPI,Recovered,No,1,Yes,AB+,32.0
P101086,2025-08-25,1,Female,Trichy,Pediatrics,Dr. D,Fever,High,Inpatient,No,58,10,22896.26,10154.25,1745.67,20956.20,38160.43,Insurance,Recovered,No,1,No,A+,30.2
P101087,2025-09-26,58,Female,Vellore,General Medicine,Dr. G,Migraine,Low,Inpatient,No,130,1,10877.68,7559.30,3616.53,1497.47,18129.46,Cash,Recovered,Yes,4,No,A-,16.2
P101088,2025-10-03,16,Female,Salem,ENT,Dr. D,Fever,Medium,Outpatient,No,65,2,5078.38,2435.60,875.44,3086.26,8463.96,Cash,Under Treatment,Yes,4,No,AB+,35.0
P101089,2025-12-20,25,Female,Madurai,Cardiology,Dr. H,Hypertension,Medium,Inpatient,No,130,3,4499.70,1216.30,1472.09,2239.38,7499.50,Cash,Under Treatment,Yes,1,No,AB+,29.7
P101090,2025-12-22,84,Female,Trichy,ENT,Dr. B,Fever,Low,Inpatient,Yes,165,2,9138.56,11129.46,653.62,1238.36,15230.93,Card,Under Treatment,Yes,2,No,O-,32.7
P101091,2025-07-10,6,Male,Coimbatore,Oncology,Dr. E,Cancer,High,Emergency,Yes,161,10,14775.71,10922.13,475.22,5105.90,24626.18,Card,Referred,Yes,4,No,B+,23.5
P101092,2025-05-05,84,Female,Vellore,ENT,Dr. C,Diabetes,Low,Emergency,No,38,1,10242.10,10404.53,3666.79,1425.66,17070.16,UPI,Under Treatment,No,5,Yes,A-,24.5
P101093,2025-02-17,14,Female,Salem,Neurology,Dr. C,Fracture,Medium,Outpatient,Yes,73,2,6824.30,1578.95,2269.67,1709.48,11373.84,Cash,Referred,Yes,4,No,O-,19.7
P101094,2025-12-28,38,Female,Vellore,Pediatrics,Dr. H,Diabetes,Medium,Inpatient,No,126,5,9334.57,921.27,1187.19,7704.70,15557.61,Insurance,Referred,Yes,2,No,O-,29.9
P101095,2025-03-19,21,Female,Vellore,Oncology,Dr. A,Asthma,Low,Outpatient,No,62,1,7884.10,1033.27,985.33,1408.13,13140.17,Card,Referred,Yes,4,No,O+,37.8
P101096,2025-12-30,86,Female,Trichy,ENT,Dr. G,Asthma,High,Inpatient,No,176,6,20928.28,9377.90,3875.78,17343.12,34880.47,UPI,Under Treatment,Yes,1,No,B+,20.5
P101097,2025-01-24,48,Female,Vellore,Oncology,Dr. D,Cancer,Medium,Emergency,No,98,2,14970.82,9287.21,3904.86,4452.52,24951.36,Cash,Referred,No,1,No,A-,31.0
P101098,2025-09-16,57,Male,Coimbatore,Oncology,Dr. B,Cancer,High,Emergency,Yes,80,9,25984.15,8167.28,5654.50,23718.60,43306.92,Insurance,Under Treatment,No,2,Yes,A+,22.0
P101099,2025-10-19,79,Male,Madurai,Orthopedics,Dr. F,Diabetes,Low,Outpatient,No,61,1,12632.00,10402.80,6339.40,2762.12,21053.33,Insurance,Under Treatment,No,4,No,B+,27.9
P101100,2025-11-29,11,Male,Salem,Orthopedics,Dr. A,Fever,High,Emergency,No,153,9,14317.19,4864.03,1453.16,14919.21,23861.98,Card,Under Treatment,Yes,1,No,A+,36.4
P101101,2025-06-30,50,Female,Madurai,Orthopedics,Dr. H,Asthma,High,Emergency,Yes,24,5,18580.49,7722.06,7814.22,13847.45,30967.48,Cash,Recovered,Yes,5,No,AB+,16.5
P101102,2025-10-12,82,Female,Madurai,Orthopedics,Dr. F,Migraine,Medium,Outpatient,Yes,15,4,10763.92,6062.48,6440.46,3801.08,17939.87,Insurance,Under Treatment,No,3,No,A-,30.6
P101103,2025-07-15,23,Female,Chennai,Neurology,Dr. F,Migraine,Low,Inpatient,No,117,2,9723.86,3418.39,2734.24,3578.20,16206.44,Card,Recovered,Yes,4,No,A-,19.2
P101104,2025-12-07,53,Female,Vellore,Pediatrics,Dr. D,Asthma,Medium,Emergency,Yes,150,4,6385.44,1839.64,1931.69,5717.68,10642.40,Cash,Recovered,Yes,2,No,A+,31.4
P101105,2025-07-29,74,Female,Vellore,Neurology,Dr. B,Fracture,High,Inpatient,Yes,146,5,22330.36,5622.90,7157.18,14474.55,37217.26,Card,Referred,Yes,1,Yes,A-,18.2
P101106,2025-02-20,67,Female,Vellore,Orthopedics,Dr. G,Fever,Medium,Inpatient,No,74,5,16479.10,8424.49,5012.14,11777.60,27465.17,Cash,Under Treatment,Yes,2,Yes,AB+,19.7
P101107,2025-05-25,38,Male,Salem,Cardiology,Dr. D,Fever,High,Inpatient,No,134,9,25153.00,5532.55,4544.45,22541.22,41921.66,Card,Under Treatment,Yes,3,Yes,O-,21.5
P101108,2025-09-03,23,Male,Vellore,General Medicine,Dr. A,Hypertension,Medium,Emergency,No,37,3,13926.55,6795.54,4233.31,4441.05,23210.92,Insurance,Under Treatment,Yes,2,Yes,B+,17.5
P101109,2025-05-07,31,Female,Salem,Pediatrics,Dr. E,Asthma,High,Inpatient,Yes,85,9,16203.33,5485.09,2280.03,11622.69,27005.55,Insurance,Recovered,Yes,1,Yes,AB+,29.5
P101110,2025-08-08,49,Male,Trichy,General Medicine,Dr. A,Migraine,High,Emergency,Yes,109,9,20743.04,11761.60,2570.69,10354.32,34571.74,Insurance,Under Treatment,Yes,3,No,O-,35.7
P101111,2025-03-21,54,Male,Trichy,Oncology,Dr. A,Cancer,Medium,Inpatient,Yes,65,3,9937.12,4695.17,6876.51,3443.58,16561.87,Insurance,Under Treatment,Yes,4,No,A+,27.7
P101112,2025-05-13,73,Male,Madurai,Oncology,Dr. F,Migraine,High,Outpatient,No,6,7,15950.03,2865.62,919.42,13837.53,26583.39,Card,Under Treatment,No,5,No,B+,20.0
P101113,2025-10-01,77,Male,Vellore,ENT,Dr. F,Asthma,Medium,Outpatient,Yes,47,3,13340.02,6110.74,6422.54,2028.57,22233.37,UPI,Recovered,Yes,4,No,AB+,32.8
P101114,2025-09-05,6,Female,Vellore,Cardiology,Dr. G,Fracture,Low,Outpatient,No,22,1,10405.73,2216.77,7169.78,1689.78,17342.88,Cash,Recovered,Yes,3,No,AB+,20.3
P101115,2025-03-06,80,Female,Madurai,Cardiology,Dr. E,Asthma,Low,Inpatient,No,165,1,11741.97,6997.44,6276.28,757.50,19569.95,UPI,Recovered,Yes,2,No,A-,17.8
P101116,2025-06-05,60,Female,Salem,General Medicine,Dr. B,Fever,High,Outpatient,No,60,9,15460.93,331.93,2620.96,19792.71,25768.21,Insurance,Under Treatment,Yes,4,No,A-,27.7
P101117,2025-05-02,56,Female,Trichy,ENT,Dr. B,Diabetes,Medium,Emergency,No,82,4,12602.83,8641.25,4527.38,4401.44,21004.72,Cash,Recovered,No,5,No,A-,18.4
P101118,2025-04-26,46,Male,Vellore,Pediatrics,Dr. G,Fracture,Low,Inpatient,No,57,1,10156.82,5934.99,2315.48,2946.81,16928.04,UPI,Referred,Yes,3,No,A-,16.1
P101119,2025-01-01,60,Male,Vellore,ENT,Dr. G,Diabetes,Low,Emergency,Yes,156,1,11145.54,9517.82,4669.26,1936.13,18575.90,Cash,Referred,No,5,No,O-,33.0
P101120,2025-07-15,32,Female,Salem,General Medicine,Dr. B,Cancer,Low,Inpatient,Yes,155,1,8823.83,1776.69,6472.78,2700.72,14706.39,Card,Under Treatment,No,3,No,A+,29.2
P101121,2025-12-12,46,Male,Vellore,Orthopedics,Dr. D,Hypertension,Low,Inpatient,Yes,154,0,4865.16,6916.16,611.33,0.00,8108.60,UPI,Under Treatment,Yes,3,Yes,A+,29.0
P101122,2025-12-14,24,Male,Coimbatore,Orthopedics,Dr. F,Diabetes,Low,Outpatient,Yes,108,1,8426.26,7404.93,2886.34,834.44,14043.76,Card,Under Treatment,Yes,5,No,O-,21.5
P101123,2025-07-04,76,Female,Coimbatore,Pediatrics,Dr. C,Asthma,Low,Inpatient,No,120,2,12416.02,8424.73,4317.80,2064.64,20693.37,UPI,Recovered,Yes,2,No,A+,37.1
P101124,2025-01-31,4,Female,Chennai,General Medicine,Dr. D,Diabetes,Low,Inpatient,Yes,52,1,11318.96,5653.03,2485.64,1071.20,18864.93,UPI,Referred,Yes,5,No,B+,28.4
P101125,2025-09-12,23,Male,Coimbatore,Orthopedics,Dr. E,Hypertension,Medium,Inpatient,No,173,5,17948.58,8113.02,6544.37,6791.45,29914.30,Insurance,Recovered,No,1,Yes,B+,17.0
P101126,2025-10-15,2,Male,Coimbatore,Orthopedics,Dr. C,Hypertension,Medium,Inpatient,Yes,178,2,10111.25,4954.67,1564.00,3949.06,16852.08,Cash,Under Treatment,No,4,Yes,AB+,22.6
P101127,2025-08-06,55,Male,Vellore,Oncology,Dr. G,Fever,Medium,Outpatient,Yes,165,4,17561.19,9760.30,5574.76,5629.52,29268.65,Cash,Recovered,Yes,1,No,B+,32.8
P101128,2025-01-12,84,Male,Trichy,ENT,Dr. H,Fever,High,Outpatient,No,20,9,25047.21,9879.58,5258.85,20383.20,41745.35,UPI,Under Treatment,Yes,1,Yes,O+,16.7
P101129,2025-03-19,32,Male,Chennai,Orthopedics,Dr. E,Cancer,High,Emergency,No,162,6,19483.52,7827.63,1706.78,13165.80,32472.53,Card,Recovered,No,5,No,A+,32.6
P101130,2025-09-16,45,Male,Vellore,Cardiology,Dr. H,Hypertension,Medium,Emergency,Yes,54,4,19204.52,6150.01,7065.53,9432.40,32007.53,Cash,Under Treatment,Yes,3,No,O+,19.1
P101131,2025-03-22,23,Male,Chennai,Orthopedics,Dr. E,Cancer,Medium,Outpatient,No,168,4,14376.14,419.55,6220.23,8398.68,23960.24,Card,Under Treatment,No,4,Yes,O+,35.1
P101132,2025-09-20,88,Female,Trichy,General Medicine,Dr. H,Diabetes,Medium,Inpatient,No,129,2,10454.29,9710.73,3689.50,2175.52,17423.81,Cash,Recovered,Yes,3,Yes,B+,19.1
P101133,2025-07-05,28,Male,Madurai,Cardiology,Dr. D,Migraine,Low,Emergency,No,95,1,7764.78,5648.28,1028.32,626.01,12941.30,Insurance,Referred,No,1,Yes,A+,26.8
P101134,2025-06-18,57,Male,Chennai,ENT,Dr. C,Fracture,Low,Inpatient,Yes,102,1,15296.67,10108.18,2704.95,2885.24,25494.45,Card,Referred,No,1,Yes,AB+,30.0
P101135,2025-02-20,59,Male,Coimbatore,Pediatrics,Dr. F,Fever,Medium,Inpatient,Yes,90,2,11729.81,4608.54,4457.98,2309.34,19549.69,Card,Under Treatment,No,4,Yes,A+,34.4
P101136,2025-09-06,90,Female,Vellore,Pediatrics,Dr. B,Hypertension,Medium,Emergency,No,111,3,13888.73,10869.78,1779.97,3343.05,23147.89,Cash,Referred,Yes,1,No,O+,30.2
P101137,2025-06-25,44,Male,Madurai,Oncology,Dr. E,Fracture,Low,Emergency,No,78,2,10845.11,5108.59,2592.61,1396.04,18075.18,Card,Under Treatment,Yes,1,Yes,AB+,16.7
P101138,2025-11-21,54,Female,Salem,Cardiology,Dr. D,Cancer,Medium,Inpatient,No,43,2,9011.76,2300.15,3970.21,3801.54,15019.60,Cash,Under Treatment,No,2,Yes,O-,36.9
P101139,2025-08-12,50,Female,Madurai,Pediatrics,Dr. A,Diabetes,High,Inpatient,Yes,138,5,13782.70,9193.24,4208.13,8091.25,22971.16,Card,Under Treatment,Yes,4,Yes,B+,27.7
P101140,2025-04-30,41,Male,Trichy,ENT,Dr. F,Hypertension,High,Inpatient,Yes,158,6,15365.72,2476.57,3874.22,11574.18,25609.54,Cash,Under Treatment,No,2,Yes,A+,21.5
P101141,2025-09-06,89,Male,Salem,Pediatrics,Dr. F,Migraine,High,Outpatient,No,132,5,13840.52,10543.20,1319.88,8834.65,23067.53,UPI,Referred,Yes,4,No,O+,31.9
P101142,2025-04-30,48,Female,Vellore,Neurology,Dr. H,Fracture,Low,Outpatient,No,177,2,11077.67,6639.63,4464.97,1520.96,18462.79,UPI,Recovered,No,1,Yes,B+,17.5
P101143,2025-11-06,18,Female,Coimbatore,Orthopedics,Dr. G,Fever,Medium,Emergency,Yes,83,4,13899.82,9628.18,3537.68,9441.20,23166.37,Card,Referred,No,4,No,A-,20.0
P101144,2025-11-09,45,Female,Chennai,Cardiology,Dr. B,Diabetes,Low,Emergency,Yes,131,2,10534.97,4100.65,7462.92,5032.40,17558.29,Insurance,Recovered,No,3,No,A+,26.8
P101145,2025-06-06,31,Female,Salem,ENT,Dr. H,Hypertension,Medium,Inpatient,No,11,5,11691.15,5889.28,7572.07,3634.75,19485.25,Card,Recovered,Yes,4,Yes,A+,32.6
P101146,2025-11-10,71,Male,Chennai,Oncology,Dr. G,Cancer,Medium,Outpatient,No,67,2,13151.27,4753.28,6277.74,5284.04,21918.78,Cash,Recovered,No,3,No,O-,31.4
P101147,2025-01-16,51,Male,Chennai,Cardiology,Dr. F,Diabetes,High,Outpatient,Yes,100,5,11998.34,522.69,1373.12,9315.90,19997.23,Cash,Recovered,Yes,4,No,O+,22.6
P101148,2025-07-24,5,Male,Vellore,Oncology,Dr. E,Fracture,High,Outpatient,Yes,157,5,16752.56,5646.48,6898.60,11258.65,27920.93,UPI,Recovered,Yes,5,No,O-,18.9
P101149,2025-02-16,89,Female,Coimbatore,Orthopedics,Dr. A,Fracture,High,Emergency,No,83,7,24206.28,7744.81,7613.08,20336.47,40343.80,Card,Recovered,Yes,4,No,O+,21.6
P101150,2025-03-24,29,Male,Chennai,Pediatrics,Dr. B,Fracture,Low,Outpatient,No,166,2,6899.47,6049.40,2953.52,1369.60,11499.11,UPI,Referred,No,5,Yes,A+,35.0
P101151,2025-06-08,23,Male,Chennai,Orthopedics,Dr. F,Fever,Medium,Inpatient,Yes,76,4,14462.11,1988.18,493.48,11701.24,24103.51,Cash,Referred,Yes,5,No,AB+,20.5
P101152,2025-04-05,28,Female,Vellore,Oncology,Dr. C,Asthma,Low,Emergency,No,6,0,10976.26,11055.53,5237.77,0.00,18293.76,Cash,Recovered,Yes,3,Yes,A+,17.4
P101153,2025-12-30,56,Male,Madurai,Cardiology,Dr. G,Fracture,Low,Emergency,No,175,1,16221.88,10437.21,6964.06,2848.31,27036.46,Cash,Referred,No,2,Yes,O+,28.1
P101154,2025-07-10,88,Female,Trichy,Oncology,Dr. E,Diabetes,Low,Outpatient,Yes,110,0,11322.68,3644.36,6590.72,0.00,18871.14,UPI,Under Treatment,No,2,No,A+,34.6
P101155,2025-10-15,54,Male,Madurai,Oncology,Dr. G,Fracture,Low,Inpatient,No,135,2,10742.83,4078.61,2618.18,3196.60,17904.72,Insurance,Referred,Yes,4,Yes,O-,33.3
P101156,2025-06-04,72,Male,Salem,General Medicine,Dr. C,Fracture,Medium,Outpatient,No,170,3,19075.68,11335.48,5930.82,5810.91,31792.80,Insurance,Referred,Yes,3,Yes,O-,29.0
P101157,2025-03-03,87,Female,Coimbatore,Pediatrics,Dr. G,Asthma,Low,Outpatient,No,156,0,3442.14,1868.74,3188.81,0.00,5736.90,Insurance,Referred,No,2,Yes,A+,32.5
P101158,2025-01-24,81,Female,Chennai,ENT,Dr. E,Asthma,High,Outpatient,No,112,11,17795.97,5862.55,4865.19,15477.11,29659.95,Card,Under Treatment,No,1,No,A+,27.8
P101159,2025-06-18,63,Female,Vellore,Neurology,Dr. A,Cancer,Low,Outpatient,Yes,157,0,7640.16,4999.84,2445.95,0.00,12733.60,UPI,Referred,Yes,2,No,O+,19.0
P101160,2025-01-16,40,Male,Trichy,Oncology,Dr. G,Diabetes,High,Outpatient,Yes,105,6,12004.12,4317.94,5519.49,4205.70,20006.86,UPI,Referred,Yes,5,No,O-,34.8
P101161,2025-05-23,56,Male,Trichy,ENT,Dr. E,Fracture,High,Inpatient,Yes,137,12,26148.54,5266.88,1785.09,34335.96,43580.90,Card,Recovered,Yes,4,Yes,A+,35.1
P101162,2025-11-09,43,Male,Chennai,Neurology,Dr. G,Diabetes,Low,Outpatient,Yes,113,2,9044.98,3555.23,4108.19,2235.26,15074.96,Insurance,Under Treatment,No,3,No,AB+,35.3
P101163,2025-08-21,52,Male,Coimbatore,Orthopedics,Dr. D,Asthma,Medium,Inpatient,No,92,4,19321.71,10926.08,4919.58,7116.08,32202.85,Cash,Under Treatment,No,1,No,O+,26.6
P101164,2025-04-30,22,Male,Madurai,Oncology,Dr. E,Diabetes,Medium,Outpatient,No,25,4,12494.69,6887.01,1488.79,2837.92,20824.48,UPI,Referred,No,5,No,A-,35.0
P101165,2025-06-04,69,Male,Trichy,Neurology,Dr. D,Migraine,Low,Emergency,No,101,2,15369.27,6582.16,6758.48,3290.94,25615.45,Cash,Under Treatment,No,3,Yes,AB+,21.6
P101166,2025-06-25,48,Male,Trichy,Pediatrics,Dr. B,Cancer,Medium,Outpatient,Yes,33,2,11296.58,2918.86,3114.98,4138.88,18827.63,UPI,Recovered,No,2,Yes,O+,18.6
P101167,2025-07-25,5,Male,Salem,Neurology,Dr. B,Cancer,High,Emergency,Yes,153,5,10942.40,4284.63,6572.36,3596.85,18237.33,UPI,Under Treatment,Yes,3,Yes,A-,29.3
P101168,2025-11-09,1,Male,Salem,Pediatrics,Dr. B,Cancer,Medium,Inpatient,No,109,5,19832.55,3613.64,6714.72,14565.15,33054.25,Insurance,Recovered,Yes,5,No,B+,18.4
P101169,2025-12-03,21,Female,Chennai,General Medicine,Dr. A,Asthma,Medium,Emergency,Yes,41,5,11356.15,4091.42,2073.20,5870.75,18926.91,Cash,Under Treatment,Yes,4,Yes,O-,24.8
P101170,2025-03-05,80,Female,Madurai,Orthopedics,Dr. C,Asthma,Medium,Outpatient,No,66,4,9840.38,2605.65,5656.68,4586.96,16400.63,Cash,Recovered,Yes,1,Yes,O+,25.6
P101171,2025-03-15,62,Female,Salem,Orthopedics,Dr. G,Fever,Medium,Outpatient,No,82,4,9097.95,4808.09,4699.66,3834.04,15163.25,UPI,Referred,Yes,5,No,A-,30.8
P101172,2025-01-21,84,Male,Salem,General Medicine,Dr. B,Cancer,Medium,Emergency,Yes,63,4,11438.54,4400.01,4040.94,8754.60,19064.24,Card,Referred,Yes,4,Yes,A-,29.3
P101173,2025-05-08,3,Male,Coimbatore,ENT,Dr. G,Cancer,Medium,Inpatient,No,165,5,12775.44,2532.80,5471.13,11962.10,21292.40,Card,Referred,No,3,Yes,O+,26.1
P101174,2025-04-06,34,Male,Vellore,Oncology,Dr. B,Hypertension,Low,Emergency,No,42,1,13092.82,8661.45,6922.55,718.74,21821.37,Card,Referred,No,2,No,A-,23.4
P101175,2025-09-16,88,Female,Madurai,General Medicine,Dr. D,Diabetes,Medium,Inpatient,Yes,118,3,6960.22,5321.50,1977.97,2910.69,11600.37,Card,Under Treatment,No,3,Yes,AB+,27.6
P101176,2025-02-17,89,Male,Coimbatore,Neurology,Dr. G,Hypertension,Low,Inpatient,No,67,1,4151.94,1317.20,1428.99,1100.07,6919.90,UPI,Recovered,No,1,No,A+,33.3
P101177,2025-04-05,51,Male,Salem,Cardiology,Dr. H,Cancer,Medium,Outpatient,No,55,4,10227.26,2819.00,4657.14,5263.16,17045.43,UPI,Referred,Yes,5,No,O-,36.0
P101178,2025-11-27,86,Male,Madurai,Pediatrics,Dr. G,Migraine,High,Inpatient,No,120,8,12802.76,4372.89,2228.33,12994.32,21337.93,Insurance,Under Treatment,Yes,1,No,A-,18.2
P101179,2025-06-29,35,Female,Madurai,Cardiology,Dr. C,Fracture,High,Inpatient,Yes,72,10,15816.08,966.63,2233.69,20195.60,26360.14,Insurance,Referred,Yes,2,Yes,B+,32.9
P101180,2025-11-21,64,Male,Salem,Oncology,Dr. A,Fracture,Low,Inpatient,Yes,7,2,4868.23,1808.38,1733.20,1448.64,8113.71,Insurance,Referred,No,3,Yes,A-,33.8
P101181,2025-07-21,64,Male,Chennai,Orthopedics,Dr. A,Fracture,High,Emergency,Yes,161,9,22692.59,10617.36,3449.23,16645.86,37820.98,Insurance,Referred,Yes,4,Yes,O+,31.4
P101182,2025-09-17,50,Female,Coimbatore,Oncology,Dr. H,Diabetes,Low,Emergency,Yes,59,2,8869.94,8522.89,1237.04,4236.64,14783.23,Insurance,Referred,No,3,Yes,O+,16.2
P101183,2025-05-29,50,Female,Salem,Neurology,Dr. E,Asthma,High,Emergency,Yes,118,6,21580.34,7357.63,3519.74,16047.78,35967.24,Cash,Referred,No,1,Yes,O-,18.6
P101184,2025-05-25,80,Female,Chennai,Oncology,Dr. E,Fracture,Low,Emergency,No,6,1,14935.82,9715.55,7115.40,1195.96,24893.04,Card,Under Treatment,No,4,Yes,B+,36.8
P101185,2025-05-19,90,Male,Madurai,Pediatrics,Dr. B,Migraine,Medium,Inpatient,No,144,2,14008.17,6748.02,5574.47,3016.50,23346.95,UPI,Recovered,Yes,3,No,A+,32.9
P101186,2025-06-12,36,Male,Trichy,ENT,Dr. D,Hypertension,Low,Inpatient,No,9,2,10611.34,1855.59,4148.50,1927.22,17685.57,Card,Referred,Yes,1,Yes,A-,32.3
P101187,2025-08-04,90,Male,Trichy,Orthopedics,Dr. H,Asthma,Medium,Inpatient,No,94,3,12592.03,9443.56,943.55,2130.72,20986.72,Card,Recovered,Yes,2,Yes,O+,26.6
P101188,2025-08-12,52,Male,Coimbatore,Neurology,Dr. H,Diabetes,Medium,Inpatient,No,141,5,16290.45,6538.68,3535.54,13742.35,27150.75,Insurance,Referred,Yes,4,No,A-,27.6
P101189,2025-09-20,3,Male,Salem,ENT,Dr. F,Asthma,High,Inpatient,No,180,5,15761.07,5277.32,1517.26,14643.00,26268.45,UPI,Under Treatment,Yes,1,Yes,O-,20.7
P101190,2025-08-14,78,Male,Vellore,Oncology,Dr. B,Fever,High,Emergency,Yes,9,7,14174.04,4395.89,4671.09,8453.34,23623.40,Insurance,Under Treatment,Yes,3,No,AB+,35.9
P101191,2025-09-25,64,Female,Madurai,Orthopedics,Dr. H,Cancer,High,Inpatient,Yes,143,12,12899.40,3932.45,324.43,11914.32,21499.00,Card,Referred,Yes,1,Yes,A-,33.9
P101192,2025-09-02,3,Male,Coimbatore,Cardiology,Dr. E,Hypertension,Medium,Outpatient,No,144,5,18619.73,7556.88,6939.58,10294.85,31032.89,Cash,Referred,No,3,No,O-,26.2
P101193,2025-12-18,76,Female,Vellore,General Medicine,Dr. G,Fever,High,Inpatient,No,94,6,11894.87,7888.55,3090.08,7481.52,19824.78,UPI,Recovered,Yes,4,No,B+,29.0
P101194,2025-10-13,13,Male,Madurai,ENT,Dr. H,Cancer,Medium,Inpatient,Yes,122,5,8533.22,7778.41,487.95,3604.50,14222.03,Card,Referred,No,5,No,AB+,20.0
P101195,2025-08-29,60,Male,Salem,Orthopedics,Dr. C,Asthma,High,Outpatient,No,123,8,22936.56,11800.38,1749.96,15438.24,38227.60,Cash,Recovered,No,1,No,O-,22.5
P101196,2025-12-27,40,Male,Chennai,Neurology,Dr. E,Cancer,Low,Outpatient,Yes,150,1,7035.55,2776.76,1300.91,905.94,11725.91,UPI,Referred,No,5,Yes,O+,22.0
P101197,2025-11-10,48,Male,Madurai,Cardiology,Dr. A,Fever,High,Inpatient,No,125,10,21924.28,11968.61,3273.94,18291.70,36540.47,Cash,Recovered,No,1,No,A+,33.9
P101198,2025-02-11,42,Female,Chennai,Oncology,Dr. D,Fever,Medium,Emergency,No,39,5,17212.64,9251.40,3650.68,9651.30,28687.74,Insurance,Under Treatment,No,1,Yes,AB+,18.3
P101199,2025-08-13,51,Female,Vellore,Neurology,Dr. G,Fracture,Low,Outpatient,No,168,1,3629.47,635.51,2679.49,1001.15,6049.12,Cash,Under Treatment,Yes,1,No,A+,21.3
P101200,2025-06-13,33,Female,Vellore,ENT,Dr. B,Diabetes,Medium,Emergency,No,70,2,10651.25,10176.96,3353.55,2778.08,17752.08,Cash,Recovered,No,4,No,O-,36.6
P101201,2025-11-25,62,Male,Salem,Cardiology,Dr. H,Migraine,High,Outpatient,No,177,7,6066.46,2453.14,922.17,3722.88,10110.76,UPI,Referred,Yes,2,Yes,A+,37.6
P101202,2025-08-06,61,Male,Chennai,Oncology,Dr. B,Cancer,Medium,Inpatient,No,143,4,11839.56,1340.17,2896.49,6981.40,19732.60,Card,Referred,No,1,No,O-,35.8
P101203,2025-02-10,62,Male,Coimbatore,Cardiology,Dr. C,Diabetes,Low,Emergency,No,125,2,13145.06,11022.06,7579.69,1270.06,21908.44,Cash,Recovered,Yes,4,Yes,A+,33.2
P101204,2025-04-26,39,Male,Madurai,General Medicine,Dr. G,Diabetes,Low,Inpatient,Yes,108,1,9150.84,1917.78,5763.76,2683.03,15251.40,UPI,Under Treatment,No,4,No,AB+,32.8
P101205,2025-02-01,61,Female,Madurai,Orthopedics,Dr. E,Diabetes,Medium,Emergency,No,29,4,17624.87,8882.71,4330.45,7920.40,29374.78,Card,Referred,No,3,No,O-,18.6
P101206,2025-10-25,81,Male,Chennai,Oncology,Dr. H,Diabetes,High,Inpatient,Yes,49,7,13308.67,7801.34,4019.09,3520.79,22181.11,UPI,Referred,Yes,1,Yes,O-,33.9
P101207,2025-04-18,54,Female,Madurai,ENT,Dr. H,Fracture,High,Emergency,No,176,12,24393.98,685.33,3997.43,30609.24,40656.64,Cash,Under Treatment,Yes,1,Yes,B+,28.6
P101208,2025-07-16,74,Male,Trichy,Neurology,Dr. B,Asthma,High,Emergency,No,30,6,19207.00,8438.67,7354.91,15446.88,32011.67,UPI,Recovered,No,2,No,O-,24.5
P101209,2025-04-12,28,Female,Coimbatore,Cardiology,Dr. F,Cancer,Low,Emergency,Yes,49,0,7905.72,590.55,2848.69,0.00,13176.20,Cash,Under Treatment,No,2,No,AB+,33.4
P101210,2025-07-29,18,Female,Salem,Oncology,Dr. D,Cancer,High,Outpatient,No,103,12,30374.47,6025.21,6887.20,30084.24,50624.11,Cash,Under Treatment,No,5,No,A-,27.5
P101211,2025-03-13,6,Female,Vellore,ENT,Dr. H,Fracture,Low,Inpatient,No,65,1,2175.73,1260.85,571.22,810.13,3626.21,Card,Recovered,Yes,1,No,O-,21.4
P101212,2025-11-02,62,Female,Chennai,Oncology,Dr. C,Cancer,Low,Emergency,No,142,0,11835.97,8658.25,4588.46,0.00,19726.62,UPI,Under Treatment,Yes,3,Yes,AB+,21.4
P101213,2025-09-30,76,Male,Trichy,Orthopedics,Dr. F,Cancer,Medium,Outpatient,Yes,92,2,8355.10,9379.40,1276.73,2381.72,13925.16,UPI,Recovered,No,2,Yes,AB+,18.2
P101214,2025-05-12,73,Female,Coimbatore,ENT,Dr. D,Fever,High,Emergency,No,142,7,14383.18,3124.48,7902.59,10107.02,23971.97,Cash,Recovered,No,1,No,O+,20.3
P101215,2025-03-30,66,Female,Salem,General Medicine,Dr. G,Diabetes,Medium,Emergency,Yes,67,4,18455.24,10874.11,6406.15,11990.80,30758.74,Cash,Referred,No,1,No,O-,23.0
P101216,2025-12-24,75,Male,Chennai,Orthopedics,Dr. D,Diabetes,Medium,Outpatient,Yes,156,2,12402.12,7071.30,3891.71,1378.64,20670.20,UPI,Recovered,Yes,3,No,A+,24.9
P101217,2025-04-13,24,Female,Chennai,General Medicine,Dr. F,Asthma,Medium,Emergency,Yes,165,3,13759.04,9764.95,1858.51,4390.32,22931.73,UPI,Recovered,No,2,Yes,B+,37.6
P101218,2025-04-18,68,Male,Salem,Orthopedics,Dr. B,Fracture,High,Outpatient,Yes,88,9,15034.51,508.38,2239.61,12604.77,25057.51,Cash,Referred,Yes,5,No,AB+,23.8
P101219,2025-08-01,38,Female,Chennai,Pediatrics,Dr. A,Migraine,High,Inpatient,Yes,24,10,15928.54,8776.14,1096.63,14752.00,26547.57,Card,Referred,No,1,No,A-,26.0
P101220,2025-06-19,17,Female,Salem,ENT,Dr. G,Asthma,Medium,Inpatient,Yes,156,3,14016.50,8003.18,5012.20,7662.81,23360.83,Insurance,Referred,Yes,5,No,O-,31.3
P101221,2025-03-23,80,Male,Salem,Neurology,Dr. C,Cancer,Medium,Emergency,Yes,133,4,13872.22,4157.18,5127.11,11686.44,23120.36,Cash,Referred,Yes,3,No,O+,17.1
P101222,2025-10-19,29,Male,Madurai,General Medicine,Dr. F,Asthma,High,Inpatient,Yes,146,9,18077.22,9373.42,1783.28,9305.28,30128.70,UPI,Recovered,Yes,4,No,A+,23.9
P101223,2025-09-25,55,Female,Coimbatore,ENT,Dr. H,Cancer,Medium,Outpatient,No,101,2,11543.62,5655.01,4727.22,3197.22,19239.36,Card,Recovered,No,3,Yes,B+,32.0
P101224,2025-03-21,16,Female,Trichy,Oncology,Dr. E,Asthma,Low,Emergency,No,162,1,8136.80,3313.04,4374.41,1289.27,13561.33,Insurance,Referred,Yes,5,Yes,A-,21.0
P101225,2025-09-05,62,Male,Vellore,General Medicine,Dr. C,Fracture,High,Outpatient,Yes,29,5,17820.82,9265.12,2687.23,14126.85,29701.36,Cash,Recovered,Yes,5,Yes,O+,36.3
P101226,2025-08-21,81,Female,Trichy,Neurology,Dr. C,Cancer,Medium,Inpatient,Yes,167,2,10658.68,9000.04,2169.24,2305.50,17764.46,Insurance,Recovered,Yes,3,Yes,A+,18.7
P101227,2025-07-02,76,Female,Vellore,Orthopedics,Dr. A,Hypertension,Low,Emergency,Yes,18,0,3777.14,1604.76,1339.60,0.00,6295.24,Cash,Recovered,Yes,5,Yes,A-,18.0
P101228,2025-05-28,82,Female,Coimbatore,ENT,Dr. F,Migraine,High,Outpatient,Yes,124,11,20809.48,6914.73,1009.01,17354.37,34682.46,Cash,Recovered,No,2,No,AB+,32.0
P101229,2025-02-07,49,Male,Trichy,Cardiology,Dr. E,Diabetes,High,Inpatient,No,136,8,10526.68,1195.97,1790.23,13362.72,17544.46,UPI,Under Treatment,Yes,3,Yes,B+,32.9
P101230,2025-11-18,81,Male,Vellore,General Medicine,Dr. H,Cancer,Medium,Inpatient,No,90,5,18501.58,11785.13,5508.74,6041.85,30835.96,Insurance,Referred,No,5,No,B+,34.6
P101231,2025-11-18,30,Male,Chennai,ENT,Dr. B,Fracture,High,Emergency,No,98,12,23571.35,7874.54,1551.97,22659.72,39285.58,Card,Referred,No,2,Yes,B+,30.3
P101232,2025-06-14,49,Female,Madurai,Oncology,Dr. D,Fever,High,Inpatient,Yes,74,5,15444.27,4447.70,913.89,11661.70,25740.45,Cash,Referred,Yes,5,No,O+,18.3
P101233,2025-02-25,76,Female,Chennai,Neurology,Dr. H,Fever,Medium,Emergency,No,119,3,11618.87,6810.23,582.11,5055.54,19364.78,Insurance,Recovered,No,4,Yes,A+,26.1
P101234,2025-08-24,37,Male,Salem,General Medicine,Dr. A,Asthma,Low,Inpatient,No,160,0,6824.52,8889.09,1284.62,0.00,11374.20,UPI,Under Treatment,No,4,No,O+,18.3
P101235,2025-08-05,87,Male,Chennai,General Medicine,Dr. A,Diabetes,Low,Emergency,Yes,6,1,7555.30,7198.59,2903.90,1181.05,12592.16,Insurance,Referred,No,2,Yes,A+,23.2
P101236,2025-08-27,4,Male,Chennai,ENT,Dr. A,Cancer,Low,Inpatient,Yes,135,1,7656.70,5845.29,2417.79,1447.53,12761.17,Insurance,Referred,Yes,5,No,O-,32.2
P101237,2025-01-05,84,Female,Coimbatore,General Medicine,Dr. H,Asthma,Medium,Outpatient,Yes,109,3,18050.18,6320.31,7436.86,8498.82,30083.64,Card,Referred,No,5,Yes,A-,23.9
P101238,2025-07-02,54,Female,Madurai,Neurology,Dr. B,Cancer,High,Inpatient,Yes,130,5,14283.52,2373.33,6850.36,13876.10,23805.86,Cash,Under Treatment,Yes,3,No,O+,28.2
P101239,2025-04-22,64,Male,Coimbatore,ENT,Dr. F,Hypertension,Medium,Emergency,Yes,107,5,17766.37,11006.69,6251.24,5175.30,29610.61,Card,Recovered,No,3,Yes,B+,31.5
P101240,2025-01-25,87,Male,Chennai,Neurology,Dr. H,Migraine,Medium,Inpatient,Yes,115,4,12349.93,1190.52,1215.14,11294.12,20583.21,Insurance,Referred,Yes,3,No,A+,20.5
P101241,2025-01-04,11,Male,Madurai,Oncology,Dr. H,Asthma,Low,Emergency,Yes,114,0,11827.42,10251.53,5032.26,0.00,19712.36,UPI,Recovered,Yes,1,Yes,AB+,24.4
P101242,2025-08-29,1,Female,Madurai,Pediatrics,Dr. A,Fracture,High,Outpatient,No,17,6,12888.32,8082.48,6054.56,4546.98,21480.54,Cash,Recovered,Yes,5,Yes,A-,36.6
P101243,2025-05-28,28,Female,Chennai,Cardiology,Dr. G,Asthma,High,Outpatient,Yes,123,8,12553.93,5675.60,4866.04,5490.96,20923.22,Insurance,Referred,Yes,3,Yes,B+,16.4
P101244,2025-07-04,39,Male,Chennai,Oncology,Dr. E,Cancer,Low,Outpatient,No,80,2,7883.87,655.38,2065.04,2778.66,13139.78,Card,Referred,Yes,2,Yes,A+,26.5
P101245,2025-05-28,47,Male,Chennai,Oncology,Dr. F,Cancer,Medium,Outpatient,Yes,105,5,14681.50,3805.18,6752.53,6083.95,24469.17,UPI,Referred,No,1,No,O+,32.4
P101246,2025-08-15,13,Male,Vellore,General Medicine,Dr. G,Fracture,Low,Outpatient,No,63,2,11366.29,7955.44,1688.24,4898.18,18943.81,Card,Recovered,Yes,3,Yes,AB+,29.7
P101247,2025-02-07,14,Female,Madurai,Neurology,Dr. E,Cancer,High,Outpatient,No,24,8,17515.65,5463.59,2257.99,13291.36,29192.75,Card,Under Treatment,Yes,4,No,A+,18.6
P101248,2025-08-29,40,Male,Vellore,Neurology,Dr. F,Fever,Low,Outpatient,No,12,2,5844.22,2093.98,1750.45,3770.38,9740.36,UPI,Under Treatment,No,3,No,B+,16.7
P101249,2025-09-13,83,Male,Vellore,General Medicine,Dr. C,Fever,High,Inpatient,Yes,28,5,17725.80,5546.78,5622.17,14395.80,29543.00,UPI,Under Treatment,Yes,1,No,B+,19.1
P101250,2025-01-23,63,Female,Madurai,General Medicine,Dr. G,Migraine,Low,Inpatient,No,105,0,6403.66,1894.58,4824.30,0.00,10672.76,Insurance,Recovered,Yes,5,No,O+,35.5
P101251,2025-08-11,74,Female,Vellore,Oncology,Dr. D,Fracture,Medium,Inpatient,Yes,44,4,10164.62,2405.75,3075.55,3591.88,16941.03,Cash,Referred,No,3,No,B+,23.5
P101252,2025-08-21,35,Female,Coimbatore,Orthopedics,Dr. E,Hypertension,Medium,Inpatient,Yes,103,3,14358.55,10444.16,5145.97,2432.34,23930.91,UPI,Under Treatment,No,2,No,O-,27.2
P101253,2025-08-30,3,Female,Chennai,ENT,Dr. G,Asthma,High,Inpatient,No,88,10,25306.69,6439.62,7619.19,21096.50,42177.82,Cash,Recovered,Yes,1,Yes,O-,23.0
P101254,2025-05-26,56,Male,Vellore,General Medicine,Dr. F,Asthma,Medium,Emergency,Yes,37,5,10669.36,5491.81,1604.11,7800.95,17782.27,Card,Referred,Yes,4,Yes,B+,28.0
P101255,2025-02-11,25,Female,Trichy,Neurology,Dr. H,Cancer,Low,Inpatient,No,120,0,15351.95,11192.46,5299.22,0.00,25586.59,Insurance,Under Treatment,Yes,4,Yes,A-,23.8
P101256,2025-06-18,25,Female,Vellore,Neurology,Dr. B,Cancer,High,Emergency,No,35,7,17448.18,9238.62,1528.91,13919.01,29080.30,Insurance,Recovered,No,2,Yes,A-,20.3
P101257,2025-04-16,72,Male,Coimbatore,Cardiology,Dr. E,Asthma,High,Inpatient,No,79,9,15442.16,831.59,1591.11,15105.78,25736.93,Cash,Recovered,Yes,1,Yes,O+,31.1
P101258,2025-01-28,37,Male,Vellore,Oncology,Dr. F,Migraine,Medium,Outpatient,Yes,128,4,10612.99,5007.94,2078.83,2575.56,17688.32,Card,Recovered,No,4,No,B+,33.8
P101259,2025-12-24,21,Male,Vellore,Cardiology,Dr. F,Diabetes,High,Outpatient,Yes,83,7,20140.38,5679.70,5278.70,17490.48,33567.30,UPI,Recovered,Yes,1,No,B+,18.8
P101260,2025-11-23,60,Female,Trichy,ENT,Dr. A,Cancer,Medium,Inpatient,No,59,3,12478.55,8294.51,3066.85,7534.32,20797.58,UPI,Recovered,No,4,No,O-,26.4
P101261,2025-03-29,35,Male,Chennai,Orthopedics,Dr. E,Fever,High,Inpatient,No,179,12,30716.30,11564.58,3964.89,26492.76,51193.84,Cash,Referred,Yes,4,No,A+,19.2
P101262,2025-10-14,80,Female,Trichy,Cardiology,Dr. H,Migraine,High,Emergency,No,171,10,17620.67,11022.04,7292.09,8279.00,29367.78,Insurance,Under Treatment,Yes,4,Yes,A+,30.1
P101263,2025-01-01,56,Female,Vellore,ENT,Dr. E,Hypertension,Medium,Emergency,Yes,96,4,14537.39,11898.99,2497.27,6842.64,24228.99,UPI,Under Treatment,Yes,4,No,A-,26.1
P101264,2025-07-17,49,Male,Madurai,Orthopedics,Dr. G,Asthma,Medium,Emergency,Yes,83,2,12113.05,5852.94,4816.66,5901.60,20188.42,Card,Under Treatment,No,4,Yes,A+,19.1
P101265,2025-02-24,72,Female,Trichy,Pediatrics,Dr. E,Hypertension,Medium,Inpatient,No,64,2,8270.15,536.77,4793.01,2590.10,13783.58,Insurance,Under Treatment,Yes,5,Yes,AB+,19.1
P101266,2025-04-07,29,Male,Salem,Neurology,Dr. A,Fracture,Medium,Outpatient,Yes,102,5,10145.81,2962.51,4610.38,5703.30,16909.68,Card,Recovered,Yes,1,Yes,A+,20.8
P101267,2025-12-12,52,Male,Trichy,Cardiology,Dr. A,Diabetes,High,Inpatient,Yes,122,9,26395.31,7705.62,6865.64,25768.44,43992.18,Insurance,Referred,Yes,4,Yes,B+,34.2
P101268,2025-12-30,70,Male,Madurai,Pediatrics,Dr. C,Fracture,High,Outpatient,No,64,11,16919.59,10096.56,7020.06,7603.53,28199.32,Card,Recovered,Yes,4,Yes,B+,22.8
P101269,2025-09-05,19,Female,Chennai,Oncology,Dr. F,Fever,High,Inpatient,Yes,57,8,18962.53,494.10,7769.36,14942.24,31604.21,UPI,Referred,Yes,4,No,AB+,26.5
P101270,2025-07-09,54,Male,Madurai,Neurology,Dr. B,Migraine,Low,Inpatient,No,118,1,8167.69,9941.79,549.49,1800.91,13612.81,UPI,Under Treatment,No,1,Yes,AB+,36.1
P101271,2025-09-27,58,Female,Chennai,Pediatrics,Dr. H,Asthma,Low,Emergency,No,86,0,6026.62,4303.00,3986.11,0.00,10044.37,UPI,Under Treatment,Yes,2,Yes,A+,34.8
P101272,2025-09-19,24,Male,Chennai,ENT,Dr. D,Cancer,High,Outpatient,Yes,165,7,13882.46,4450.55,2453.42,13676.46,23137.43,Insurance,Referred,Yes,5,No,O-,33.2
P101273,2025-11-04,60,Male,Vellore,Oncology,Dr. H,Asthma,Low,Inpatient,No,129,1,13730.71,11263.43,3457.67,2884.43,22884.52,Insurance,Referred,Yes,4,No,A-,18.1
P101274,2025-06-11,48,Female,Coimbatore,General Medicine,Dr. C,Migraine,Low,Emergency,Yes,8,2,6827.45,3285.17,1571.66,1529.44,11379.08,UPI,Recovered,No,3,Yes,A+,26.1
P101275,2025-11-25,77,Male,Madurai,Oncology,Dr. F,Fever,Medium,Inpatient,No,104,4,16788.53,8895.76,4206.72,5658.68,27980.88,Cash,Recovered,Yes,5,Yes,A+,32.6
P101276,2025-06-20,35,Male,Coimbatore,General Medicine,Dr. C,Cancer,High,Emergency,No,48,11,20311.10,6872.18,3935.36,15118.07,33851.83,Cash,Under Treatment,Yes,1,No,AB+,29.6
P101277,2025-05-18,84,Female,Trichy,General Medicine,Dr. G,Fever,Medium,Outpatient,No,76,2,10925.01,7571.93,2805.23,4330.16,18208.35,Card,Referred,Yes,4,No,A-,29.3
P101278,2025-05-17,66,Male,Trichy,General Medicine,Dr. D,Cancer,Medium,Outpatient,Yes,35,2,15900.71,9149.03,7155.58,1349.28,26501.18,Insurance,Recovered,No,5,No,A+,19.9
P101279,2025-01-28,83,Male,Vellore,Cardiology,Dr. G,Cancer,High,Outpatient,Yes,155,11,20298.01,565.31,3828.44,22184.69,33830.01,UPI,Recovered,Yes,4,Yes,A+,16.1
P101280,2025-12-04,23,Female,Salem,Orthopedics,Dr. C,Migraine,Medium,Outpatient,No,16,5,15804.82,7082.86,5220.35,6102.15,26341.37,Cash,Recovered,No,5,Yes,O-,30.6
P101281,2025-03-11,73,Female,Salem,Neurology,Dr. B,Fracture,Medium,Outpatient,No,46,4,13101.23,3350.18,5236.35,11560.88,21835.38,Insurance,Recovered,Yes,5,Yes,O-,23.7
P101282,2025-12-07,64,Male,Salem,General Medicine,Dr. F,Fever,High,Inpatient,Yes,67,7,13103.11,2507.90,771.47,10440.99,21838.51,UPI,Recovered,No,4,Yes,O+,22.9
P101283,2025-12-11,76,Female,Salem,Cardiology,Dr. C,Migraine,High,Outpatient,No,92,8,20821.81,3150.16,5935.57,18921.52,34703.02,UPI,Referred,No,1,No,AB+,23.3
P101284,2025-11-18,59,Male,Chennai,Neurology,Dr. A,Diabetes,Low,Inpatient,Yes,153,2,13600.52,11134.52,5167.99,1884.58,22667.53,Card,Under Treatment,Yes,2,Yes,A+,36.8
P101285,2025-07-09,1,Female,Salem,Pediatrics,Dr. G,Fracture,Low,Inpatient,Yes,22,0,11158.34,5439.23,5079.48,0.00,18597.24,Cash,Recovered,No,4,Yes,O-,32.7
P101286,2025-05-06,58,Male,Coimbatore,ENT,Dr. D,Cancer,High,Outpatient,Yes,142,5,17834.06,10720.77,392.89,11034.50,29723.43,Cash,Recovered,Yes,1,Yes,AB+,36.5
P101287,2025-06-04,65,Male,Vellore,Neurology,Dr. B,Hypertension,Medium,Outpatient,No,137,2,10315.74,9089.76,2164.83,3914.40,17192.90,Card,Under Treatment,No,1,Yes,B+,34.1
P101288,2025-04-22,68,Female,Salem,Orthopedics,Dr. H,Fever,Low,Outpatient,Yes,12,1,10742.35,3564.56,7520.34,694.38,17903.91,Insurance,Referred,No,2,Yes,O+,19.9
P101289,2025-08-16,46,Male,Trichy,General Medicine,Dr. F,Asthma,Medium,Emergency,No,134,5,17840.45,11756.19,4884.09,4428.00,29734.09,Insurance,Referred,No,1,Yes,A+,36.0
P101290,2025-05-09,41,Female,Salem,ENT,Dr. G,Migraine,Medium,Inpatient,No,177,2,11154.72,4260.33,1633.57,2878.00,18591.20,Card,Under Treatment,No,4,Yes,B+,29.4
P101291,2025-07-09,31,Female,Trichy,Neurology,Dr. G,Diabetes,Low,Inpatient,Yes,24,0,8232.69,7792.22,1262.52,0.00,13721.15,Cash,Under Treatment,No,5,Yes,B+,23.8
P101292,2025-09-14,17,Male,Vellore,Pediatrics,Dr. F,Migraine,Medium,Outpatient,Yes,31,3,8891.58,4072.12,4015.99,2936.07,14819.30,Cash,Referred,No,5,Yes,O-,22.4
P101293,2025-01-24,9,Male,Chennai,ENT,Dr. H,Fracture,Low,Emergency,Yes,26,2,12255.94,8820.04,6983.14,1500.68,20426.56,Cash,Recovered,Yes,3,Yes,AB+,17.4
P101294,2025-06-25,67,Female,Coimbatore,Orthopedics,Dr. C,Fracture,Medium,Outpatient,No,135,4,16576.60,5811.90,5965.05,11335.04,27627.66,Card,Under Treatment,No,2,Yes,O-,35.9
P101295,2025-10-27,62,Male,Chennai,Cardiology,Dr. H,Asthma,Medium,Outpatient,No,112,3,12207.15,7533.51,1668.07,6699.24,20345.25,Cash,Under Treatment,No,3,No,A-,29.4
P101296,2025-01-31,8,Female,Vellore,General Medicine,Dr. B,Cancer,Low,Inpatient,Yes,170,1,11188.30,5926.81,2898.37,1889.91,18647.17,Insurance,Under Treatment,Yes,5,Yes,A+,35.4
P101297,2025-03-13,55,Female,Coimbatore,Neurology,Dr. G,Diabetes,Medium,Inpatient,No,167,4,6821.65,5647.20,265.41,2092.64,11369.42,UPI,Under Treatment,Yes,1,No,A-,17.4
P101298,2025-01-02,31,Female,Vellore,Pediatrics,Dr. D,Diabetes,Medium,Outpatient,Yes,49,2,12748.86,8830.78,5196.32,3533.70,21248.10,Cash,Recovered,No,2,No,A-,20.0
P101299,2025-12-25,67,Male,Madurai,Oncology,Dr. A,Diabetes,Medium,Emergency,No,118,5,14755.83,5082.37,5794.35,9078.40,24593.05,Cash,Under Treatment,No,1,Yes,A+,28.0
P101300,2025-04-02,47,Female,Vellore,Neurology,Dr. A,Hypertension,Medium,Inpatient,No,118,4,10838.27,9314.79,411.45,4893.80,18063.79,UPI,Referred,No,4,No,A+,23.3
P101301,2025-10-16,6,Female,Chennai,Pediatrics,Dr. C,Hypertension,High,Outpatient,Yes,85,8,14188.22,10276.03,2234.75,7792.96,23647.04,UPI,Under Treatment,No,2,No,A+,32.8
P101302,2025-11-29,34,Male,Coimbatore,Neurology,Dr. B,Fracture,Low,Outpatient,No,71,2,7438.04,1351.63,7194.50,2950.48,12396.74,Insurance,Under Treatment,No,5,Yes,AB+,18.9
P101303,2025-11-10,79,Female,Trichy,Pediatrics,Dr. D,Diabetes,Low,Outpatient,No,146,1,15498.28,10917.31,5553.78,687.27,25830.46,Cash,Recovered,Yes,1,No,A-,16.3
P101304,2025-05-27,81,Female,Salem,Cardiology,Dr. C,Diabetes,High,Outpatient,Yes,25,11,29909.08,6776.68,3181.18,31512.58,49848.46,Insurance,Recovered,Yes,5,No,B+,24.0
P101305,2025-06-02,64,Male,Chennai,General Medicine,Dr. H,Fracture,High,Inpatient,No,30,9,25978.45,8211.61,2025.23,23503.50,43297.41,Card,Recovered,No,2,No,A-,28.6
P101306,2025-12-12,64,Male,Vellore,Oncology,Dr. A,Hypertension,High,Inpatient,Yes,60,7,15327.30,7813.05,5495.81,10850.98,25545.50,UPI,Under Treatment,Yes,3,Yes,A-,24.9
P101307,2025-09-30,34,Male,Vellore,Oncology,Dr. G,Hypertension,High,Outpatient,No,83,12,25278.22,4882.58,7032.62,26474.64,42130.37,Cash,Referred,Yes,4,No,O-,26.2
P101308,2025-07-08,39,Female,Madurai,Orthopedics,Dr. H,Fracture,Low,Emergency,Yes,101,2,15005.45,10254.81,4234.69,2569.08,25009.08,UPI,Recovered,Yes,5,Yes,O-,22.9
P101309,2025-09-22,59,Female,Chennai,Neurology,Dr. E,Asthma,Medium,Outpatient,No,93,3,14135.08,11163.33,2032.82,5952.48,23558.47,Cash,Recovered,No,2,No,B+,22.8
P101310,2025-06-14,44,Female,Salem,Cardiology,Dr. G,Asthma,High,Inpatient,No,172,11,11700.91,2768.00,2731.83,8016.47,19501.52,Insurance,Referred,Yes,4,No,B+,25.7
P101311,2025-06-05,6,Female,Salem,Orthopedics,Dr. G,Fracture,High,Emergency,No,24,9,23626.78,2536.00,5469.53,25746.03,39377.96,UPI,Recovered,Yes,1,No,A-,30.0
P101312,2025-07-08,32,Male,Madurai,Cardiology,Dr. H,Fever,High,Emergency,Yes,120,9,21969.25,6206.71,272.70,20415.24,36615.41,Cash,Under Treatment,No,5,No,A-,23.4
P101313,2025-10-14,47,Male,Salem,ENT,Dr. C,Fracture,High,Outpatient,Yes,145,9,12236.60,7108.69,5434.30,5456.52,20394.34,Card,Under Treatment,No,1,No,B+,36.0
P101314,2025-07-19,11,Male,Madurai,Cardiology,Dr. B,Fever,Low,Inpatient,No,7,0,9912.79,3829.45,6103.91,0.00,16521.31,Insurance,Referred,No,5,Yes,A+,27.5
P101315,2025-02-15,87,Female,Chennai,Oncology,Dr. E,Cancer,Low,Inpatient,No,14,2,10619.72,10808.44,4022.50,1114.74,17699.54,Insurance,Recovered,Yes,1,No,O-,21.0
P101316,2025-01-05,56,Male,Salem,Orthopedics,Dr. F,Hypertension,Medium,Emergency,No,45,5,16774.88,3445.74,5595.91,11009.20,27958.14,Cash,Referred,No,2,No,A+,27.9
P101317,2025-08-27,7,Female,Salem,ENT,Dr. D,Asthma,High,Outpatient,No,92,6,11163.49,11768.77,869.61,4248.96,18605.82,UPI,Referred,No,5,No,AB+,31.8
P101318,2025-05-25,82,Male,Trichy,General Medicine,Dr. F,Migraine,High,Emergency,Yes,59,5,18648.66,9749.70,4796.13,10717.00,31081.10,Insurance,Under Treatment,No,4,Yes,O-,23.2
P101319,2025-11-24,82,Female,Madurai,General Medicine,Dr. E,Fever,Medium,Inpatient,Yes,43,5,10897.84,4381.19,1806.37,11409.45,18163.06,Card,Under Treatment,No,1,No,A+,35.3
P101320,2025-10-31,37,Female,Chennai,Neurology,Dr. H,Cancer,Medium,Inpatient,Yes,89,5,14873.26,10777.42,4550.28,2983.60,24788.77,Insurance,Referred,Yes,5,Yes,AB+,25.3
P101321,2025-06-08,63,Female,Coimbatore,Neurology,Dr. F,Asthma,Medium,Outpatient,Yes,14,3,14606.59,9116.93,4313.89,3527.52,24344.31,UPI,Under Treatment,Yes,2,Yes,AB+,26.7
P101322,2025-10-25,38,Male,Vellore,Pediatrics,Dr. H,Fracture,Medium,Inpatient,No,86,5,16271.31,9538.75,5495.64,5207.35,27118.85,UPI,Referred,Yes,3,Yes,O-,31.6
P101323,2025-01-06,4,Female,Trichy,Cardiology,Dr. E,Fever,High,Emergency,No,143,11,18177.08,8628.08,3033.84,15901.49,30295.14,UPI,Recovered,No,5,Yes,O-,36.0
P101324,2025-11-20,78,Male,Salem,Cardiology,Dr. F,Cancer,Low,Inpatient,Yes,157,1,6032.54,1242.77,4099.84,1061.19,10054.23,Cash,Recovered,No,5,No,A+,37.0
P101325,2025-07-04,84,Female,Salem,Orthopedics,Dr. F,Cancer,High,Inpatient,No,148,5,17116.88,5411.31,3105.88,12480.10,28528.14,Cash,Under Treatment,Yes,4,No,O-,27.1
P101326,2025-02-18,32,Male,Trichy,Orthopedics,Dr. C,Hypertension,High,Emergency,Yes,90,12,19732.19,11490.03,5220.36,8307.72,32886.99,UPI,Under Treatment,Yes,5,Yes,A+,37.0
P101327,2025-06-04,28,Female,Madurai,Cardiology,Dr. D,Migraine,Medium,Emergency,No,178,2,12162.29,5402.41,6948.21,1817.88,20270.49,Card,Recovered,Yes,5,Yes,A-,30.2
P101328,2025-04-03,32,Male,Salem,Cardiology,Dr. D,Fracture,High,Emergency,No,72,7,21914.18,7464.13,2075.79,19146.82,36523.64,Cash,Referred,Yes,3,No,B+,20.3
P101329,2025-04-07,42,Female,Salem,General Medicine,Dr. B,Fracture,High,Outpatient,No,159,9,24180.13,10089.33,5385.55,19765.62,40300.22,Insurance,Under Treatment,Yes,1,Yes,B+,18.1
P101330,2025-09-05,39,Female,Salem,Oncology,Dr. B,Asthma,High,Emergency,Yes,115,12,21907.55,11085.99,2598.75,13091.04,36512.59,Cash,Recovered,No,5,Yes,A+,35.0
P101331,2025-01-10,27,Female,Trichy,Orthopedics,Dr. B,Migraine,High,Inpatient,No,152,6,18862.10,8664.42,6622.62,6401.28,31436.83,Insurance,Under Treatment,Yes,2,No,O-,29.7
P101332,2025-01-18,12,Male,Madurai,Pediatrics,Dr. E,Diabetes,Medium,Outpatient,Yes,77,2,9386.87,2706.93,4106.76,3360.04,15644.78,Cash,Referred,Yes,2,Yes,A+,17.7
P101333,2025-11-06,79,Female,Vellore,Neurology,Dr. B,Asthma,Low,Inpatient,Yes,116,2,10461.14,6370.83,4380.60,3932.86,17435.23,Cash,Recovered,Yes,5,Yes,B+,24.7
P101334,2025-08-05,77,Female,Vellore,Neurology,Dr. G,Diabetes,Low,Inpatient,No,58,2,7282.25,4495.61,938.20,2944.40,12137.08,Card,Referred,No,1,Yes,A+,26.9
P101335,2025-09-30,72,Male,Chennai,Orthopedics,Dr. H,Migraine,High,Outpatient,Yes,136,5,13219.15,2378.72,4513.80,8277.25,22031.91,Card,Recovered,Yes,4,Yes,O-,28.9
P101336,2025-12-21,3,Female,Trichy,ENT,Dr. A,Cancer,Low,Emergency,No,111,0,9298.81,5592.34,4216.19,0.00,15498.02,Insurance,Referred,No,4,Yes,AB+,30.1
P101337,2025-04-18,2,Male,Trichy,Cardiology,Dr. B,Cancer,Medium,Outpatient,Yes,87,2,6772.92,2697.88,4367.06,2969.48,11288.20,Card,Recovered,No,1,No,AB+,21.8
P101338,2025-01-23,87,Male,Salem,ENT,Dr. E,Diabetes,Low,Inpatient,Yes,62,1,9418.45,11101.00,3356.80,680.31,15697.42,Card,Under Treatment,Yes,1,Yes,O+,36.5
P101339,2025-05-24,28,Female,Madurai,Oncology,Dr. F,Cancer,Low,Emergency,Yes,65,0,4705.63,3253.47,1742.32,0.00,7842.72,Insurance,Referred,No,1,Yes,O+,21.5
P101340,2025-12-09,55,Female,Chennai,General Medicine,Dr. B,Diabetes,High,Outpatient,No,157,10,11885.90,3972.64,1716.45,7213.30,19809.83,Insurance,Under Treatment,Yes,5,Yes,O-,29.1
P101341,2025-08-18,6,Male,Trichy,General Medicine,Dr. F,Migraine,Medium,Outpatient,Yes,44,3,8099.78,5521.87,2030.42,2789.25,13499.64,UPI,Under Treatment,No,5,Yes,A-,19.5
P101342,2025-08-18,64,Male,Vellore,Neurology,Dr. E,Cancer,Low,Emergency,No,112,0,6698.68,3899.05,6339.27,0.00,11164.46,Insurance,Under Treatment,Yes,5,Yes,O-,35.6
P101343,2025-05-15,60,Male,Salem,Cardiology,Dr. E,Migraine,Medium,Outpatient,Yes,113,3,6690.97,2558.99,2365.37,3945.51,11151.62,UPI,Under Treatment,No,3,Yes,AB+,22.2
P101344,2025-07-29,24,Male,Salem,ENT,Dr. B,Diabetes,High,Outpatient,No,129,7,18040.81,976.82,862.96,19492.69,30068.01,Card,Under Treatment,Yes,2,No,O-,26.2
P101345,2025-06-21,64,Female,Trichy,Cardiology,Dr. A,Asthma,Medium,Emergency,No,77,3,9433.91,5761.81,2805.91,3577.68,15723.19,Card,Referred,No,1,No,A-,27.6
P101346,2025-06-22,46,Male,Madurai,Cardiology,Dr. H,Cancer,Low,Outpatient,Yes,36,2,9504.43,11106.64,2374.76,1127.22,15840.72,Card,Recovered,No,3,No,B+,24.3
P101347,2025-09-07,32,Female,Vellore,Pediatrics,Dr. D,Hypertension,High,Outpatient,Yes,130,7,25956.25,10829.41,7283.53,17084.13,43260.41,Insurance,Recovered,No,2,Yes,B+,18.8
P101348,2025-02-15,80,Female,Trichy,Pediatrics,Dr. B,Hypertension,Medium,Outpatient,Yes,26,5,14521.26,582.59,3915.23,13561.10,24202.10,Card,Under Treatment,No,1,No,B+,21.2
P101349,2025-04-10,30,Female,Coimbatore,Neurology,Dr. E,Fracture,High,Emergency,No,74,11,13055.80,921.34,3786.89,8920.01,21759.66,Cash,Referred,Yes,5,No,A+,16.7
P101350,2025-05-22,26,Male,Coimbatore,Pediatrics,Dr. D,Fracture,Medium,Outpatient,No,77,2,8973.47,6627.35,381.13,4230.20,14955.78,UPI,Recovered,Yes,5,No,A+,32.9
P101351,2025-04-20,89,Male,Coimbatore,Orthopedics,Dr. H,Fracture,High,Outpatient,No,100,7,16508.68,8253.75,1492.92,10268.44,27514.46,Card,Under Treatment,No,5,Yes,B+,34.6
P101352,2025-04-16,53,Male,Madurai,ENT,Dr. G,Diabetes,Medium,Emergency,Yes,17,2,15253.02,11441.73,3590.48,1736.66,25421.70,Insurance,Referred,No,2,No,A-,34.5
P101353,2025-05-09,61,Male,Coimbatore,Neurology,Dr. B,Diabetes,Low,Outpatient,No,133,1,10677.57,2254.37,3789.22,1934.72,17795.95,Cash,Under Treatment,No,1,No,A+,29.7
P101354,2025-07-12,49,Female,Coimbatore,Oncology,Dr. G,Asthma,High,Inpatient,No,99,9,14282.94,6930.05,4089.02,7616.79,23804.90,Insurance,Recovered,Yes,3,No,A+,23.8
P101355,2025-04-23,37,Female,Chennai,ENT,Dr. E,Hypertension,High,Inpatient,Yes,42,10,22283.57,3958.42,2996.76,21108.20,37139.29,Card,Under Treatment,No,1,Yes,O+,35.5
P101356,2025-03-15,64,Male,Madurai,Neurology,Dr. B,Asthma,Medium,Inpatient,No,165,5,11773.83,3135.72,3078.21,6550.55,19623.05,Insurance,Under Treatment,Yes,3,Yes,AB+,24.5
P101357,2025-11-11,39,Male,Chennai,General Medicine,Dr. E,Fever,High,Emergency,Yes,83,11,26842.46,11411.39,3957.37,24576.09,44737.44,Card,Referred,No,4,Yes,O+,16.9
P101358,2025-01-05,26,Male,Madurai,ENT,Dr. E,Diabetes,Medium,Inpatient,No,122,2,11388.23,7797.26,7620.97,2584.14,18980.38,Insurance,Recovered,Yes,3,No,AB+,29.7
P101359,2025-10-07,31,Male,Chennai,Pediatrics,Dr. F,Cancer,Medium,Outpatient,Yes,29,2,7540.67,2232.13,6984.52,1329.98,12567.78,Cash,Under Treatment,Yes,2,No,O+,37.4
P101360,2025-04-02,66,Male,Vellore,Orthopedics,Dr. D,Hypertension,Medium,Emergency,No,52,5,12241.31,1623.15,7673.92,2883.35,20402.18,UPI,Under Treatment,Yes,2,No,A+,35.1
P101361,2025-09-26,54,Female,Coimbatore,Cardiology,Dr. G,Diabetes,Low,Emergency,Yes,145,2,15697.96,11594.06,3417.14,2273.76,26163.27,UPI,Under Treatment,Yes,3,No,O+,28.7
P101362,2025-11-22,57,Female,Vellore,Pediatrics,Dr. C,Asthma,Low,Outpatient,No,45,2,9022.94,2723.62,5724.08,2527.28,15038.24,Card,Referred,No,5,Yes,O+,25.6
P101363,2025-03-23,8,Female,Chennai,Neurology,Dr. C,Fever,High,Inpatient,Yes,56,6,19712.64,11665.29,4003.34,13411.20,32854.40,Insurance,Recovered,Yes,1,Yes,B+,27.8
P101364,2025-03-23,40,Female,Trichy,General Medicine,Dr. F,Diabetes,Low,Outpatient,Yes,33,2,13085.14,3332.34,6198.06,5453.84,21808.56,Card,Under Treatment,Yes,2,No,O+,22.1
P101365,2025-01-23,9,Female,Vellore,Neurology,Dr. A,Asthma,High,Inpatient,Yes,31,8,22958.55,7340.26,5874.46,17492.40,38264.25,Card,Referred,Yes,3,No,O+,34.1
P101366,2025-08-17,9,Male,Vellore,Orthopedics,Dr. F,Fever,Low,Inpatient,Yes,125,2,12509.98,5044.37,2195.73,4417.42,20849.96,Insurance,Recovered,Yes,1,Yes,O-,29.0
P101367,2025-03-12,53,Female,Madurai,Pediatrics,Dr. B,Fever,Low,Inpatient,No,73,2,13173.14,9929.06,6382.02,3834.28,21955.23,UPI,Recovered,Yes,4,Yes,AB+,17.4
P101368,2025-04-27,89,Female,Coimbatore,Neurology,Dr. F,Fracture,Medium,Inpatient,No,119,5,16309.50,10149.31,926.23,8859.95,27182.50,UPI,Recovered,No,5,No,A-,27.7
P101369,2025-05-04,48,Female,Chennai,Cardiology,Dr. A,Migraine,Low,Inpatient,Yes,13,2,11408.58,5290.84,2296.94,5187.26,19014.30,UPI,Recovered,Yes,2,Yes,A+,31.4
P101370,2025-03-18,59,Female,Vellore,ENT,Dr. G,Cancer,Medium,Outpatient,Yes,87,3,17360.14,11659.31,7503.99,7774.86,28933.57,Cash,Recovered,No,2,No,O+,28.4
P101371,2025-01-27,10,Male,Trichy,Oncology,Dr. E,Fever,High,Outpatient,Yes,124,7,15816.85,5707.34,3138.76,7772.59,26361.41,Card,Recovered,Yes,3,Yes,AB+,31.4
P101372,2025-01-13,89,Female,Trichy,Pediatrics,Dr. E,Hypertension,Low,Outpatient,No,96,0,6372.87,1869.45,4026.10,0.00,10621.45,UPI,Referred,Yes,4,Yes,O+,18.8
P101373,2025-10-20,54,Male,Trichy,Cardiology,Dr. A,Diabetes,High,Outpatient,Yes,119,12,28008.31,9441.44,4905.22,29180.88,46680.51,Card,Referred,No,1,No,O+,36.5
P101374,2025-08-29,3,Male,Madurai,Pediatrics,Dr. G,Hypertension,Low,Emergency,No,140,0,11710.76,10801.19,1255.04,0.00,19517.93,UPI,Under Treatment,No,4,No,O+,37.5
P101375,2025-08-30,35,Male,Trichy,Neurology,Dr. A,Hypertension,Low,Outpatient,Yes,15,1,8235.86,6719.79,1695.01,2942.01,13726.44,Cash,Referred,Yes,5,No,B+,17.2
P101376,2025-06-01,35,Male,Vellore,Pediatrics,Dr. A,Fracture,High,Outpatient,No,154,7,11277.67,4451.76,2636.22,10005.94,18796.11,Insurance,Under Treatment,Yes,1,No,AB+,33.5
P101377,2025-07-16,51,Female,Madurai,General Medicine,Dr. B,Cancer,Medium,Outpatient,No,153,3,15724.60,5046.66,4692.76,7906.56,26207.67,Insurance,Recovered,Yes,5,Yes,A-,20.1
P101378,2025-10-07,38,Male,Chennai,Neurology,Dr. H,Fever,Medium,Outpatient,No,10,5,16565.48,7362.14,7972.66,7340.05,27609.13,UPI,Referred,No,4,No,O+,23.0
P101379,2025-01-11,87,Male,Madurai,Oncology,Dr. C,Diabetes,Medium,Outpatient,No,126,2,15784.52,8522.37,4880.65,5330.60,26307.53,UPI,Under Treatment,Yes,3,No,O-,26.0
P101380,2025-04-21,25,Female,Coimbatore,General Medicine,Dr. B,Cancer,High,Inpatient,Yes,155,5,16839.31,11268.02,6166.11,5791.45,28065.52,Insurance,Recovered,Yes,1,No,B+,29.1
P101381,2025-09-30,36,Female,Madurai,Oncology,Dr. H,Diabetes,Low,Emergency,No,25,1,14285.93,11251.90,1887.42,949.27,23809.89,Card,Under Treatment,No,3,No,B+,28.7
P101382,2025-12-26,16,Female,Madurai,Neurology,Dr. A,Fever,Low,Inpatient,No,54,1,13392.32,6354.94,7486.34,2823.82,22320.54,UPI,Recovered,No,4,No,AB+,33.4
P101383,2025-05-25,65,Male,Vellore,Pediatrics,Dr. A,Diabetes,Low,Inpatient,Yes,89,2,9666.98,7013.08,2691.88,1346.22,16111.64,Card,Recovered,Yes,2,No,A+,18.6
P101384,2025-02-24,74,Male,Trichy,Neurology,Dr. G,Fracture,High,Inpatient,No,64,12,14932.76,2251.64,2053.92,12261.72,24887.93,Card,Recovered,Yes,1,Yes,A+,24.4
P101385,2025-10-14,18,Male,Trichy,Oncology,Dr. C,Fracture,Medium,Outpatient,Yes,151,4,12310.07,4044.48,3812.09,7565.48,20516.78,UPI,Recovered,Yes,2,Yes,A+,18.3
P101386,2025-04-30,81,Female,Trichy,Cardiology,Dr. C,Hypertension,Low,Inpatient,No,123,0,6548.62,6667.55,1101.64,0.00,10914.36,Cash,Recovered,Yes,3,Yes,A-,31.8
P101387,2025-06-11,50,Male,Chennai,Cardiology,Dr. D,Migraine,Medium,Outpatient,Yes,10,4,16180.78,11296.86,3992.19,6489.24,26967.97,Insurance,Recovered,Yes,3,No,O+,20.0
P101388,2025-10-14,55,Male,Vellore,Orthopedics,Dr. F,Asthma,Medium,Outpatient,Yes,65,4,11899.34,2654.82,5213.16,9098.40,19832.24,Insurance,Under Treatment,Yes,3,No,O-,35.5
P101389,2025-02-04,47,Male,Coimbatore,General Medicine,Dr. G,Fracture,Medium,Inpatient,No,57,3,10213.18,6500.90,1360.48,2402.10,17021.96,Card,Recovered,Yes,4,Yes,O-,17.1
P101390,2025-09-28,18,Male,Coimbatore,Pediatrics,Dr. F,Diabetes,Low,Inpatient,Yes,167,0,15461.71,11335.19,7632.24,0.00,25769.51,UPI,Referred,No,5,Yes,A+,34.1
P101391,2025-02-14,43,Male,Trichy,Cardiology,Dr. G,Migraine,High,Emergency,No,61,5,13648.97,4087.86,2632.87,12968.55,22748.29,Insurance,Recovered,Yes,5,Yes,A+,20.1
P101392,2025-10-16,78,Male,Madurai,Cardiology,Dr. H,Migraine,Low,Emergency,No,139,1,14143.29,5926.14,6814.22,2924.08,23572.15,Insurance,Recovered,Yes,1,Yes,A+,19.3
P101393,2025-01-19,24,Male,Vellore,General Medicine,Dr. A,Cancer,Medium,Emergency,No,24,2,10959.73,1755.56,7484.50,3925.56,18266.22,Insurance,Recovered,No,3,Yes,AB+,25.4
P101394,2025-07-29,48,Male,Salem,Pediatrics,Dr. A,Cancer,High,Outpatient,Yes,176,11,16141.03,4004.02,2690.42,10466.72,26901.72,Cash,Referred,Yes,3,Yes,A+,27.2
P101395,2025-04-05,65,Female,Vellore,Oncology,Dr. H,Asthma,High,Outpatient,Yes,165,11,18086.63,2043.81,5693.42,14396.69,30144.38,Cash,Referred,Yes,1,Yes,O+,27.4
P101396,2025-11-01,40,Male,Chennai,ENT,Dr. H,Cancer,Low,Emergency,No,11,0,8918.71,1333.47,5972.35,0.00,14864.52,Insurance,Referred,Yes,5,No,O-,21.1
P101397,2025-01-28,2,Male,Madurai,Cardiology,Dr. H,Fever,Low,Inpatient,Yes,117,1,9960.65,5058.29,1923.60,1179.80,16601.09,Cash,Recovered,Yes,1,No,A+,18.4
P101398,2025-07-30,49,Male,Coimbatore,Cardiology,Dr. B,Hypertension,Low,Inpatient,No,6,1,9731.77,4092.15,1238.72,2959.50,16219.62,Insurance,Referred,Yes,3,Yes,B+,34.3
P101399,2025-10-05,87,Male,Trichy,General Medicine,Dr. E,Fracture,Medium,Outpatient,No,6,2,9111.65,1848.98,6610.50,4228.64,15186.08,Card,Referred,Yes,5,Yes,A+,26.3
P101400,2025-05-15,6,Female,Vellore,ENT,Dr. D,Hypertension,Medium,Inpatient,Yes,150,5,18418.31,10088.36,5130.24,9711.55,30697.18,UPI,Recovered,Yes,5,No,O+,36.9
P101401,2025-05-01,15,Female,Madurai,Cardiology,Dr. E,Asthma,Low,Inpatient,No,173,1,5198.13,2463.08,2342.00,729.15,8663.55,Insurance,Recovered,Yes,2,No,A-,33.5
P101402,2025-11-06,49,Female,Madurai,Oncology,Dr. H,Migraine,High,Inpatient,Yes,163,7,13239.47,2480.43,1895.39,8741.25,22065.78,Card,Recovered,No,3,No,AB+,34.1
P101403,2025-03-29,88,Male,Salem,ENT,Dr. D,Hypertension,Medium,Inpatient,Yes,38,3,17871.88,11385.41,3257.42,8019.09,29786.47,UPI,Recovered,No,3,No,O+,19.4
P101404,2025-08-09,66,Female,Salem,Neurology,Dr. B,Diabetes,Low,Emergency,No,86,0,5234.75,3955.29,408.94,0.00,8724.59,Insurance,Referred,No,2,Yes,AB+,36.2
P101405,2025-08-09,49,Female,Coimbatore,General Medicine,Dr. B,Migraine,Medium,Emergency,No,28,2,6290.43,2814.62,1275.67,2909.26,10484.05,Insurance,Under Treatment,Yes,2,No,B+,23.6
P101406,2025-12-02,13,Male,Trichy,Oncology,Dr. C,Fever,High,Emergency,No,157,9,15650.09,827.83,7367.42,13238.37,26083.49,UPI,Referred,No,4,No,B+,30.6
P101407,2025-06-29,30,Male,Coimbatore,General Medicine,Dr. D,Diabetes,Medium,Outpatient,No,142,2,10512.02,6753.41,4266.84,1964.46,17520.04,Card,Referred,Yes,1,Yes,AB+,31.5
P101408,2025-12-21,22,Female,Coimbatore,Cardiology,Dr. D,Diabetes,High,Outpatient,Yes,160,12,35653.88,9270.90,7794.60,35893.68,59423.14,Insurance,Referred,Yes,2,No,B+,35.5
P101409,2025-01-13,56,Male,Vellore,ENT,Dr. F,Migraine,Medium,Outpatient,Yes,107,2,10631.90,5221.85,1478.65,4490.54,17719.84,Cash,Under Treatment,No,4,Yes,O-,20.8
P101410,2025-05-20,3,Male,Madurai,Orthopedics,Dr. E,Cancer,High,Emergency,No,59,6,14488.78,8431.56,4942.22,3800.64,24147.96,Insurance,Recovered,Yes,3,No,AB+,24.3
P101411,2025-09-24,19,Male,Trichy,Pediatrics,Dr. B,Fever,Low,Emergency,Yes,27,2,10296.86,6315.51,5851.38,4162.86,17161.43,Insurance,Under Treatment,No,5,No,A+,30.6
P101412,2025-05-31,46,Male,Madurai,Neurology,Dr. F,Diabetes,Low,Inpatient,No,71,1,5836.94,824.85,3613.28,1970.67,9728.24,Insurance,Referred,No,2,Yes,B+,21.5
P101413,2025-05-08,84,Female,Vellore,Pediatrics,Dr. B,Fracture,Low,Emergency,No,19,0,12734.66,11956.34,4072.08,0.00,21224.44,Cash,Referred,No,3,No,B+,19.6
P101414,2025-11-12,11,Male,Coimbatore,Cardiology,Dr. B,Migraine,High,Outpatient,No,149,12,20934.67,5476.51,1592.25,19711.44,34891.12,Card,Under Treatment,Yes,2,No,B+,33.8
P101415,2025-09-10,17,Male,Chennai,Cardiology,Dr. B,Asthma,High,Inpatient,No,12,7,10900.81,5667.83,1434.76,8763.30,18168.01,UPI,Recovered,Yes,5,No,A+,27.2
P101416,2025-03-13,68,Female,Coimbatore,Cardiology,Dr. F,Migraine,Medium,Emergency,Yes,129,5,10600.57,7295.61,1041.58,8766.60,17667.61,Card,Under Treatment,Yes,1,No,A-,33.0
P101417,2025-03-05,10,Female,Madurai,Neurology,Dr. B,Cancer,Low,Outpatient,No,171,1,9328.96,4102.72,6790.61,2257.65,15548.27,Insurance,Recovered,Yes,2,Yes,A-,16.0
P101418,2025-02-14,63,Male,Madurai,Oncology,Dr. E,Hypertension,Medium,Outpatient,Yes,77,3,18001.85,11637.04,2622.84,7281.93,30003.09,Card,Referred,Yes,3,No,A-,35.0
P101419,2025-06-30,60,Female,Salem,Pediatrics,Dr. D,Hypertension,Medium,Outpatient,Yes,113,5,10234.99,9971.88,517.80,6056.90,17058.31,Cash,Referred,Yes,5,No,O-,28.7
P101420,2025-02-10,49,Male,Madurai,Orthopedics,Dr. F,Fracture,Medium,Emergency,No,27,2,8298.90,1659.96,5835.92,3876.42,13831.50,Card,Recovered,No,3,Yes,A+,32.0
P101421,2025-07-07,10,Female,Madurai,Oncology,Dr. C,Diabetes,High,Emergency,Yes,68,7,6767.83,1066.12,1403.46,7492.73,11279.71,Card,Referred,Yes,1,No,B+,30.5
P101422,2025-11-19,52,Male,Vellore,Oncology,Dr. G,Diabetes,Medium,Emergency,No,115,4,16933.08,7406.16,7898.25,4819.64,28221.80,UPI,Referred,No,1,Yes,AB+,32.9
P101423,2025-09-01,12,Female,Madurai,Neurology,Dr. F,Cancer,Low,Outpatient,No,171,2,8992.78,1597.12,3488.60,3990.98,14987.97,UPI,Referred,Yes,4,Yes,AB+,33.9
P101424,2025-02-09,85,Male,Coimbatore,ENT,Dr. A,Asthma,Low,Emergency,No,157,0,11742.22,7457.86,3505.32,0.00,19570.37,Card,Under Treatment,Yes,3,Yes,O-,28.7
P101425,2025-11-07,22,Male,Madurai,ENT,Dr. H,Asthma,Medium,Outpatient,Yes,76,2,15874.61,9943.15,7147.28,3560.86,26457.68,UPI,Under Treatment,Yes,4,Yes,AB+,32.1
P101426,2025-02-26,80,Male,Madurai,Pediatrics,Dr. D,Cancer,Low,Outpatient,Yes,42,2,11930.66,11600.88,4240.42,3441.80,19884.44,Card,Under Treatment,No,4,No,A-,36.1
P101427,2025-08-14,57,Male,Chennai,General Medicine,Dr. G,Diabetes,Medium,Outpatient,No,136,5,9555.76,3726.99,1439.76,8383.95,15926.27,UPI,Referred,No,4,Yes,AB+,34.2
P101428,2025-01-23,16,Female,Coimbatore,Pediatrics,Dr. H,Diabetes,Medium,Emergency,No,102,3,8386.42,3428.17,5039.55,3779.85,13977.37,UPI,Recovered,No,4,No,O-,31.0
P101429,2025-04-24,49,Male,Chennai,Oncology,Dr. A,Cancer,High,Inpatient,No,78,5,17284.56,7616.88,2086.48,11235.35,28807.60,UPI,Referred,No,4,No,A+,22.5
P101430,2025-07-26,7,Female,Vellore,Oncology,Dr. D,Diabetes,Medium,Outpatient,No,62,5,13586.44,11500.80,2446.89,5810.50,22644.07,UPI,Under Treatment,No,1,Yes,O+,21.7
P101431,2025-05-18,38,Male,Chennai,Cardiology,Dr. D,Asthma,Medium,Inpatient,Yes,38,5,16659.52,3694.59,5845.75,9352.90,27765.87,Insurance,Referred,Yes,3,Yes,O+,31.1
P101432,2025-04-12,34,Male,Salem,Neurology,Dr. F,Fever,High,Inpatient,Yes,92,8,16669.90,1205.73,1860.52,18464.16,27783.17,Card,Under Treatment,No,2,Yes,O-,17.4
P101433,2025-01-09,20,Female,Coimbatore,Orthopedics,Dr. G,Fever,Low,Emergency,No,24,1,11151.39,5031.94,4010.49,553.13,18585.65,Insurance,Recovered,No,2,Yes,B+,23.4
P101434,2025-08-28,66,Female,Vellore,Pediatrics,Dr. A,Fever,High,Emergency,Yes,81,6,16914.38,4613.86,7976.36,14635.44,28190.64,Cash,Referred,Yes,4,Yes,B+,23.6
P101435,2025-03-14,52,Female,Coimbatore,Oncology,Dr. E,Asthma,Low,Outpatient,No,8,1,13478.98,7323.52,6082.50,757.90,22464.96,UPI,Referred,Yes,2,Yes,O-,18.3
P101436,2025-11-28,73,Male,Madurai,ENT,Dr. C,Fever,Medium,Inpatient,Yes,110,3,6633.51,1271.33,1688.07,6873.87,11055.85,Card,Recovered,Yes,3,No,B+,16.9
P101437,2025-07-04,28,Female,Salem,Neurology,Dr. C,Fracture,Low,Outpatient,Yes,81,2,9807.39,10710.54,1325.59,2887.40,16345.65,UPI,Recovered,Yes,2,No,A-,16.1
P101438,2025-02-17,46,Male,Coimbatore,ENT,Dr. A,Diabetes,Low,Emergency,Yes,150,1,11361.22,9763.66,4334.32,1682.31,18935.37,Cash,Under Treatment,Yes,3,Yes,A-,26.4
P101439,2025-01-23,51,Male,Trichy,Neurology,Dr. G,Cancer,Low,Emergency,No,84,1,7686.16,4603.33,848.65,1323.89,12810.27,UPI,Recovered,Yes,1,Yes,AB+,33.1
P101440,2025-06-26,28,Male,Madurai,General Medicine,Dr. H,Cancer,Medium,Inpatient,Yes,94,4,10626.10,3593.90,2097.18,10217.12,17710.16,Insurance,Recovered,Yes,1,No,AB+,19.9
P101441,2025-08-18,1,Male,Coimbatore,General Medicine,Dr. F,Asthma,Medium,Inpatient,No,114,2,11060.84,4411.24,7974.17,4333.40,18434.74,Card,Recovered,Yes,3,No,B+,26.4
P101442,2025-12-27,86,Male,Vellore,Cardiology,Dr. B,Hypertension,Medium,Inpatient,No,157,4,13910.99,3996.57,6885.67,3788.96,23184.99,Cash,Under Treatment,No,1,Yes,A+,21.0
P101443,2025-02-09,38,Female,Trichy,Cardiology,Dr. C,Cancer,Low,Emergency,Yes,65,2,10958.20,9964.66,840.20,3328.84,18263.66,Card,Under Treatment,No,3,No,AB+,37.7
P101444,2025-08-19,76,Male,Coimbatore,Cardiology,Dr. G,Fever,Medium,Outpatient,Yes,35,2,10148.40,9454.42,4302.80,1836.78,16914.00,UPI,Recovered,No,3,Yes,B+,37.6
P101445,2025-12-02,43,Male,Vellore,Orthopedics,Dr. A,Migraine,Medium,Emergency,No,79,5,10864.68,5880.77,3753.80,2614.35,18107.80,Cash,Recovered,Yes,4,No,B+,30.9
P101446,2025-06-30,35,Female,Salem,Pediatrics,Dr. A,Cancer,Low,Inpatient,Yes,35,0,4445.18,3468.44,2501.70,0.00,7408.63,Insurance,Recovered,No,3,Yes,O-,17.8
P101447,2025-04-25,19,Female,Vellore,Oncology,Dr. A,Hypertension,Medium,Inpatient,Yes,44,2,10902.14,1196.65,4728.89,4996.90,18170.23,Card,Recovered,No,3,Yes,A-,24.8
P101448,2025-02-04,51,Female,Chennai,Orthopedics,Dr. H,Fever,Low,Emergency,No,71,0,10902.70,11313.53,5414.04,0.00,18171.17,Insurance,Under Treatment,No,3,Yes,O-,17.9
P101449,2025-06-29,13,Male,Vellore,ENT,Dr. A,Fever,High,Emergency,Yes,46,9,11795.17,7951.54,1177.40,6974.91,19658.61,Card,Under Treatment,Yes,4,Yes,A-,37.8
P101450,2025-11-01,2,Male,Trichy,General Medicine,Dr. F,Migraine,Low,Inpatient,Yes,33,1,4880.09,2044.77,1967.87,613.76,8133.49,Card,Referred,No,3,No,B+,24.9
P101451,2025-01-03,8,Female,Coimbatore,Cardiology,Dr. B,Cancer,Medium,Emergency,No,106,3,12868.34,10181.88,890.76,5453.22,21447.24,Card,Under Treatment,Yes,3,No,O-,31.8
P101452,2025-12-18,64,Male,Chennai,Neurology,Dr. F,Hypertension,Low,Outpatient,No,73,2,17049.37,9950.81,7289.71,4951.98,28415.62,Insurance,Referred,No,5,No,A+,20.1
P101453,2025-08-31,72,Female,Trichy,Orthopedics,Dr. E,Cancer,High,Emergency,No,65,6,14999.69,9994.66,3059.06,4319.46,24999.48,Cash,Recovered,No,4,Yes,A-,29.6
P101454,2025-10-08,46,Male,Madurai,Orthopedics,Dr. D,Cancer,Medium,Inpatient,Yes,121,2,17313.42,8945.11,6574.31,5818.80,28855.70,Insurance,Under Treatment,Yes,5,No,AB+,31.2
P101455,2025-10-14,77,Male,Madurai,General Medicine,Dr. G,Fever,Medium,Emergency,No,58,4,14174.81,11603.32,6771.66,3148.56,23624.69,Cash,Under Treatment,Yes,5,Yes,A+,35.1
P101456,2025-09-25,21,Male,Madurai,Cardiology,Dr. C,Migraine,Low,Outpatient,No,122,2,9806.92,5628.75,2326.16,2710.42,16344.86,UPI,Recovered,No,3,Yes,O-,16.5
P101457,2025-09-23,79,Female,Salem,Pediatrics,Dr. D,Asthma,High,Emergency,Yes,138,8,12321.80,1591.49,764.29,16161.52,20536.33,UPI,Referred,No,4,No,O-,16.2
P101458,2025-08-10,63,Female,Coimbatore,Oncology,Dr. A,Diabetes,High,Outpatient,Yes,21,8,15348.61,829.69,1158.87,17353.04,25581.02,Cash,Recovered,Yes,5,No,O+,25.1
P101459,2025-08-13,10,Female,Coimbatore,Cardiology,Dr. G,Cancer,Low,Outpatient,Yes,60,0,13024.30,7940.41,6058.87,0.00,21707.17,Cash,Referred,Yes,1,Yes,B+,36.9
P101460,2025-02-22,86,Female,Vellore,Oncology,Dr. H,Hypertension,Low,Emergency,Yes,55,2,13646.71,7928.55,3421.93,2636.94,22744.51,Cash,Under Treatment,Yes,3,No,O+,36.6
P101461,2025-10-28,83,Male,Salem,Pediatrics,Dr. E,Fracture,High,Outpatient,Yes,163,11,16770.05,1671.33,392.02,16883.79,27950.09,Cash,Recovered,Yes,3,Yes,O+,26.8
P101462,2025-09-16,36,Female,Madurai,Pediatrics,Dr. H,Fracture,Low,Emergency,Yes,116,1,10486.49,7067.55,5610.00,2580.68,17477.48,Cash,Under Treatment,Yes,4,Yes,AB+,28.7
P101463,2025-10-12,51,Female,Trichy,Orthopedics,Dr. G,Hypertension,High,Inpatient,No,29,10,21657.22,8044.26,3730.18,15397.70,36095.37,Insurance,Under Treatment,Yes,4,No,A+,18.4
P101464,2025-11-15,49,Male,Trichy,ENT,Dr. E,Asthma,High,Outpatient,Yes,176,5,20747.34,10197.59,3515.88,14552.70,34578.90,Cash,Referred,No,1,No,A-,32.2
P101465,2025-09-20,13,Male,Trichy,Neurology,Dr. C,Fever,Medium,Outpatient,Yes,161,4,17199.52,11870.58,4647.63,5400.36,28665.87,Card,Referred,Yes,3,Yes,O+,34.7
P101466,2025-02-04,73,Male,Vellore,Orthopedics,Dr. C,Cancer,Medium,Inpatient,Yes,13,2,13617.67,9588.69,6808.93,2951.92,22696.12,Insurance,Referred,No,2,No,O-,36.4
P101467,2025-02-01,74,Female,Coimbatore,Oncology,Dr. A,Cancer,High,Emergency,No,73,9,16914.11,9217.72,7504.09,10412.64,28190.18,Card,Recovered,No,1,No,B+,21.5
P101468,2025-05-14,39,Male,Salem,Pediatrics,Dr. C,Diabetes,Low,Inpatient,No,100,0,14009.87,6985.73,7386.65,0.00,23349.78,Card,Under Treatment,No,5,Yes,AB+,27.5
P101469,2025-03-25,44,Male,Trichy,Oncology,Dr. C,Fever,Medium,Emergency,No,45,2,4846.90,1987.60,3049.63,2360.78,8078.17,Insurance,Under Treatment,Yes,2,Yes,A+,29.4
P101470,2025-01-04,77,Male,Trichy,Cardiology,Dr. G,Asthma,High,Emergency,No,171,12,17311.68,5279.39,3347.69,16901.76,28852.80,UPI,Recovered,No,2,Yes,A-,30.0
P101471,2025-10-19,36,Female,Vellore,Cardiology,Dr. B,Cancer,High,Emergency,No,144,8,15146.15,3216.46,5194.42,7583.68,25243.59,Card,Referred,No,2,Yes,AB+,35.1
P101472,2025-02-12,15,Female,Salem,Oncology,Dr. G,Fever,High,Inpatient,Yes,145,6,16455.90,2268.58,6728.29,13511.58,27426.50,UPI,Recovered,Yes,2,No,A-,25.6
P101473,2025-01-07,3,Female,Chennai,Neurology,Dr. D,Fracture,Medium,Inpatient,No,95,3,11929.57,8737.58,3879.93,4515.15,19882.62,Cash,Under Treatment,No,4,No,A-,17.7
P101474,2025-10-26,84,Male,Chennai,Orthopedics,Dr. B,Diabetes,High,Emergency,No,75,12,18116.29,8410.51,5988.50,13946.40,30193.81,Card,Referred,No,5,Yes,B+,16.1
P101475,2025-04-12,16,Female,Salem,Cardiology,Dr. G,Asthma,High,Inpatient,Yes,67,10,29723.16,10237.62,7816.40,26458.30,49538.60,Insurance,Referred,No,4,Yes,A+,30.0
P101476,2025-09-29,3,Male,Salem,Oncology,Dr. B,Diabetes,Low,Inpatient,No,76,0,6519.74,6953.88,2494.82,0.00,10866.24,Cash,Under Treatment,Yes,4,No,O+,17.0
P101477,2025-12-13,81,Male,Coimbatore,Oncology,Dr. G,Cancer,Low,Emergency,Yes,69,0,5711.51,2388.92,2903.86,0.00,9519.19,Cash,Under Treatment,Yes,4,Yes,AB+,18.3
P101478,2025-10-26,87,Female,Chennai,ENT,Dr. F,Migraine,Medium,Inpatient,Yes,166,2,13283.15,9315.15,1404.77,5250.72,22138.58,Card,Recovered,No,5,No,O+,33.9
P101479,2025-06-30,31,Male,Vellore,General Medicine,Dr. B,Fever,High,Emergency,Yes,32,11,22756.53,11397.45,324.77,22163.24,37927.55,Card,Referred,No,2,No,A+,26.7
P101480,2025-07-04,35,Female,Madurai,ENT,Dr. A,Fever,Medium,Inpatient,Yes,5,4,12931.60,9093.71,2902.60,7001.00,21552.67,Cash,Referred,No,4,No,O+,23.4
P101481,2025-08-27,32,Male,Vellore,Pediatrics,Dr. F,Asthma,High,Emergency,Yes,179,9,26482.82,10562.21,1199.83,25435.17,44138.04,Card,Referred,No,5,Yes,O-,28.1
P101482,2025-05-12,82,Female,Vellore,General Medicine,Dr. G,Diabetes,Low,Outpatient,Yes,153,1,9652.13,479.49,4631.46,2666.40,16086.89,Card,Referred,No,3,Yes,O+,20.1
P101483,2025-02-23,4,Male,Trichy,Orthopedics,Dr. G,Fever,Low,Emergency,No,32,2,3758.64,1452.24,611.95,2557.04,6264.40,Insurance,Recovered,No,2,Yes,O-,32.6
P101484,2025-10-13,42,Male,Coimbatore,Orthopedics,Dr. F,Hypertension,High,Inpatient,Yes,39,10,13036.41,4111.75,4979.27,6507.10,21727.35,Card,Recovered,No,4,Yes,O+,32.9
P101485,2025-05-16,9,Female,Vellore,Neurology,Dr. F,Fever,Low,Outpatient,Yes,45,0,6594.64,4877.29,3824.57,0.00,10991.07,UPI,Recovered,No,1,No,A+,18.1
P101486,2025-05-10,36,Male,Coimbatore,General Medicine,Dr. A,Asthma,Low,Emergency,Yes,28,2,10212.09,3215.50,6455.88,2850.30,17020.15,Card,Referred,No,5,No,A+,22.8
P101487,2025-11-24,56,Male,Salem,Neurology,Dr. B,Fever,Low,Emergency,Yes,55,0,3753.68,638.18,2040.28,0.00,6256.14,Insurance,Recovered,No,4,Yes,A+,24.4
P101488,2025-03-27,10,Male,Chennai,Oncology,Dr. B,Diabetes,Medium,Inpatient,Yes,122,3,10972.40,602.59,6945.16,1983.27,18287.34,UPI,Referred,Yes,1,Yes,A+,17.2
P101489,2025-04-03,62,Male,Trichy,Cardiology,Dr. E,Fever,Medium,Inpatient,Yes,9,3,13604.41,6768.35,4376.60,6847.86,22674.01,Cash,Referred,Yes,3,No,B+,20.0
P101490,2025-04-01,49,Male,Chennai,General Medicine,Dr. D,Cancer,Low,Inpatient,No,168,1,7169.02,3643.64,1411.44,2647.74,11948.36,UPI,Under Treatment,No,4,Yes,O+,20.5
P101491,2025-06-10,71,Male,Madurai,ENT,Dr. H,Migraine,Low,Inpatient,No,117,1,11647.36,2377.54,4677.03,2617.83,19412.27,Insurance,Recovered,No,3,Yes,A+,31.0
P101492,2025-04-11,29,Female,Chennai,Cardiology,Dr. E,Fracture,Low,Emergency,Yes,16,1,8749.48,831.49,2450.32,1689.75,14582.47,Insurance,Referred,No,4,No,A+,18.3
P101493,2025-02-05,11,Male,Chennai,Pediatrics,Dr. D,Fracture,High,Emergency,Yes,112,5,12024.00,8201.00,2049.93,5414.50,20040.00,Insurance,Referred,Yes,1,Yes,B+,17.7
P101494,2025-05-13,48,Female,Coimbatore,Orthopedics,Dr. G,Hypertension,Medium,Outpatient,Yes,102,2,12891.65,3993.78,1996.42,5619.92,21486.08,Cash,Under Treatment,Yes,3,Yes,O-,37.3
P101495,2025-05-24,18,Female,Salem,Pediatrics,Dr. F,Cancer,High,Emergency,No,106,7,20455.10,7449.65,3014.27,18905.67,34091.83,UPI,Referred,No,3,No,AB+,21.7
P101496,2025-10-20,85,Female,Coimbatore,Orthopedics,Dr. A,Diabetes,Medium,Inpatient,No,75,3,15620.84,9989.98,4949.40,7145.01,26034.74,Insurance,Under Treatment,Yes,4,Yes,B+,35.0
P101497,2025-11-08,22,Female,Trichy,Oncology,Dr. G,Asthma,High,Emergency,No,144,8,12944.16,2421.92,4237.71,12284.56,21573.60,UPI,Under Treatment,No,5,Yes,A+,34.6
P101498,2025-10-27,38,Female,Salem,Orthopedics,Dr. D,Migraine,Low,Emergency,Yes,48,1,6778.50,3742.65,3525.02,2250.42,11297.50,Cash,Under Treatment,Yes,3,No,O+,24.5
P101499,2025-07-07,64,Female,Coimbatore,Pediatrics,Dr. A,Diabetes,High,Emergency,No,172,5,10072.82,6414.56,421.58,4776.15,16788.04,Card,Referred,Yes,2,No,O-,18.8
P101500,2025-05-31,22,Male,Vellore,Pediatrics,Dr. D,Asthma,Medium,Inpatient,No,56,2,9514.27,6761.45,2602.97,1162.08,15857.11,Cash,Under Treatment,Yes,5,Yes,O+,27.2
P101501,2025-03-18,43,Male,Vellore,ENT,Dr. F,Hypertension,High,Emergency,No,168,11,31407.63,8394.70,4945.22,32829.72,52346.05,UPI,Recovered,No,3,No,A-,19.4
P101502,2025-04-25,42,Female,Salem,Neurology,Dr. F,Asthma,Low,Inpatient,Yes,58,0,9365.24,9583.14,2965.99,0.00,15608.74,Cash,Referred,No,2,Yes,AB+,29.3
P101503,2025-05-09,16,Female,Coimbatore,Orthopedics,Dr. C,Fever,High,Outpatient,No,130,7,18827.34,6689.66,7136.68,16512.79,31378.90,Insurance,Recovered,Yes,3,Yes,B+,29.4
P101504,2025-01-20,58,Female,Chennai,Oncology,Dr. A,Cancer,High,Emergency,Yes,101,5,18911.34,8436.97,3479.10,11774.70,31518.90,UPI,Recovered,Yes,5,No,O-,32.3
P101505,2025-04-24,41,Female,Coimbatore,Cardiology,Dr. C,Asthma,High,Inpatient,No,92,11,29309.44,11504.89,4901.37,24140.49,48849.06,UPI,Referred,Yes,1,No,A-,34.4
P101506,2025-03-20,69,Female,Madurai,Cardiology,Dr. D,Fever,Medium,Outpatient,No,136,3,5070.55,1105.62,2335.79,2090.94,8450.91,UPI,Recovered,No,3,No,B+,23.2
P101507,2025-01-30,53,Male,Salem,Pediatrics,Dr. C,Diabetes,Low,Inpatient,Yes,17,1,14043.72,11856.66,6187.93,717.06,23406.20,Card,Recovered,No,4,No,O-,32.0
P101508,2025-05-17,24,Male,Trichy,Pediatrics,Dr. E,Diabetes,High,Emergency,Yes,116,6,16772.68,5845.53,646.68,13425.84,27954.46,UPI,Under Treatment,Yes,4,Yes,O+,27.9
P101509,2025-12-12,13,Female,Trichy,ENT,Dr. H,Cancer,Medium,Outpatient,No,169,3,6900.77,1199.60,3958.47,2138.79,11501.29,Insurance,Under Treatment,Yes,1,No,AB+,28.9
P101510,2025-07-24,81,Male,Vellore,Oncology,Dr. E,Migraine,High,Inpatient,Yes,15,10,13201.20,4760.10,212.81,10983.60,22002.00,Cash,Recovered,Yes,2,Yes,A+,31.2
P101511,2025-05-26,24,Female,Salem,Neurology,Dr. H,Fracture,Low,Emergency,Yes,77,1,8375.69,8030.06,885.37,1623.78,13959.49,Cash,Recovered,Yes,2,Yes,O-,36.5
P101512,2025-05-31,33,Male,Coimbatore,ENT,Dr. H,Cancer,Low,Outpatient,Yes,124,0,5974.35,2162.24,3969.34,0.00,9957.25,Cash,Recovered,Yes,1,No,A+,32.5
P101513,2025-05-28,66,Female,Vellore,Orthopedics,Dr. B,Diabetes,High,Inpatient,Yes,92,10,23780.29,4316.27,7935.54,21889.20,39633.82,Insurance,Under Treatment,Yes,2,No,AB+,25.9
P101514,2025-07-27,16,Male,Trichy,Orthopedics,Dr. F,Asthma,Low,Emergency,No,134,1,10293.41,7538.78,1738.08,2891.82,17155.69,UPI,Under Treatment,Yes,4,No,A-,35.2
P101515,2025-02-19,62,Female,Coimbatore,Neurology,Dr. A,Diabetes,Low,Outpatient,No,56,1,6980.41,2360.06,5166.64,787.00,11634.01,Cash,Recovered,No,4,No,AB+,26.0
P101516,2025-06-23,6,Female,Coimbatore,ENT,Dr. E,Cancer,High,Emergency,No,43,10,20621.35,10951.94,1742.55,20433.10,34368.92,Card,Under Treatment,No,3,No,AB+,36.9
P101517,2025-04-28,59,Female,Coimbatore,General Medicine,Dr. B,Fever,High,Outpatient,No,6,11,25968.22,3910.22,6535.28,29689.77,43280.36,Card,Under Treatment,Yes,3,No,O+,25.4
P101518,2025-08-12,34,Male,Vellore,Cardiology,Dr. C,Hypertension,Low,Outpatient,Yes,175,2,9340.29,1764.25,2587.52,2628.36,15567.15,Cash,Under Treatment,No,2,Yes,AB+,23.7
P101519,2025-07-04,36,Male,Madurai,Cardiology,Dr. H,Fracture,High,Emergency,No,142,7,23773.90,7331.69,7677.81,16256.10,39623.17,Cash,Recovered,No,2,Yes,A-,24.9
P101520,2025-01-16,28,Male,Trichy,Orthopedics,Dr. F,Fever,High,Emergency,No,91,8,18908.72,9667.86,3423.72,11501.60,31514.53,Card,Under Treatment,Yes,1,Yes,A+,17.2
P101521,2025-07-12,73,Male,Madurai,ENT,Dr. A,Diabetes,Low,Outpatient,No,123,2,14134.18,10675.27,7532.96,2153.96,23556.97,Card,Under Treatment,Yes,1,Yes,B+,27.0
P101522,2025-03-09,28,Female,Madurai,Cardiology,Dr. B,Hypertension,Medium,Emergency,Yes,47,2,15318.27,6780.62,6740.81,5307.52,25530.45,Card,Recovered,No,5,Yes,B+,27.2
P101523,2025-08-26,83,Male,Trichy,Orthopedics,Dr. F,Diabetes,Low,Inpatient,Yes,99,2,14629.67,7660.14,6861.19,4904.14,24382.79,Cash,Referred,No,1,No,AB+,16.0
P101524,2025-01-30,40,Female,Vellore,Cardiology,Dr. B,Fever,High,Emergency,Yes,54,5,12175.30,4945.53,1899.97,7312.10,20292.16,UPI,Recovered,No,1,No,O-,36.6
P101525,2025-08-20,82,Female,Salem,Cardiology,Dr. D,Fracture,Low,Outpatient,No,91,0,12795.50,8580.74,6347.40,0.00,21325.83,Insurance,Under Treatment,No,4,No,AB+,31.7
P101526,2025-05-09,89,Female,Madurai,Orthopedics,Dr. G,Fever,Low,Emergency,No,171,0,7744.98,2475.31,4817.22,0.00,12908.30,Insurance,Under Treatment,No,4,No,A-,21.7
P101527,2025-11-18,1,Female,Madurai,General Medicine,Dr. D,Fever,Medium,Inpatient,No,92,4,15063.76,8581.69,971.35,6922.40,25106.27,Insurance,Recovered,No,5,No,A-,18.3
P101528,2025-12-30,87,Male,Vellore,Oncology,Dr. E,Hypertension,Medium,Inpatient,Yes,108,3,14994.75,11753.65,395.66,3139.17,24991.25,Cash,Referred,No,4,Yes,O-,26.5
P101529,2025-09-05,75,Male,Chennai,Pediatrics,Dr. C,Fracture,Medium,Inpatient,No,99,5,8812.71,1107.17,3494.90,3816.55,14687.85,Card,Recovered,No,4,No,O-,19.8
P101530,2025-06-02,39,Male,Salem,General Medicine,Dr. D,Fracture,High,Outpatient,Yes,138,11,28439.66,9271.18,5555.52,29232.17,47399.44,Insurance,Under Treatment,No,1,Yes,B+,27.2
P101531,2025-06-23,11,Female,Madurai,Oncology,Dr. D,Asthma,Medium,Outpatient,No,10,4,20264.68,9906.56,5061.70,10587.52,33774.46,Insurance,Referred,No,5,Yes,AB+,26.4
P101532,2025-07-08,20,Female,Vellore,Cardiology,Dr. D,Cancer,Medium,Emergency,Yes,131,4,13879.06,6100.84,3387.62,9292.20,23131.77,Cash,Referred,No,4,No,O+,25.2
P101533,2025-05-28,74,Female,Trichy,Pediatrics,Dr. A,Fever,Low,Outpatient,No,134,2,8799.58,2035.12,6169.23,1686.98,14665.96,Card,Recovered,Yes,4,No,O+,18.5
P101534,2025-11-27,48,Male,Salem,Cardiology,Dr. D,Asthma,High,Outpatient,Yes,149,12,19610.83,11135.48,5353.74,11238.72,32684.72,Card,Recovered,Yes,4,No,A-,23.7
P101535,2025-12-10,79,Male,Salem,Oncology,Dr. A,Cancer,Low,Outpatient,Yes,133,1,14124.20,10006.08,5372.60,1891.93,23540.34,UPI,Under Treatment,No,2,No,O+,26.3
P101536,2025-09-16,20,Female,Coimbatore,Neurology,Dr. D,Fever,Medium,Inpatient,No,108,3,13808.86,11101.20,5981.70,2784.84,23014.77,Cash,Referred,Yes,3,No,A-,35.7
P101537,2025-06-28,89,Male,Chennai,Cardiology,Dr. C,Migraine,Low,Inpatient,No,147,0,6591.35,9153.86,245.35,0.00,10985.58,Card,Under Treatment,Yes,3,Yes,O-,29.5
P101538,2025-05-13,21,Female,Madurai,ENT,Dr. C,Fracture,High,Inpatient,Yes,88,10,27692.17,9638.73,5836.46,27310.50,46153.62,Cash,Under Treatment,Yes,5,Yes,O+,35.1
P101539,2025-09-15,49,Female,Salem,ENT,Dr. B,Asthma,Medium,Inpatient,No,169,5,14779.94,5995.69,6252.02,9819.05,24633.24,Card,Referred,Yes,5,No,O+,19.8
P101540,2025-04-09,24,Male,Coimbatore,Oncology,Dr. D,Migraine,Medium,Outpatient,No,13,3,6364.99,2008.63,5700.67,1553.22,10608.31,UPI,Under Treatment,No,5,Yes,A-,23.1
P101541,2025-07-05,76,Female,Coimbatore,Orthopedics,Dr. B,Fever,Low,Inpatient,No,101,2,9577.63,2368.66,6608.47,2344.70,15962.72,Card,Referred,Yes,3,No,B+,27.9
P101542,2025-06-01,82,Male,Madurai,Oncology,Dr. E,Diabetes,Low,Outpatient,Yes,15,0,10575.44,2529.67,6094.13,0.00,17625.73,Card,Referred,Yes,4,Yes,O-,17.3
P101543,2025-09-07,41,Male,Chennai,Orthopedics,Dr. E,Migraine,High,Outpatient,No,5,12,21123.01,8763.27,5511.88,17380.80,35205.02,Insurance,Under Treatment,No,2,No,B+,26.3
P101544,2025-07-19,16,Male,Coimbatore,Neurology,Dr. H,Migraine,High,Outpatient,No,140,11,18932.92,3887.36,5583.82,16718.35,31554.87,UPI,Under Treatment,No,2,Yes,A-,30.7
P101545,2025-08-26,66,Male,Salem,Cardiology,Dr. H,Hypertension,Medium,Inpatient,Yes,158,3,17666.71,6169.83,7559.94,8398.50,29444.52,UPI,Under Treatment,No,5,Yes,O+,32.6
P101546,2025-11-29,77,Male,Coimbatore,General Medicine,Dr. H,Fever,Medium,Emergency,Yes,134,3,6573.52,301.20,3325.53,1936.20,10955.86,Cash,Recovered,Yes,3,Yes,A-,35.6
P101547,2025-01-30,13,Male,Madurai,Oncology,Dr. A,Fracture,High,Outpatient,No,81,11,23301.34,917.12,4615.43,31671.97,38835.56,Cash,Recovered,No,2,No,O-,22.2
P101548,2025-01-04,86,Male,Madurai,Pediatrics,Dr. A,Cancer,High,Emergency,No,125,7,16070.70,9489.68,1163.06,8355.62,26784.50,Card,Under Treatment,No,3,Yes,A+,30.6
P101549,2025-04-08,71,Female,Vellore,Pediatrics,Dr. H,Cancer,Medium,Inpatient,No,71,3,9973.03,8780.61,2311.83,1996.47,16621.71,Insurance,Recovered,No,1,No,A-,21.8
P101550,2025-07-28,26,Male,Vellore,Orthopedics,Dr. E,Hypertension,Low,Outpatient,Yes,43,0,11984.27,3908.51,7149.12,0.00,19973.79,Cash,Recovered,Yes,5,Yes,O-,26.6
P101551,2025-12-31,28,Male,Vellore,Neurology,Dr. F,Fever,Low,Emergency,Yes,68,2,13969.67,11174.10,573.78,2337.56,23282.78,Card,Under Treatment,Yes,3,Yes,O-,30.6
P101552,2025-01-19,27,Male,Salem,Oncology,Dr. D,Fever,Low,Emergency,No,58,1,10096.70,1367.65,5933.06,672.72,16827.83,UPI,Referred,No,2,Yes,A-,20.6
P101553,2025-02-09,56,Female,Madurai,ENT,Dr. D,Asthma,High,Outpatient,No,8,5,19508.26,2918.17,6413.87,14726.55,32513.77,UPI,Under Treatment,Yes,4,Yes,O+,35.3
P101554,2025-02-27,13,Female,Vellore,Oncology,Dr. E,Fracture,High,Emergency,No,113,12,22503.50,4245.15,5617.68,18272.52,37505.84,UPI,Under Treatment,No,4,Yes,O+,28.3
P101555,2025-04-15,86,Male,Madurai,General Medicine,Dr. G,Cancer,Low,Emergency,No,89,0,13128.25,6716.39,7080.24,0.00,21880.42,Insurance,Referred,No,2,No,O+,34.6
P101556,2025-02-23,11,Female,Chennai,General Medicine,Dr. H,Cancer,Medium,Emergency,No,91,2,11723.01,6813.57,7002.98,1959.48,19538.35,UPI,Recovered,Yes,1,No,AB+,30.0
P101557,2025-08-15,1,Female,Trichy,Cardiology,Dr. H,Asthma,Medium,Inpatient,No,155,5,17232.66,10736.29,5531.61,3681.65,28721.10,Cash,Recovered,No,5,No,O+,19.4
P101558,2025-11-07,63,Male,Trichy,ENT,Dr. H,Cancer,High,Outpatient,No,56,6,14958.77,4863.37,620.89,12133.56,24931.29,Cash,Under Treatment,Yes,5,No,B+,27.5
P101559,2025-05-16,67,Male,Chennai,General Medicine,Dr. E,Diabetes,Medium,Emergency,No,112,5,18562.63,11590.27,6580.86,7711.35,30937.72,UPI,Recovered,Yes,3,Yes,O+,20.8
P101560,2025-11-26,51,Female,Trichy,General Medicine,Dr. E,Cancer,Low,Inpatient,No,166,0,7774.45,7867.66,3415.00,0.00,12957.42,Card,Referred,Yes,4,No,O+,19.2
P101561,2025-01-29,32,Female,Trichy,Cardiology,Dr. B,Cancer,Medium,Emergency,No,68,4,12141.57,6730.53,2726.02,7977.04,20235.95,Cash,Recovered,Yes,3,Yes,A-,25.9
P101562,2025-04-15,50,Male,Chennai,ENT,Dr. H,Hypertension,Low,Emergency,Yes,93,1,12607.49,8009.16,2248.78,2540.50,21012.49,UPI,Referred,Yes,5,Yes,O-,34.4
P101563,2025-06-14,14,Female,Salem,Orthopedics,Dr. H,Fever,High,Emergency,Yes,158,6,16836.02,10707.35,5130.81,9442.80,28060.04,Cash,Referred,No,2,Yes,O+,33.5
P101564,2025-08-25,34,Female,Vellore,ENT,Dr. C,Cancer,Medium,Outpatient,No,91,5,16950.73,9760.96,7983.05,4670.35,28251.21,Card,Referred,No,4,No,AB+,21.6
P101565,2025-03-27,12,Female,Trichy,Cardiology,Dr. A,Asthma,Low,Emergency,Yes,90,1,15639.71,10474.73,7156.53,523.36,26066.19,Card,Referred,Yes,3,Yes,A+,22.9
P101566,2025-02-21,45,Male,Coimbatore,Neurology,Dr. C,Migraine,High,Outpatient,No,116,5,12616.21,7521.18,4558.52,8423.40,21027.02,Cash,Referred,Yes,1,Yes,B+,32.5
P101567,2025-02-17,83,Female,Coimbatore,Oncology,Dr. G,Diabetes,High,Emergency,No,61,8,20441.15,10146.30,7112.32,10375.60,34068.59,Cash,Under Treatment,No,2,No,A+,29.2
P101568,2025-04-23,72,Female,Coimbatore,Oncology,Dr. F,Cancer,Medium,Emergency,Yes,24,2,13367.74,9351.48,729.06,4006.60,22279.56,Card,Recovered,Yes,5,No,AB+,32.6
P101569,2025-04-01,28,Male,Vellore,Orthopedics,Dr. C,Fracture,Low,Outpatient,Yes,29,1,5694.21,3219.42,3446.74,633.71,9490.35,UPI,Recovered,No,2,Yes,AB+,24.9
P101570,2025-07-11,9,Female,Madurai,Oncology,Dr. F,Diabetes,Low,Emergency,Yes,84,2,8754.44,3178.16,1637.77,2447.16,14590.74,UPI,Referred,Yes,3,Yes,A-,30.7
P101571,2025-01-16,79,Male,Coimbatore,Neurology,Dr. B,Cancer,Low,Inpatient,Yes,105,0,6919.38,3369.93,7333.43,0.00,11532.30,Card,Under Treatment,No,3,Yes,A-,35.1
P101572,2025-04-23,58,Female,Vellore,Cardiology,Dr. F,Fracture,High,Inpatient,No,5,5,16713.21,3380.42,4894.90,13835.60,27855.35,Card,Under Treatment,No,3,No,O-,17.7
P101573,2025-11-05,4,Female,Salem,General Medicine,Dr. D,Migraine,Medium,Inpatient,Yes,162,4,6865.31,3284.33,2241.66,2695.80,11442.19,UPI,Referred,No,2,Yes,B+,28.6
P101574,2025-01-09,90,Female,Madurai,Orthopedics,Dr. C,Hypertension,High,Outpatient,Yes,13,10,11250.55,4887.26,2803.16,10278.00,18750.92,Card,Recovered,Yes,5,No,B+,30.9
P101575,2025-02-09,9,Male,Trichy,Orthopedics,Dr. A,Fracture,High,Emergency,Yes,89,11,24702.52,2994.52,1800.82,32676.49,41170.87,UPI,Recovered,No,2,No,O+,22.4
P101576,2025-03-10,32,Male,Coimbatore,Oncology,Dr. B,Fever,Medium,Outpatient,Yes,28,4,8082.45,3119.97,6855.30,2964.40,13470.75,UPI,Referred,No,2,No,O+,31.6
P101577,2025-03-29,78,Male,Vellore,Oncology,Dr. F,Cancer,High,Emergency,Yes,77,10,25345.66,7567.70,1715.70,26166.90,42242.77,Insurance,Under Treatment,No,3,No,AB+,34.7
P101578,2025-02-26,19,Female,Vellore,ENT,Dr. D,Migraine,High,Inpatient,Yes,8,11,14089.03,6028.51,7698.95,7700.55,23481.71,Card,Referred,No,1,Yes,B+,17.8
P101579,2025-01-29,6,Female,Madurai,ENT,Dr. D,Hypertension,Low,Outpatient,No,119,2,11041.65,6604.83,7856.88,2251.10,18402.75,UPI,Under Treatment,Yes,2,No,A+,24.3
P101580,2025-04-26,72,Male,Vellore,General Medicine,Dr. F,Cancer,Low,Emergency,No,33,2,13647.31,3742.14,7550.54,3861.68,22745.51,Insurance,Recovered,Yes,5,Yes,AB+,33.5
P101581,2025-08-15,64,Male,Madurai,General Medicine,Dr. A,Asthma,Low,Inpatient,Yes,115,0,14241.44,10074.44,5219.86,0.00,23735.73,UPI,Under Treatment,Yes,4,No,AB+,34.2
P101582,2025-05-29,13,Male,Salem,Orthopedics,Dr. C,Fracture,High,Emergency,Yes,44,9,13194.32,5115.24,2318.40,8833.86,21990.54,Card,Referred,Yes,4,Yes,A-,27.2
P101583,2025-08-18,83,Male,Salem,General Medicine,Dr. G,Cancer,Medium,Inpatient,No,8,5,11359.15,6011.00,2207.90,7331.35,18931.92,Card,Recovered,No,2,Yes,B+,21.0
P101584,2025-03-26,61,Male,Chennai,ENT,Dr. D,Fever,High,Emergency,Yes,110,10,17256.32,6671.40,4324.52,8195.50,28760.54,Insurance,Referred,Yes,1,Yes,AB+,33.8
P101585,2025-10-23,30,Male,Coimbatore,Oncology,Dr. F,Fracture,Low,Inpatient,No,174,1,11608.42,7443.18,1305.07,1556.80,19347.37,Insurance,Recovered,No,5,No,O+,26.9
P101586,2025-07-27,15,Female,Madurai,Neurology,Dr. D,Cancer,Low,Outpatient,Yes,145,2,3732.37,1735.49,980.47,2215.88,6220.61,Card,Under Treatment,No,5,No,A-,24.5
P101587,2025-08-21,55,Male,Vellore,Neurology,Dr. F,Fracture,Medium,Inpatient,Yes,127,5,14296.49,2912.14,5165.87,10050.30,23827.49,UPI,Recovered,No,5,No,A+,21.4
P101588,2025-01-28,59,Female,Salem,Pediatrics,Dr. E,Hypertension,Medium,Outpatient,No,11,4,11590.45,11253.74,846.45,2289.24,19317.41,Insurance,Recovered,No,3,Yes,O-,35.7
P101589,2025-05-17,19,Female,Chennai,General Medicine,Dr. B,Asthma,Medium,Emergency,Yes,95,4,17898.06,6057.13,3516.53,11768.80,29830.10,Cash,Referred,No,2,Yes,AB+,31.6
P101590,2025-08-15,52,Male,Madurai,Pediatrics,Dr. C,Cancer,Low,Outpatient,No,60,2,5327.78,3539.73,1107.88,2021.14,8879.63,Insurance,Under Treatment,Yes,1,Yes,B+,24.8
P101591,2025-05-06,14,Female,Madurai,General Medicine,Dr. G,Cancer,Low,Emergency,No,141,0,14075.01,9059.23,4639.47,0.00,23458.35,Insurance,Referred,Yes,1,Yes,B+,32.5
P101592,2025-03-10,42,Male,Madurai,Oncology,Dr. D,Fracture,High,Outpatient,Yes,153,9,17825.63,2627.95,2566.14,21142.08,29709.38,Cash,Under Treatment,No,2,No,AB+,23.7
P101593,2025-02-05,8,Male,Coimbatore,Oncology,Dr. H,Cancer,Low,Emergency,No,100,1,4716.10,3547.49,2230.88,1548.08,7860.17,Card,Recovered,Yes,3,Yes,O-,18.3
P101594,2025-03-27,32,Male,Chennai,Oncology,Dr. G,Asthma,Medium,Outpatient,Yes,151,4,13025.19,856.78,3063.82,11005.36,21708.65,Insurance,Under Treatment,Yes,2,Yes,O-,37.0
P101595,2025-04-15,1,Male,Coimbatore,Neurology,Dr. B,Fever,High,Outpatient,Yes,111,10,17739.63,10051.37,1808.69,8213.10,29566.05,UPI,Under Treatment,No,1,No,A+,17.9
P101596,2025-02-22,48,Male,Madurai,Orthopedics,Dr. A,Cancer,Low,Outpatient,No,175,0,12759.98,9379.95,2413.25,0.00,21266.63,Card,Recovered,No,2,Yes,O+,30.8
P101597,2025-11-13,23,Female,Trichy,Neurology,Dr. C,Migraine,Medium,Inpatient,Yes,99,5,13528.34,1734.81,1085.33,13382.15,22547.24,UPI,Under Treatment,No,2,Yes,O+,16.8
P101598,2025-04-07,79,Female,Coimbatore,Cardiology,Dr. D,Fracture,Medium,Outpatient,Yes,94,2,11226.41,8868.72,6626.96,2703.18,18710.68,Cash,Recovered,No,5,No,O+,29.4
P101599,2025-11-14,34,Female,Chennai,General Medicine,Dr. D,Asthma,High,Inpatient,No,180,12,14715.02,6027.61,3138.67,8928.36,24525.03,Cash,Recovered,Yes,3,No,O-,29.4
P101600,2025-07-27,5,Female,Madurai,Pediatrics,Dr. A,Cancer,Low,Inpatient,No,167,2,14313.85,5548.71,5669.19,2690.14,23856.41,Cash,Under Treatment,No,1,Yes,O+,22.1
P101601,2025-11-06,37,Female,Vellore,Cardiology,Dr. E,Diabetes,Low,Emergency,No,96,0,9223.42,10477.32,2385.62,0.00,15372.37,Card,Under Treatment,Yes,5,Yes,B+,21.8
P101602,2025-11-22,6,Male,Vellore,Neurology,Dr. D,Diabetes,High,Inpatient,No,92,12,22613.74,8011.86,5631.91,18449.28,37689.57,UPI,Referred,No,5,No,O+,22.5
P101603,2025-08-25,52,Male,Trichy,General Medicine,Dr. D,Diabetes,Low,Emergency,No,27,2,6649.50,1893.34,2253.48,5344.80,11082.50,UPI,Referred,Yes,3,Yes,B+,23.7
P101604,2025-01-05,40,Female,Coimbatore,Pediatrics,Dr. G,Asthma,Low,Emergency,Yes,37,0,6631.05,8191.37,1501.01,0.00,11051.75,UPI,Recovered,No,4,No,O+,32.9
P101605,2025-04-16,8,Male,Salem,General Medicine,Dr. G,Cancer,Low,Emergency,Yes,134,2,10889.92,9909.35,1886.68,3715.32,18149.87,Cash,Under Treatment,Yes,5,Yes,O+,24.6
P101606,2025-03-01,24,Male,Madurai,ENT,Dr. A,Fever,High,Emergency,Yes,7,12,26338.18,5397.15,4693.21,29853.96,43896.97,UPI,Under Treatment,Yes,4,Yes,B+,32.4
P101607,2025-06-12,1,Female,Chennai,General Medicine,Dr. D,Fever,Medium,Inpatient,No,68,3,13914.80,10154.54,2685.42,2773.71,23191.33,UPI,Referred,Yes,4,No,AB+,21.3
P101608,2025-08-14,58,Male,Trichy,Cardiology,Dr. E,Diabetes,High,Emergency,No,20,10,17572.10,6874.02,7020.54,10323.10,29286.83,UPI,Referred,Yes,4,No,O-,29.9
P101609,2025-12-14,47,Male,Chennai,ENT,Dr. D,Cancer,Low,Inpatient,Yes,138,1,11493.25,6681.78,2435.52,2220.12,19155.42,Card,Under Treatment,No,4,No,O-,37.6
P101610,2025-02-11,37,Male,Vellore,Cardiology,Dr. G,Fracture,Medium,Inpatient,No,125,5,18379.76,6549.96,5348.14,8876.10,30632.94,Card,Under Treatment,No,2,Yes,AB+,23.7
P101611,2025-01-21,77,Male,Vellore,Pediatrics,Dr. F,Asthma,Medium,Outpatient,Yes,78,2,15543.28,7521.74,4536.39,5858.40,25905.46,Insurance,Referred,Yes,3,No,A-,18.1
P101612,2025-05-25,30,Male,Chennai,Cardiology,Dr. E,Fever,Low,Outpatient,Yes,155,1,13962.62,10425.84,3301.38,2301.55,23271.04,Cash,Under Treatment,No,3,Yes,O-,30.4
P101613,2025-03-30,3,Male,Madurai,Pediatrics,Dr. B,Fever,Low,Outpatient,No,95,2,11754.52,3168.48,4373.01,3441.08,19590.86,Insurance,Recovered,No,3,No,AB+,32.6
P101614,2025-02-28,90,Female,Chennai,Oncology,Dr. D,Fever,High,Inpatient,No,172,5,8414.33,4338.10,916.08,4890.15,14023.89,Insurance,Under Treatment,No,1,Yes,B+,29.6
P101615,2025-07-16,23,Male,Coimbatore,Pediatrics,Dr. E,Fever,High,Emergency,No,76,7,19089.14,9876.50,7773.83,7621.81,31815.23,Card,Referred,No,5,Yes,B+,20.9
P101616,2025-11-22,75,Female,Salem,Neurology,Dr. G,Fracture,Medium,Outpatient,No,167,3,12964.55,8722.62,2349.98,7542.48,21607.59,Insurance,Referred,No,1,Yes,B+,25.4
P101617,2025-11-04,12,Female,Salem,Orthopedics,Dr. G,Fever,High,Outpatient,Yes,161,5,11748.23,7542.94,3540.09,5660.95,19580.38,Insurance,Under Treatment,Yes,3,No,A+,34.8
P101618,2025-05-17,14,Male,Chennai,Neurology,Dr. A,Diabetes,Medium,Emergency,Yes,151,2,13614.74,8963.06,7173.57,5123.30,22691.23,UPI,Referred,Yes,2,No,A+,22.4
P101619,2025-04-06,42,Male,Chennai,General Medicine,Dr. E,Fever,Medium,Emergency,No,63,5,15726.49,11268.32,7192.99,2527.05,26210.81,Cash,Recovered,No,4,No,A+,25.7
P101620,2025-09-09,17,Female,Coimbatore,Oncology,Dr. H,Migraine,Medium,Inpatient,No,159,5,12016.48,3792.90,3938.11,5511.70,20027.46,UPI,Under Treatment,Yes,2,Yes,A+,19.0
P101621,2025-03-19,34,Female,Salem,Oncology,Dr. E,Cancer,Low,Outpatient,Yes,21,0,11960.92,11256.62,6930.34,0.00,19934.87,UPI,Under Treatment,No,5,No,B+,16.5
P101622,2025-11-17,28,Female,Coimbatore,Oncology,Dr. B,Asthma,Low,Emergency,Yes,74,0,7317.18,2934.10,4744.67,0.00,12195.30,UPI,Recovered,Yes,3,Yes,A+,31.2
P101623,2025-02-24,89,Female,Coimbatore,Neurology,Dr. B,Cancer,Low,Outpatient,Yes,171,1,12805.07,11675.42,2147.01,539.03,21341.79,Insurance,Recovered,No,1,Yes,A-,23.1
P101624,2025-08-22,78,Male,Madurai,ENT,Dr. A,Asthma,Medium,Outpatient,No,162,5,16996.72,7002.92,4805.98,10068.35,28327.87,Insurance,Referred,No,5,Yes,O+,22.8
P101625,2025-05-22,69,Male,Trichy,ENT,Dr. D,Migraine,Medium,Inpatient,No,148,5,16298.36,4945.23,7021.92,10856.15,27163.94,Insurance,Referred,No,3,Yes,AB+,22.4
P101626,2025-03-15,53,Female,Trichy,Orthopedics,Dr. B,Hypertension,Low,Outpatient,Yes,67,1,12903.62,10675.69,2588.99,980.09,21506.04,Card,Recovered,No,3,No,B+,19.4
P101627,2025-10-29,50,Female,Chennai,General Medicine,Dr. F,Asthma,High,Inpatient,Yes,132,5,11860.13,354.23,2458.28,7216.05,19766.88,Cash,Recovered,Yes,2,Yes,O+,16.6
P101628,2025-02-05,6,Male,Madurai,Pediatrics,Dr. A,Hypertension,Medium,Outpatient,Yes,82,5,9770.43,1220.08,2668.26,7406.60,16284.05,UPI,Recovered,Yes,4,Yes,A+,16.0
P101629,2025-11-17,67,Female,Chennai,Oncology,Dr. B,Fracture,Low,Emergency,Yes,89,2,13906.30,6682.25,7823.29,5405.06,23177.17,Card,Referred,No,1,No,AB+,16.2
P101630,2025-10-24,74,Female,Chennai,Pediatrics,Dr. G,Diabetes,High,Inpatient,No,115,9,19913.68,2746.30,7733.59,13440.06,33189.47,Cash,Referred,No,4,Yes,O+,23.7
P101631,2025-07-19,10,Female,Vellore,Pediatrics,Dr. F,Fracture,Low,Outpatient,No,19,1,10076.07,8461.98,4368.36,1414.54,16793.45,Cash,Recovered,No,2,Yes,O-,33.4
P101632,2025-08-13,5,Male,Chennai,General Medicine,Dr. F,Migraine,High,Emergency,Yes,11,10,29910.79,11139.87,6584.24,22184.70,49851.32,Insurance,Referred,Yes,4,No,B+,26.5
P101633,2025-06-04,44,Male,Madurai,General Medicine,Dr. A,Fever,Low,Outpatient,Yes,159,1,9149.24,2584.85,6489.59,2863.05,15248.74,Card,Recovered,No,2,Yes,A-,35.9
P101634,2025-12-31,74,Male,Madurai,General Medicine,Dr. F,Migraine,Medium,Emergency,Yes,104,4,9811.46,10654.10,1460.04,2276.52,16352.43,Insurance,Referred,Yes,4,No,O-,37.0
P101635,2025-08-29,17,Female,Trichy,Orthopedics,Dr. A,Migraine,Medium,Outpatient,No,159,5,8511.30,3182.18,1427.20,5695.40,14185.50,Insurance,Referred,No,4,No,O+,24.4
P101636,2025-06-21,26,Male,Madurai,Orthopedics,Dr. B,Diabetes,High,Outpatient,Yes,174,12,30405.41,10478.94,1632.15,34298.04,50675.69,UPI,Recovered,No,5,Yes,A-,35.2
P101637,2025-10-15,68,Male,Vellore,Neurology,Dr. G,Cancer,High,Emergency,No,25,12,24583.60,7271.44,4259.11,25950.12,40972.66,Insurance,Recovered,Yes,4,Yes,O-,22.8
P101638,2025-10-06,24,Male,Chennai,Pediatrics,Dr. H,Diabetes,High,Emergency,Yes,180,7,13603.79,6582.75,3772.39,10466.40,22672.99,Cash,Recovered,No,3,Yes,B+,25.6
P101639,2025-04-07,15,Female,Chennai,General Medicine,Dr. F,Fever,Medium,Emergency,Yes,71,4,13154.38,8624.13,309.46,9880.92,21923.96,Cash,Under Treatment,No,2,No,AB+,32.6
P101640,2025-06-21,41,Male,Madurai,Oncology,Dr. E,Diabetes,Low,Emergency,Yes,93,2,12457.25,9493.95,1526.41,1363.30,20762.08,Insurance,Under Treatment,Yes,3,No,O+,28.5
P101641,2025-03-23,76,Male,Coimbatore,Orthopedics,Dr. H,Cancer,High,Inpatient,Yes,114,10,24665.62,9976.73,1644.88,20763.40,41109.36,Insurance,Referred,No,5,No,B+,18.6
P101642,2025-06-16,79,Male,Vellore,Cardiology,Dr. B,Diabetes,Low,Outpatient,Yes,32,0,3710.33,1984.14,811.90,0.00,6183.88,UPI,Referred,Yes,4,No,O+,16.5
P101643,2025-11-27,34,Female,Chennai,Neurology,Dr. H,Hypertension,Medium,Outpatient,Yes,55,4,14396.35,11789.71,7012.48,2763.56,23993.92,Card,Recovered,Yes,2,Yes,O+,28.6
P101644,2025-05-11,55,Female,Chennai,Cardiology,Dr. D,Fever,Medium,Outpatient,No,42,5,14672.02,7541.77,4115.34,8740.00,24453.37,UPI,Recovered,Yes,3,No,A+,16.2
P101645,2025-05-10,80,Female,Salem,Oncology,Dr. A,Cancer,Low,Outpatient,No,165,1,10416.47,6342.15,7378.13,1058.53,17360.79,UPI,Referred,No,2,No,A+,35.3
P101646,2025-05-09,39,Female,Madurai,Orthopedics,Dr. G,Fever,Low,Inpatient,No,16,0,12791.68,10423.35,5762.04,0.00,21319.46,UPI,Recovered,No,5,Yes,A-,25.8
P101647,2025-10-27,13,Male,Trichy,Neurology,Dr. D,Hypertension,Low,Outpatient,Yes,73,1,8445.54,3954.92,4103.77,1395.44,14075.90,UPI,Recovered,No,1,No,A-,28.1
P101648,2025-04-19,42,Male,Madurai,Pediatrics,Dr. B,Fracture,High,Emergency,Yes,116,6,16085.88,11007.01,5756.18,6955.62,26809.80,Cash,Referred,Yes,3,No,B+,24.4
P101649,2025-09-11,81,Female,Coimbatore,Neurology,Dr. H,Diabetes,High,Emergency,No,13,8,16381.61,1998.47,2026.68,20647.60,27302.68,Card,Under Treatment,Yes,4,Yes,A-,33.5
P101650,2025-06-29,31,Male,Madurai,General Medicine,Dr. E,Hypertension,High,Emergency,Yes,46,12,23058.42,10924.04,322.93,18823.56,38430.70,Cash,Recovered,Yes,2,Yes,A+,17.4
P101651,2025-04-08,86,Female,Coimbatore,Orthopedics,Dr. F,Asthma,High,Inpatient,Yes,28,12,19347.79,2776.75,777.32,27228.24,32246.32,Card,Referred,Yes,1,No,O-,21.0
P101652,2025-08-31,57,Male,Madurai,Neurology,Dr. F,Diabetes,High,Outpatient,No,57,11,19686.53,2782.95,4949.06,21527.99,32810.88,Cash,Referred,No,3,Yes,B+,27.7
P101653,2025-10-12,83,Male,Madurai,Orthopedics,Dr. E,Diabetes,Low,Inpatient,Yes,34,0,8014.85,500.64,4715.23,0.00,13358.08,UPI,Referred,Yes,3,Yes,AB+,32.1
P101654,2025-08-15,17,Female,Salem,General Medicine,Dr. G,Migraine,High,Outpatient,Yes,49,11,11985.75,2754.77,5406.13,6146.80,19976.25,UPI,Under Treatment,No,3,Yes,AB+,21.6
P101655,2025-03-02,52,Female,Madurai,Orthopedics,Dr. E,Diabetes,Medium,Emergency,Yes,17,3,12334.60,11807.10,1987.06,5619.09,20557.67,UPI,Referred,No,2,Yes,O+,28.3
P101656,2025-03-08,26,Male,Vellore,Neurology,Dr. F,Fracture,Medium,Emergency,No,39,4,12445.27,2714.22,6653.23,2892.72,20742.12,Insurance,Under Treatment,Yes,5,Yes,O+,26.1
P101657,2025-01-05,47,Male,Coimbatore,Oncology,Dr. F,Hypertension,High,Emergency,No,178,11,14416.88,932.88,3921.43,10298.86,24028.13,Insurance,Referred,No,4,No,O+,28.8
P101658,2025-09-16,23,Male,Chennai,Neurology,Dr. C,Cancer,Low,Emergency,No,25,2,15347.54,8081.10,5661.46,4216.12,25579.23,Insurance,Recovered,No,2,Yes,A+,26.4
P101659,2025-03-06,50,Male,Madurai,Oncology,Dr. H,Cancer,High,Emergency,No,85,7,18423.63,5849.65,4814.43,13865.95,30706.05,UPI,Referred,Yes,2,No,AB+,30.5
P101660,2025-07-27,30,Female,Vellore,General Medicine,Dr. C,Fracture,High,Emergency,No,30,8,25724.98,8721.05,5794.12,21597.92,42874.97,Card,Under Treatment,No,1,Yes,A+,23.3
P101661,2025-06-16,39,Male,Madurai,General Medicine,Dr. B,Fever,High,Emergency,No,6,5,14858.44,5563.50,647.92,14499.55,24764.07,Cash,Referred,Yes,5,Yes,O-,34.5
P101662,2025-12-30,87,Male,Madurai,ENT,Dr. G,Fracture,Medium,Outpatient,Yes,96,3,9512.73,4639.32,6542.57,3888.45,15854.55,Insurance,Recovered,Yes,3,No,B+,17.5
P101663,2025-11-21,18,Female,Coimbatore,Oncology,Dr. H,Diabetes,Medium,Outpatient,No,53,3,9893.19,968.69,7499.31,4954.71,16488.65,Card,Referred,No,5,Yes,A+,30.6
P101664,2025-05-30,21,Female,Salem,Oncology,Dr. A,Cancer,Low,Outpatient,Yes,162,2,12499.63,8284.50,6009.61,2046.02,20832.71,Card,Referred,Yes,5,No,A+,36.1
P101665,2025-04-15,72,Male,Coimbatore,Oncology,Dr. H,Diabetes,Low,Outpatient,Yes,141,2,11301.89,6209.55,4841.80,2118.42,18836.48,Card,Referred,No,1,Yes,A+,31.6
P101666,2025-09-14,35,Female,Coimbatore,Cardiology,Dr. C,Asthma,Medium,Emergency,No,64,2,13446.79,7909.55,2312.02,5329.08,22411.32,Insurance,Recovered,No,5,Yes,A-,36.0
P101667,2025-01-05,70,Male,Salem,ENT,Dr. A,Hypertension,Medium,Inpatient,No,152,3,9444.14,915.80,5140.83,2968.08,15740.24,Card,Recovered,Yes,1,No,A+,37.7
P101668,2025-06-01,70,Female,Salem,Orthopedics,Dr. H,Hypertension,Low,Outpatient,Yes,170,2,13657.97,8516.81,2875.83,4165.00,22763.29,Insurance,Referred,Yes,4,No,A-,28.4
P101669,2025-04-23,10,Female,Trichy,Cardiology,Dr. H,Hypertension,Low,Emergency,Yes,168,0,11146.78,4357.37,4754.79,0.00,18577.96,Cash,Referred,No,5,No,A-,21.7
P101670,2025-11-13,21,Female,Madurai,Cardiology,Dr. G,Fever,Medium,Outpatient,Yes,178,2,9450.76,1332.60,2777.92,3814.12,15751.26,Cash,Under Treatment,Yes,4,No,AB+,17.3
P101671,2025-11-11,20,Male,Madurai,Pediatrics,Dr. F,Cancer,Medium,Inpatient,No,82,4,7347.22,3465.31,2598.37,3010.56,12245.36,Card,Recovered,Yes,4,Yes,A-,30.9
P101672,2025-12-31,85,Female,Vellore,Neurology,Dr. D,Asthma,Low,Emergency,Yes,102,2,9185.07,363.60,7544.03,1102.80,15308.45,Cash,Under Treatment,No,5,Yes,A-,21.1
P101673,2025-02-28,3,Female,Madurai,Neurology,Dr. A,Hypertension,Low,Emergency,Yes,116,0,13144.49,6378.23,6775.10,0.00,21907.49,Cash,Referred,Yes,5,Yes,A-,34.7
P101674,2025-06-23,20,Male,Vellore,Orthopedics,Dr. F,Fracture,High,Emergency,No,110,8,17338.83,8080.29,7430.21,9321.12,28898.05,UPI,Recovered,No,3,Yes,AB+,34.0
P101675,2025-12-14,21,Male,Chennai,General Medicine,Dr. A,Migraine,High,Outpatient,Yes,44,8,22194.52,11318.98,5647.09,13008.56,36990.86,Cash,Referred,Yes,3,Yes,O+,37.6
P101676,2025-05-18,49,Female,Coimbatore,Oncology,Dr. A,Cancer,Medium,Emergency,Yes,13,2,9806.08,2514.55,6692.33,3929.52,16343.47,Card,Recovered,Yes,5,No,O+,38.0
P101677,2025-05-09,60,Female,Chennai,Neurology,Dr. C,Asthma,Low,Outpatient,No,152,2,12482.64,8012.57,1183.64,5293.76,20804.40,Insurance,Referred,No,2,Yes,O+,20.5
P101678,2025-04-24,52,Male,Salem,Cardiology,Dr. G,Fever,High,Inpatient,Yes,149,8,17901.18,10821.06,3070.41,9692.96,29835.30,Cash,Referred,No,1,No,O-,24.5
P101679,2025-03-02,38,Male,Vellore,Cardiology,Dr. A,Fracture,Low,Outpatient,Yes,143,0,4434.38,1053.31,1578.97,0.00,7390.64,Insurance,Recovered,No,2,Yes,O-,32.5
P101680,2025-01-03,77,Female,Coimbatore,Oncology,Dr. A,Hypertension,High,Outpatient,No,171,9,17273.92,4496.32,1999.15,13902.12,28789.87,UPI,Under Treatment,No,5,No,A-,29.8
P101681,2025-12-27,34,Female,Trichy,General Medicine,Dr. D,Diabetes,High,Emergency,Yes,29,8,16905.43,8431.76,4630.00,12749.44,28175.71,UPI,Recovered,Yes,2,No,A+,20.5
P101682,2025-11-16,79,Male,Vellore,ENT,Dr. G,Asthma,High,Inpatient,No,72,9,8764.70,1218.05,4060.49,6728.67,14607.83,Insurance,Under Treatment,Yes,4,No,A+,20.5
P101683,2025-06-18,71,Male,Salem,General Medicine,Dr. A,Migraine,Medium,Outpatient,Yes,116,5,13467.47,6870.78,1324.55,6669.30,22445.78,Insurance,Under Treatment,Yes,4,No,A+,18.5
P101684,2025-01-19,26,Female,Coimbatore,Oncology,Dr. B,Hypertension,Low,Outpatient,Yes,56,0,8342.11,6096.66,3086.02,0.00,13903.51,Card,Referred,Yes,2,Yes,B+,36.7
P101685,2025-08-14,86,Female,Salem,Pediatrics,Dr. A,Diabetes,High,Emergency,No,168,9,20998.06,8721.94,7165.13,18343.17,34996.77,Insurance,Recovered,Yes,1,No,A+,29.2
P101686,2025-01-21,2,Female,Trichy,General Medicine,Dr. B,Cancer,Low,Inpatient,Yes,42,1,13249.75,11268.54,5740.06,2046.47,22082.92,Cash,Referred,No,5,No,O+,17.1
P101687,2025-02-01,40,Female,Coimbatore,General Medicine,Dr. B,Hypertension,Low,Outpatient,Yes,49,1,9775.70,7713.41,1159.62,1893.10,16292.83,Card,Referred,No,2,No,AB+,23.7
P101688,2025-04-08,80,Male,Madurai,Neurology,Dr. E,Diabetes,Low,Inpatient,Yes,80,2,8413.85,4368.86,3018.74,2911.96,14023.08,Card,Referred,Yes,1,Yes,A+,37.5
P101689,2025-02-12,40,Male,Vellore,Cardiology,Dr. D,Migraine,Low,Inpatient,No,180,0,9841.00,1857.72,4693.63,0.00,16401.66,Cash,Referred,Yes,3,Yes,AB+,31.7
P101690,2025-10-08,88,Male,Vellore,Cardiology,Dr. F,Fracture,Medium,Emergency,No,51,4,10567.06,9168.45,1548.45,2397.32,17611.77,Insurance,Recovered,No,1,Yes,A+,37.0
P101691,2025-05-09,25,Female,Salem,ENT,Dr. B,Diabetes,Medium,Inpatient,Yes,173,4,15999.59,9069.24,5158.43,9076.72,26665.99,UPI,Referred,Yes,4,Yes,O+,33.0
P101692,2025-11-23,27,Female,Madurai,General Medicine,Dr. D,Diabetes,Medium,Emergency,Yes,142,3,9509.73,6489.22,2651.64,3218.25,15849.55,Cash,Under Treatment,No,5,Yes,AB+,35.6
P101693,2025-06-01,41,Female,Vellore,Oncology,Dr. E,Hypertension,Low,Outpatient,Yes,24,2,11019.36,7763.59,2915.66,3114.82,18365.60,Cash,Under Treatment,Yes,5,Yes,B+,32.0
P101694,2025-09-30,52,Male,Trichy,Neurology,Dr. C,Asthma,Medium,Emergency,No,90,4,17087.57,4703.25,2716.23,11121.60,28479.29,UPI,Referred,No,2,Yes,A-,34.5
P101695,2025-10-20,68,Female,Chennai,General Medicine,Dr. C,Diabetes,Medium,Emergency,No,56,3,14789.24,477.76,6920.65,8864.31,24648.74,Card,Recovered,Yes,3,No,B+,23.0
P101696,2025-02-09,30,Male,Trichy,ENT,Dr. H,Diabetes,Low,Emergency,Yes,20,1,9136.69,7204.56,1923.18,2208.80,15227.82,UPI,Referred,No,4,Yes,B+,32.5
P101697,2025-06-02,67,Female,Trichy,Pediatrics,Dr. B,Cancer,Low,Emergency,No,100,2,10312.10,2842.43,4057.20,4859.34,17186.83,UPI,Under Treatment,No,3,Yes,A-,25.0
P101698,2025-08-14,60,Female,Trichy,Cardiology,Dr. F,Asthma,Medium,Inpatient,Yes,117,3,18948.01,9976.22,3057.37,8552.64,31580.02,Card,Recovered,No,4,Yes,B+,22.1
P101699,2025-09-03,56,Male,Vellore,General Medicine,Dr. F,Cancer,Medium,Inpatient,Yes,19,5,15197.35,11607.67,2726.86,7703.35,25328.92,Cash,Recovered,No,2,No,B+,19.5
P101700,2025-10-18,74,Female,Vellore,Cardiology,Dr. C,Asthma,Medium,Inpatient,Yes,141,4,12250.14,1628.86,1828.59,7340.24,20416.90,UPI,Referred,No,5,Yes,B+,34.2
P101701,2025-10-07,44,Male,Coimbatore,Neurology,Dr. G,Hypertension,High,Emergency,No,46,6,19923.91,1051.38,6511.99,15976.86,33206.51,Card,Referred,No,5,Yes,B+,22.0
P101702,2025-07-20,47,Male,Chennai,Oncology,Dr. F,Fracture,Low,Emergency,No,127,0,11212.21,9354.75,3396.12,0.00,18687.02,Card,Under Treatment,Yes,3,Yes,A+,31.1
P101703,2025-09-15,26,Male,Madurai,Pediatrics,Dr. E,Hypertension,High,Emergency,No,100,8,10884.60,2708.82,1073.99,4514.08,18141.00,Card,Referred,Yes,2,Yes,B+,24.5
P101704,2025-03-26,11,Female,Salem,Pediatrics,Dr. H,Fracture,Medium,Inpatient,Yes,146,5,21000.25,8443.90,7854.56,10512.85,35000.41,Insurance,Under Treatment,No,4,Yes,AB+,33.0
P101705,2025-03-21,11,Male,Coimbatore,Cardiology,Dr. D,Fracture,Medium,Outpatient,No,86,2,12669.55,11124.77,5870.15,2925.66,21115.92,UPI,Recovered,Yes,2,No,AB+,32.6
P101706,2025-08-31,3,Female,Coimbatore,Oncology,Dr. D,Hypertension,Medium,Outpatient,Yes,60,2,10038.92,7857.07,518.77,4250.20,16731.54,Card,Recovered,Yes,5,No,O+,26.4
P101707,2025-01-19,63,Male,Trichy,Oncology,Dr. G,Asthma,Low,Outpatient,Yes,131,1,8340.14,8971.04,1317.76,1211.51,13900.23,Insurance,Recovered,Yes,2,No,O-,31.0
P101708,2025-05-03,53,Female,Vellore,Orthopedics,Dr. D,Asthma,High,Outpatient,No,89,5,17069.04,2139.23,4128.75,14724.90,28448.40,Cash,Under Treatment,No,1,Yes,A+,30.1
P101709,2025-04-15,29,Male,Trichy,Cardiology,Dr. B,Asthma,Low,Outpatient,Yes,96,0,7581.94,3827.81,7900.89,0.00,12636.57,Insurance,Recovered,Yes,1,Yes,O+,20.1
P101710,2025-12-08,81,Male,Madurai,Oncology,Dr. C,Cancer,High,Outpatient,Yes,32,6,7692.05,3793.76,3415.77,3865.56,12820.08,Cash,Under Treatment,Yes,5,No,AB+,29.0
P101711,2025-01-02,11,Male,Coimbatore,General Medicine,Dr. G,Diabetes,High,Emergency,Yes,153,7,11748.00,5981.31,3153.36,4291.28,19580.00,Insurance,Under Treatment,Yes,2,Yes,A-,31.1
P101712,2025-10-31,19,Male,Coimbatore,ENT,Dr. G,Hypertension,High,Emergency,No,175,11,21961.23,7941.39,6188.41,20673.84,36602.05,Card,Referred,Yes,2,Yes,O+,36.0
P101713,2025-06-28,51,Male,Coimbatore,Orthopedics,Dr. H,Asthma,Low,Inpatient,No,104,2,5001.02,3357.47,1041.73,1310.30,8335.03,Cash,Under Treatment,Yes,2,Yes,A+,33.9
P101714,2025-12-05,81,Female,Vellore,Orthopedics,Dr. H,Migraine,High,Inpatient,Yes,45,8,11091.12,5766.27,1235.58,8447.68,18485.20,Insurance,Referred,No,1,Yes,O+,28.5
P101715,2025-12-04,22,Female,Chennai,ENT,Dr. C,Fever,Medium,Outpatient,Yes,170,3,13624.08,10250.83,1677.96,4745.40,22706.80,Card,Recovered,Yes,5,No,A+,20.0
P101716,2025-10-18,22,Female,Madurai,General Medicine,Dr. C,Cancer,Medium,Outpatient,No,147,4,21125.23,10637.28,6229.48,10192.88,35208.72,Insurance,Referred,No,4,Yes,O+,28.2
P101717,2025-08-14,69,Male,Salem,ENT,Dr. H,Cancer,High,Emergency,Yes,12,9,21915.44,10858.69,7644.90,9738.90,36525.73,Insurance,Recovered,Yes,4,Yes,A-,35.9
P101718,2025-08-27,10,Female,Chennai,Oncology,Dr. B,Asthma,Low,Outpatient,No,5,0,12662.39,8526.03,3752.03,0.00,21103.98,Insurance,Under Treatment,Yes,5,No,O-,20.6
P101719,2025-06-19,22,Male,Salem,Orthopedics,Dr. D,Diabetes,Low,Inpatient,No,75,1,11143.69,9191.75,3934.20,1515.09,18572.81,Card,Recovered,Yes,4,Yes,AB+,25.2
P101720,2025-01-19,71,Male,Madurai,Cardiology,Dr. H,Hypertension,Low,Inpatient,No,15,2,13624.36,9047.27,6421.54,5718.18,22707.26,Card,Recovered,No,1,Yes,AB+,27.3
P101721,2025-11-04,14,Male,Chennai,Oncology,Dr. H,Hypertension,High,Inpatient,No,37,12,26852.77,11053.78,3616.95,21044.04,44754.62,Insurance,Under Treatment,No,2,Yes,B+,26.2
P101722,2025-08-30,77,Female,Salem,Pediatrics,Dr. A,Diabetes,High,Inpatient,Yes,50,5,16636.46,9594.64,2074.79,7618.00,27727.43,Card,Referred,Yes,4,Yes,O-,23.1
P101723,2025-01-03,21,Female,Trichy,Oncology,Dr. B,Fracture,Medium,Emergency,No,176,2,10419.22,6958.72,4794.56,2582.20,17365.36,Cash,Recovered,No,1,No,B+,27.0
P101724,2025-05-14,89,Female,Madurai,ENT,Dr. B,Fever,Low,Inpatient,Yes,33,0,6556.29,4389.90,4986.62,0.00,10927.15,UPI,Referred,No,2,Yes,O+,32.9
P101725,2025-07-07,73,Male,Madurai,General Medicine,Dr. A,Hypertension,Medium,Inpatient,No,117,3,12412.82,9911.70,680.75,3263.67,20688.04,Insurance,Under Treatment,No,2,Yes,B+,30.4
P101726,2025-04-28,19,Male,Chennai,Orthopedics,Dr. H,Fracture,Medium,Emergency,Yes,147,5,10567.42,6576.18,332.32,9899.80,17612.36,Card,Under Treatment,Yes,3,No,O-,34.4
P101727,2025-06-10,8,Female,Vellore,Cardiology,Dr. C,Hypertension,Medium,Inpatient,Yes,76,4,20268.17,6699.33,7284.21,11563.96,33780.29,Cash,Under Treatment,Yes,2,Yes,A+,34.9
P101728,2025-09-24,12,Male,Vellore,Pediatrics,Dr. A,Cancer,High,Emergency,Yes,88,8,15105.95,9898.75,2699.32,7003.84,25176.58,Insurance,Recovered,No,4,Yes,O-,34.7
P101729,2025-04-28,66,Female,Trichy,General Medicine,Dr. G,Migraine,High,Emergency,Yes,68,11,25402.15,5166.31,733.11,30422.04,42336.92,UPI,Under Treatment,Yes,4,No,O-,37.7
P101730,2025-11-24,16,Female,Madurai,Cardiology,Dr. A,Fever,Medium,Inpatient,Yes,47,2,7670.80,2227.49,5335.56,3509.64,12784.66,Insurance,Under Treatment,No,2,Yes,O+,20.8
P101731,2025-10-06,24,Female,Salem,Pediatrics,Dr. G,Fracture,High,Outpatient,No,53,5,16762.38,8480.38,3676.75,7857.05,27937.30,Cash,Referred,Yes,5,No,O+,37.9
P101732,2025-08-12,58,Male,Salem,Orthopedics,Dr. A,Diabetes,Low,Emergency,Yes,96,1,9723.97,5458.58,1434.35,1534.85,16206.61,Insurance,Recovered,No,2,Yes,B+,16.9
P101733,2025-02-28,38,Female,Vellore,General Medicine,Dr. A,Diabetes,High,Outpatient,No,162,9,18719.89,10766.77,5002.78,10112.31,31199.81,UPI,Recovered,Yes,4,Yes,O-,32.2
P101734,2025-04-27,78,Male,Salem,Neurology,Dr. E,Hypertension,Medium,Emergency,Yes,88,2,13061.23,9229.67,3131.19,1258.82,21768.71,Cash,Referred,No,2,No,AB+,36.9
P101735,2025-10-14,80,Male,Salem,ENT,Dr. C,Fever,Medium,Outpatient,Yes,17,2,11940.34,1177.90,4381.30,4857.34,19900.57,UPI,Under Treatment,No,4,No,A+,32.2
P101736,2025-10-02,18,Female,Coimbatore,Orthopedics,Dr. E,Asthma,High,Outpatient,No,119,10,24670.60,7279.84,4135.10,28300.10,41117.67,Cash,Under Treatment,Yes,4,No,O-,36.4
P101737,2025-07-21,32,Female,Chennai,Cardiology,Dr. E,Fever,High,Inpatient,Yes,143,5,21155.60,11461.63,5509.09,10714.45,35259.33,UPI,Referred,Yes,2,Yes,A+,17.7
P101738,2025-07-24,23,Female,Vellore,Pediatrics,Dr. B,Fracture,High,Outpatient,Yes,56,7,20000.39,7975.98,2674.30,17968.16,33333.98,Card,Recovered,No,1,No,O-,33.2
P101739,2025-10-12,6,Male,Coimbatore,Orthopedics,Dr. H,Fever,High,Inpatient,Yes,167,10,13935.43,1537.92,3692.55,13217.00,23225.72,Cash,Under Treatment,No,1,No,A+,28.7
P101740,2025-11-29,72,Female,Trichy,ENT,Dr. F,Cancer,Low,Emergency,No,91,2,9650.35,9292.34,3879.12,2134.46,16083.92,Cash,Under Treatment,No,4,No,O-,25.6
P101741,2025-12-21,4,Female,Chennai,Neurology,Dr. E,Fracture,High,Outpatient,No,5,7,13407.10,1684.02,6212.63,12396.37,22345.16,Card,Referred,No,2,Yes,A+,31.9
P101742,2025-02-24,6,Female,Salem,Pediatrics,Dr. B,Migraine,Low,Outpatient,Yes,21,1,13207.10,9528.44,7268.05,1313.94,22011.83,UPI,Referred,Yes,3,No,A+,23.3
P101743,2025-03-21,10,Male,Vellore,Cardiology,Dr. B,Diabetes,Low,Emergency,No,157,1,13265.69,9054.76,2483.66,1200.37,22109.48,UPI,Referred,No,3,Yes,O+,27.9
P101744,2025-07-27,4,Male,Trichy,General Medicine,Dr. H,Cancer,Medium,Emergency,Yes,25,4,12853.49,10965.55,4082.85,5036.52,21422.48,Insurance,Under Treatment,No,4,No,AB+,34.7
P101745,2025-11-02,21,Male,Coimbatore,General Medicine,Dr. A,Asthma,Low,Inpatient,Yes,127,2,9210.14,7375.77,2583.55,1472.06,15350.24,UPI,Under Treatment,Yes,2,Yes,A+,37.0
P101746,2025-07-16,40,Male,Trichy,Cardiology,Dr. G,Fever,High,Inpatient,No,33,11,14926.49,9929.96,895.67,12842.50,24877.49,UPI,Referred,No,1,No,B+,29.3
P101747,2025-09-28,89,Male,Chennai,General Medicine,Dr. A,Asthma,Medium,Inpatient,Yes,43,2,15324.18,3382.03,6846.88,5722.48,25540.30,Insurance,Referred,No,2,Yes,O-,37.8
P101748,2025-11-01,81,Male,Madurai,Pediatrics,Dr. F,Fever,Low,Inpatient,No,75,1,10748.29,11279.85,2075.44,1893.55,17913.81,Cash,Under Treatment,Yes,3,No,B+,27.3
P101749,2025-07-03,64,Male,Madurai,General Medicine,Dr. B,Fever,High,Outpatient,No,155,10,13458.65,2127.08,1828.09,14766.40,22431.08,Card,Referred,Yes,5,Yes,A+,23.1
P101750,2025-05-07,85,Female,Salem,Neurology,Dr. B,Hypertension,Medium,Inpatient,Yes,81,5,22230.04,10130.91,6227.88,12994.60,37050.06,Cash,Recovered,Yes,1,No,A+,18.0
P101751,2025-12-22,32,Male,Chennai,ENT,Dr. A,Fever,Low,Emergency,No,33,1,13475.04,10073.24,1036.65,2240.87,22458.40,UPI,Referred,Yes,3,Yes,A+,32.8
P101752,2025-10-30,17,Female,Madurai,Oncology,Dr. A,Migraine,Low,Outpatient,Yes,125,0,9187.50,4982.37,3463.65,0.00,15312.50,Cash,Referred,No,4,No,O+,21.8
P101753,2025-10-02,86,Male,Salem,Oncology,Dr. D,Asthma,Medium,Outpatient,Yes,84,5,15013.12,6418.47,7768.69,8528.15,25021.87,UPI,Recovered,No,4,Yes,A-,37.4
P101754,2025-07-19,76,Female,Salem,Neurology,Dr. F,Migraine,Medium,Inpatient,No,59,5,18670.24,5378.82,3482.35,14451.00,31117.07,Insurance,Recovered,Yes,3,No,B+,32.4
P101755,2025-06-20,21,Female,Chennai,General Medicine,Dr. D,Asthma,High,Emergency,No,20,10,26643.04,6813.22,6825.95,24216.00,44405.07,Cash,Recovered,Yes,3,No,A-,29.6
P101756,2025-11-04,21,Male,Madurai,Orthopedics,Dr. H,Cancer,Medium,Emergency,No,63,4,9857.73,1595.49,6846.72,4704.32,16429.55,UPI,Under Treatment,Yes,5,Yes,AB+,31.9
P101757,2025-09-30,58,Female,Trichy,Orthopedics,Dr. E,Fever,Medium,Emergency,Yes,52,2,6434.53,6815.00,833.39,2049.76,10724.22,Card,Under Treatment,No,1,No,AB+,16.7
P101758,2025-11-19,58,Male,Vellore,Pediatrics,Dr. E,Diabetes,High,Inpatient,Yes,56,9,14097.26,757.81,7888.01,14048.28,23495.44,Cash,Recovered,No,1,Yes,O+,16.3
P101759,2025-02-02,4,Male,Vellore,Orthopedics,Dr. D,Fracture,Medium,Inpatient,No,74,3,12315.13,1167.59,6910.13,3919.08,20525.22,UPI,Referred,Yes,4,Yes,O+,37.5
P101760,2025-07-09,52,Female,Salem,Orthopedics,Dr. B,Cancer,Low,Inpatient,Yes,96,2,19301.71,11909.36,6435.39,4621.78,32169.51,Card,Under Treatment,Yes,2,No,B+,33.6
P101761,2025-11-24,81,Female,Chennai,Orthopedics,Dr. A,Cancer,High,Outpatient,Yes,25,12,22600.39,8840.83,3431.10,19524.24,37667.32,UPI,Under Treatment,No,4,Yes,O+,33.2
P101762,2025-11-01,42,Male,Trichy,ENT,Dr. A,Fracture,Medium,Inpatient,No,7,4,19135.45,11352.39,7483.63,7883.36,31892.41,Insurance,Referred,No,1,Yes,A-,34.0
P101763,2025-03-30,4,Male,Coimbatore,ENT,Dr. D,Diabetes,Low,Emergency,No,97,2,9775.94,3362.82,1276.05,2650.18,16293.24,Cash,Recovered,No,2,Yes,A+,33.2
P101764,2025-03-08,77,Female,Madurai,General Medicine,Dr. F,Hypertension,Low,Outpatient,Yes,164,0,14728.00,11338.38,3551.05,0.00,24546.67,UPI,Under Treatment,No,5,No,O-,21.5
P101765,2025-03-30,79,Female,Vellore,Oncology,Dr. E,Diabetes,High,Outpatient,Yes,89,12,20047.19,10485.96,479.33,21475.68,33411.98,Cash,Under Treatment,Yes,1,No,AB+,21.7
P101766,2025-05-07,87,Male,Trichy,Cardiology,Dr. A,Migraine,High,Outpatient,No,111,8,11356.51,3383.15,7751.68,7032.64,18927.52,UPI,Under Treatment,Yes,5,Yes,A-,29.5
P101767,2025-01-24,88,Male,Madurai,Cardiology,Dr. G,Migraine,High,Outpatient,No,121,9,27169.78,11676.22,7361.19,19418.13,45282.96,Cash,Recovered,No,2,No,O-,37.7
P101768,2025-06-04,79,Male,Salem,ENT,Dr. B,Cancer,Medium,Outpatient,Yes,59,4,17837.72,11931.49,4443.08,4217.52,29729.53,Card,Under Treatment,No,1,No,A+,37.8
P101769,2025-01-06,44,Female,Chennai,Cardiology,Dr. F,Asthma,Low,Inpatient,No,166,0,9372.11,6884.30,5570.15,0.00,15620.19,Cash,Referred,Yes,5,No,B+,18.5
P101770,2025-07-26,5,Male,Coimbatore,General Medicine,Dr. G,Cancer,Medium,Outpatient,No,144,5,19011.54,7729.16,3010.19,12678.15,31685.90,Cash,Referred,Yes,3,No,AB+,34.8
P101771,2025-06-17,39,Female,Trichy,Cardiology,Dr. D,Migraine,Medium,Outpatient,No,100,3,8136.01,1737.80,4962.90,6032.31,13560.02,UPI,Referred,Yes,3,No,A+,32.9
P101772,2025-05-19,76,Female,Coimbatore,Cardiology,Dr. A,Hypertension,High,Outpatient,No,70,9,25681.33,6913.86,7266.73,26868.78,42802.21,UPI,Referred,No,4,No,A+,31.5
P101773,2025-07-29,89,Male,Coimbatore,Oncology,Dr. C,Hypertension,Low,Emergency,No,144,0,6980.95,767.36,4898.97,0.00,11634.91,Insurance,Recovered,No,2,Yes,A-,29.5
P101774,2025-04-17,16,Female,Salem,Neurology,Dr. A,Cancer,High,Inpatient,No,130,12,13123.82,4861.47,1006.85,7878.96,21873.04,Cash,Under Treatment,Yes,3,Yes,AB+,29.2
P101775,2025-07-31,22,Male,Madurai,Pediatrics,Dr. G,Asthma,Medium,Inpatient,Yes,77,4,13891.58,638.49,3845.66,11653.64,23152.63,Insurance,Recovered,No,3,No,O+,29.5
P101776,2025-04-04,50,Male,Chennai,Oncology,Dr. E,Cancer,Medium,Inpatient,Yes,53,2,10645.23,3100.57,4516.16,2998.80,17742.05,UPI,Recovered,No,4,Yes,B+,32.8
P101777,2025-10-27,37,Male,Trichy,Pediatrics,Dr. F,Fracture,Low,Inpatient,No,175,1,10497.79,11249.99,2571.78,1841.16,17496.32,UPI,Under Treatment,No,5,No,O-,32.4
P101778,2025-01-05,48,Female,Salem,Cardiology,Dr. G,Hypertension,Low,Emergency,Yes,47,0,10504.41,8310.26,2603.20,0.00,17507.35,Insurance,Referred,Yes,5,Yes,A+,22.6
P101779,2025-12-11,43,Female,Coimbatore,Cardiology,Dr. D,Hypertension,High,Outpatient,Yes,67,10,12136.80,6274.07,1299.63,8907.70,20228.00,Card,Under Treatment,Yes,5,Yes,O-,28.2
P101780,2025-05-07,44,Female,Chennai,Pediatrics,Dr. A,Hypertension,Medium,Inpatient,No,131,4,16943.39,6259.34,4227.11,8306.20,28238.99,Insurance,Recovered,No,5,Yes,A-,27.9
P101781,2025-12-26,2,Male,Vellore,Neurology,Dr. C,Diabetes,Medium,Emergency,Yes,30,2,12955.56,4786.26,5314.42,3807.64,21592.60,UPI,Recovered,No,2,Yes,A+,26.4
P101782,2025-02-18,60,Female,Trichy,General Medicine,Dr. A,Fracture,Medium,Outpatient,No,123,2,7475.23,2994.30,4524.12,1451.82,12458.71,Card,Under Treatment,No,5,No,AB+,36.9
P101783,2025-04-25,36,Male,Salem,Pediatrics,Dr. B,Diabetes,Medium,Outpatient,No,132,4,16518.52,9437.07,1365.86,9453.56,27530.87,UPI,Under Treatment,No,2,No,O+,33.7
P101784,2025-01-01,28,Female,Vellore,Orthopedics,Dr. B,Migraine,High,Outpatient,No,99,8,19445.21,9568.36,3318.81,16536.80,32408.69,Card,Under Treatment,Yes,3,Yes,A+,25.5
P101785,2025-06-28,27,Female,Chennai,General Medicine,Dr. A,Fracture,High,Outpatient,Yes,102,8,16463.81,3396.22,4544.51,16111.84,27439.69,UPI,Referred,Yes,5,No,A-,18.7
P101786,2025-09-18,58,Female,Chennai,Oncology,Dr. F,Asthma,Medium,Emergency,Yes,97,4,20195.17,9419.83,6910.87,9575.20,33658.62,UPI,Referred,Yes,5,Yes,A-,37.9
P101787,2025-08-24,37,Male,Madurai,ENT,Dr. C,Hypertension,High,Inpatient,No,31,6,16958.91,1810.03,6550.79,12287.28,28264.85,UPI,Referred,Yes,1,Yes,A-,21.0
P101788,2025-09-24,27,Male,Vellore,Orthopedics,Dr. A,Cancer,Low,Emergency,Yes,123,2,11166.25,7434.82,1327.49,4754.26,18610.42,Cash,Under Treatment,Yes,3,Yes,A-,37.0
P101789,2025-04-16,41,Female,Chennai,Pediatrics,Dr. A,Diabetes,Medium,Outpatient,Yes,139,4,14254.29,10311.09,3293.66,8602.12,23757.15,UPI,Recovered,No,3,No,AB+,28.2
P101790,2025-05-20,8,Male,Trichy,Cardiology,Dr. A,Migraine,Medium,Inpatient,No,38,5,11113.14,743.98,7020.03,6038.40,18521.90,Cash,Referred,No,3,Yes,AB+,17.1
P101791,2025-05-16,10,Female,Chennai,Cardiology,Dr. G,Diabetes,Low,Outpatient,Yes,65,0,13670.50,10941.55,5460.58,0.00,22784.16,UPI,Under Treatment,Yes,2,No,O+,34.3
P101792,2025-03-06,13,Male,Madurai,Neurology,Dr. E,Cancer,Medium,Emergency,Yes,164,2,12076.67,7091.06,6239.93,1025.36,20127.79,Cash,Recovered,Yes,4,No,AB+,31.7
P101793,2025-06-30,57,Female,Trichy,General Medicine,Dr. F,Fracture,High,Outpatient,Yes,135,6,16565.75,9263.36,2226.33,10197.24,27609.59,Cash,Referred,No,4,Yes,O-,32.6
P101794,2025-07-08,35,Male,Madurai,Neurology,Dr. G,Fever,High,Inpatient,Yes,145,12,27019.28,5088.50,2237.56,34358.52,45032.14,UPI,Recovered,Yes,2,No,O-,32.3
P101795,2025-06-28,33,Female,Madurai,Orthopedics,Dr. D,Asthma,High,Inpatient,Yes,90,7,17241.69,2951.66,7994.67,10787.07,28736.15,Card,Under Treatment,Yes,3,Yes,A-,29.7
P101796,2025-01-01,75,Female,Salem,Cardiology,Dr. G,Hypertension,Low,Inpatient,No,18,2,11104.96,1303.99,7000.20,4570.80,18508.26,Cash,Recovered,Yes,2,No,A+,25.5
P101797,2025-01-30,10,Male,Coimbatore,Oncology,Dr. H,Fever,High,Outpatient,No,67,12,28899.08,10154.78,635.47,27684.72,48165.13,UPI,Under Treatment,Yes,5,No,A+,26.4
P101798,2025-07-12,35,Male,Coimbatore,Cardiology,Dr. C,Hypertension,High,Emergency,No,108,10,24765.98,6554.94,2734.20,28137.70,41276.63,Insurance,Referred,No,2,Yes,O+,34.9
P101799,2025-05-06,14,Female,Trichy,Cardiology,Dr. C,Migraine,Low,Inpatient,No,139,2,11105.72,8238.88,3835.11,1135.06,18509.54,Cash,Referred,Yes,2,Yes,B+,22.2
P101800,2025-08-23,31,Male,Coimbatore,Cardiology,Dr. D,Cancer,High,Emergency,Yes,110,7,18378.79,4756.47,6383.29,16360.96,30631.32,Insurance,Referred,Yes,1,No,B+,34.6
P101801,2025-06-22,68,Female,Madurai,Neurology,Dr. E,Fracture,Medium,Emergency,Yes,154,5,9795.64,2295.87,4318.79,4703.75,16326.06,UPI,Recovered,No,2,Yes,A+,16.9
P101802,2025-11-14,52,Male,Madurai,General Medicine,Dr. C,Migraine,Low,Inpatient,Yes,118,1,14004.97,10485.49,1582.98,1479.10,23341.61,Card,Referred,No,3,No,AB+,16.3
P101803,2025-10-05,37,Female,Madurai,Cardiology,Dr. H,Fever,Medium,Emergency,Yes,63,2,10824.19,338.43,5564.24,3564.58,18040.32,Cash,Recovered,Yes,3,No,AB+,26.8
P101804,2025-03-31,21,Male,Madurai,Oncology,Dr. F,Fracture,Low,Emergency,No,119,0,10608.71,7637.99,481.77,0.00,17681.18,Cash,Referred,Yes,5,No,A-,17.7
P101805,2025-11-08,28,Male,Salem,Oncology,Dr. B,Hypertension,Low,Outpatient,No,163,0,6864.86,8697.15,1187.56,0.00,11441.43,UPI,Under Treatment,No,4,Yes,A-,29.0
P101806,2025-09-27,9,Female,Salem,General Medicine,Dr. A,Fever,Low,Inpatient,Yes,123,2,11515.21,4765.43,3725.93,5536.84,19192.02,Insurance,Recovered,Yes,4,No,A-,28.4
P101807,2025-09-17,18,Male,Madurai,Pediatrics,Dr. H,Fever,Low,Outpatient,No,118,1,8251.45,8225.33,3408.35,816.40,13752.41,Card,Referred,No,1,Yes,B+,29.3
P101808,2025-04-24,13,Male,Coimbatore,Oncology,Dr. F,Migraine,High,Emergency,No,61,12,27896.20,11896.58,4120.19,24926.88,46493.66,Insurance,Under Treatment,Yes,4,No,A-,20.3
P101809,2025-02-12,82,Male,Coimbatore,Oncology,Dr. C,Asthma,Low,Outpatient,Yes,165,2,15540.31,11405.73,7902.92,5247.26,25900.51,Insurance,Referred,Yes,5,Yes,O-,31.5
P101810,2025-10-23,90,Male,Madurai,Neurology,Dr. E,Hypertension,Low,Inpatient,Yes,59,1,6886.01,1368.45,4546.94,2568.13,11476.68,Insurance,Referred,No,3,No,O-,34.7
P101811,2025-02-26,81,Female,Trichy,Oncology,Dr. E,Migraine,High,Emergency,No,17,12,22880.87,10453.35,1513.41,20214.24,38134.78,Cash,Under Treatment,No,1,Yes,A+,31.3
P101812,2025-05-13,73,Female,Coimbatore,Pediatrics,Dr. B,Diabetes,High,Outpatient,Yes,13,11,10950.56,5769.55,3036.75,7805.93,18250.94,Insurance,Under Treatment,No,2,No,A+,34.3
P101813,2025-10-06,42,Female,Salem,Pediatrics,Dr. G,Fracture,Medium,Outpatient,Yes,128,3,10993.85,3787.48,253.65,4507.11,18323.08,Insurance,Referred,No,4,Yes,A+,31.1
P101814,2025-04-23,61,Female,Vellore,Orthopedics,Dr. G,Hypertension,Medium,Inpatient,No,57,5,12419.51,2186.08,2510.16,12337.35,20699.19,UPI,Referred,No,3,Yes,O-,37.1
P101815,2025-08-07,2,Female,Salem,ENT,Dr. E,Asthma,High,Inpatient,No,138,8,14991.39,3524.67,6461.58,14305.36,24985.65,UPI,Recovered,No,1,No,AB+,23.9
P101816,2025-03-18,31,Female,Trichy,Cardiology,Dr. B,Fever,Medium,Inpatient,No,107,5,16007.33,6068.53,4544.78,6761.05,26678.88,Insurance,Recovered,Yes,3,No,A+,17.4
P101817,2025-02-05,68,Female,Madurai,Pediatrics,Dr. C,Hypertension,Low,Inpatient,No,153,0,12316.91,7939.21,7687.23,0.00,20528.18,Card,Under Treatment,Yes,1,No,A+,34.3
P101818,2025-04-23,35,Female,Trichy,Orthopedics,Dr. A,Fever,High,Emergency,No,90,10,14066.63,9631.56,973.43,9962.50,23444.39,Card,Under Treatment,No,2,No,O+,32.2
P101819,2025-07-10,41,Female,Coimbatore,ENT,Dr. A,Cancer,Medium,Inpatient,No,110,4,15011.43,7216.03,4222.24,5609.36,25019.05,Card,Under Treatment,No,3,No,O+,25.8
P101820,2025-08-31,29,Female,Vellore,ENT,Dr. F,Hypertension,Medium,Emergency,No,167,5,20780.59,8563.58,5632.99,12547.90,34634.31,Card,Under Treatment,No,3,No,A-,35.2
P101821,2025-01-08,51,Female,Chennai,ENT,Dr. F,Cancer,High,Inpatient,No,20,11,27520.75,8245.83,5429.08,25625.27,45867.91,Cash,Referred,No,4,Yes,A+,25.1
P101822,2025-04-10,9,Male,Trichy,General Medicine,Dr. C,Hypertension,Low,Emergency,No,51,2,10476.97,7510.00,3656.36,3471.92,17461.62,Cash,Under Treatment,No,1,No,A-,16.2
P101823,2025-09-30,51,Female,Salem,General Medicine,Dr. E,Migraine,Low,Emergency,Yes,143,0,13340.39,11552.48,5225.55,0.00,22233.98,UPI,Recovered,Yes,1,Yes,A+,18.4
P101824,2025-04-22,35,Female,Trichy,Orthopedics,Dr. E,Diabetes,Low,Emergency,Yes,98,0,8149.53,5160.74,2599.49,0.00,13582.55,UPI,Under Treatment,Yes,2,Yes,AB+,36.4
P101825,2025-03-15,32,Male,Coimbatore,Neurology,Dr. B,Migraine,High,Outpatient,No,134,6,14210.65,7941.20,4324.69,10234.80,23684.41,Card,Recovered,Yes,1,No,A+,29.3
P101826,2025-09-29,17,Male,Trichy,General Medicine,Dr. C,Fracture,High,Emergency,Yes,179,12,19337.70,9139.83,2848.22,19602.48,32229.50,Cash,Referred,No,3,Yes,O+,31.1
P101827,2025-09-15,73,Female,Coimbatore,General Medicine,Dr. C,Hypertension,Low,Emergency,No,73,2,10691.69,8598.67,1836.44,2960.92,17819.48,Insurance,Referred,Yes,3,Yes,O+,32.6
P101828,2025-06-01,52,Female,Chennai,Pediatrics,Dr. G,Fever,High,Outpatient,Yes,95,10,25280.95,2475.76,3228.69,29956.80,42134.91,Cash,Under Treatment,No,1,Yes,AB+,18.2
P101829,2025-10-03,38,Female,Madurai,Pediatrics,Dr. B,Migraine,Low,Inpatient,Yes,70,2,9829.49,1741.20,5402.15,5666.24,16382.48,Insurance,Under Treatment,Yes,3,Yes,A+,35.6
P101830,2025-09-18,75,Male,Salem,Orthopedics,Dr. E,Migraine,Medium,Inpatient,No,103,4,16147.06,7351.12,609.59,11463.52,26911.77,Cash,Referred,No,2,Yes,A+,26.0
P101831,2025-08-10,8,Male,Madurai,Orthopedics,Dr. E,Hypertension,Medium,Inpatient,No,144,5,14093.26,10159.83,2962.73,8961.35,23488.76,Card,Under Treatment,No,5,Yes,AB+,20.9
P101832,2025-05-29,5,Male,Salem,General Medicine,Dr. E,Hypertension,High,Outpatient,No,45,9,15355.00,788.52,1003.28,20035.80,25591.67,UPI,Recovered,Yes,2,No,AB+,33.8
P101833,2025-05-14,70,Male,Chennai,Oncology,Dr. C,Fever,Medium,Inpatient,Yes,86,4,15842.26,11042.27,7202.70,3870.36,26403.76,UPI,Recovered,No,5,Yes,O-,26.9
P101834,2025-04-17,33,Male,Trichy,ENT,Dr. E,Asthma,Low,Emergency,No,14,1,12325.96,7089.70,2157.80,1729.76,20543.26,Card,Referred,Yes,4,No,O+,31.0
P101835,2025-05-11,86,Female,Coimbatore,Cardiology,Dr. E,Fever,Low,Outpatient,Yes,106,1,7096.22,3339.25,7072.56,601.25,11827.04,Card,Under Treatment,No,4,No,AB+,28.2
P101836,2025-12-13,22,Female,Chennai,Pediatrics,Dr. F,Diabetes,Medium,Outpatient,Yes,167,4,10275.56,7012.31,3524.11,4850.52,17125.93,Card,Referred,No,5,Yes,B+,21.0
P101837,2025-01-11,25,Female,Madurai,Cardiology,Dr. G,Fracture,Medium,Outpatient,No,147,3,11689.16,6923.87,2561.72,4553.25,19481.94,Cash,Recovered,Yes,1,Yes,O-,17.4
P101838,2025-09-22,51,Female,Trichy,Oncology,Dr. B,Fever,Medium,Inpatient,Yes,126,2,11198.89,702.51,7079.82,3451.38,18664.82,UPI,Referred,Yes,4,No,O+,30.3
P101839,2025-02-13,52,Male,Vellore,General Medicine,Dr. D,Hypertension,Medium,Inpatient,Yes,175,3,11954.51,9070.23,2082.82,6485.25,19924.19,UPI,Referred,No,4,Yes,B+,26.4
P101840,2025-09-18,47,Female,Madurai,Neurology,Dr. C,Migraine,Low,Inpatient,Yes,168,2,14820.16,8009.55,5783.65,3803.28,24700.27,UPI,Under Treatment,Yes,5,No,A+,27.8
P101841,2025-09-07,48,Female,Salem,Pediatrics,Dr. B,Hypertension,High,Inpatient,Yes,6,11,25317.40,10802.08,5751.12,21386.42,42195.66,Insurance,Recovered,Yes,5,Yes,B+,37.0
P101842,2025-10-08,84,Female,Coimbatore,Cardiology,Dr. A,Diabetes,Medium,Inpatient,No,142,2,17773.97,9990.14,4591.64,5858.60,29623.28,Cash,Recovered,No,4,No,O+,16.5
P101843,2025-10-02,30,Female,Chennai,Orthopedics,Dr. G,Hypertension,Medium,Emergency,No,58,2,10680.05,7064.69,5287.64,1250.54,17800.08,Cash,Recovered,No,4,Yes,O+,28.3
P101844,2025-12-21,66,Male,Trichy,General Medicine,Dr. E,Cancer,Low,Outpatient,No,149,2,14967.44,10580.11,6095.99,3668.30,24945.74,Card,Recovered,Yes,3,Yes,O+,22.6
P101845,2025-09-22,33,Male,Trichy,Orthopedics,Dr. E,Hypertension,Low,Emergency,No,103,1,7267.00,2494.13,1040.49,1300.30,12111.67,Card,Referred,No,2,Yes,O-,16.6
P101846,2025-06-06,26,Female,Chennai,Oncology,Dr. D,Asthma,Low,Outpatient,No,21,2,12793.37,7880.79,2050.45,1770.46,21322.29,Card,Under Treatment,No,1,No,O-,28.8
P101847,2025-10-24,52,Female,Trichy,Pediatrics,Dr. F,Migraine,Low,Outpatient,No,35,2,12737.38,8816.82,5288.40,3202.00,21228.97,UPI,Referred,No,1,No,O-,34.5
P101848,2025-03-31,67,Female,Trichy,ENT,Dr. D,Cancer,Medium,Outpatient,Yes,52,4,8427.02,4833.73,1602.05,5162.12,14045.03,Cash,Referred,No,2,No,O-,25.7
P101849,2025-01-27,57,Female,Vellore,ENT,Dr. G,Diabetes,Low,Emergency,No,16,2,13628.35,9998.66,462.15,5471.92,22713.92,Cash,Under Treatment,Yes,3,No,O+,18.6
P101850,2025-05-01,84,Female,Vellore,Pediatrics,Dr. H,Fracture,Low,Inpatient,No,75,1,8301.07,4500.39,5190.84,1978.89,13835.11,Insurance,Referred,No,3,Yes,B+,32.9
P101851,2025-10-25,46,Male,Salem,Orthopedics,Dr. C,Migraine,Low,Emergency,Yes,119,1,14360.69,10585.19,1992.52,2105.98,23934.48,Insurance,Referred,Yes,3,No,A-,29.6
P101852,2025-10-22,88,Male,Vellore,Cardiology,Dr. F,Cancer,High,Outpatient,No,155,5,18740.83,6402.90,2729.91,13450.45,31234.72,Card,Under Treatment,Yes,2,Yes,O-,30.5
P101853,2025-08-17,35,Male,Trichy,Pediatrics,Dr. D,Migraine,Low,Emergency,No,10,0,8851.27,7445.60,2680.40,0.00,14752.11,Insurance,Recovered,Yes,2,No,B+,16.4
P101854,2025-08-20,29,Male,Trichy,General Medicine,Dr. D,Migraine,High,Inpatient,No,26,10,19038.09,10236.98,1814.38,15521.50,31730.15,Card,Under Treatment,No,1,No,A-,35.4
P101855,2025-05-26,5,Female,Madurai,Neurology,Dr. F,Fracture,Medium,Outpatient,Yes,101,2,13829.67,8928.85,7186.72,2039.36,23049.45,Card,Recovered,Yes,5,No,A+,28.0
P101856,2025-09-27,54,Male,Coimbatore,Pediatrics,Dr. G,Cancer,Medium,Emergency,Yes,51,2,17028.73,11370.23,4309.35,5909.22,28381.21,Card,Referred,Yes,1,No,B+,34.2
P101857,2025-07-10,76,Female,Chennai,Pediatrics,Dr. H,Migraine,Medium,Emergency,No,85,2,11899.78,10062.71,4799.75,1852.90,19832.97,Insurance,Under Treatment,No,1,Yes,AB+,33.5
P101858,2025-10-14,69,Male,Trichy,Pediatrics,Dr. E,Diabetes,Medium,Outpatient,No,112,3,10064.30,644.49,5383.75,7991.76,16773.84,Cash,Referred,Yes,2,Yes,AB+,24.9
P101859,2025-05-31,35,Female,Coimbatore,Orthopedics,Dr. A,Hypertension,Low,Emergency,No,172,2,12717.97,11810.08,2036.41,3310.50,21196.62,UPI,Referred,Yes,4,Yes,A-,28.0
P101860,2025-12-05,80,Female,Chennai,Oncology,Dr. C,Fracture,Medium,Emergency,No,97,5,16635.08,4724.58,5083.39,10807.35,27725.13,Cash,Recovered,No,5,Yes,O+,19.9
P101861,2025-01-05,40,Female,Salem,Pediatrics,Dr. D,Diabetes,High,Inpatient,No,47,11,20384.58,5986.19,660.78,22134.31,33974.30,Card,Under Treatment,No,5,Yes,O-,28.5
P101862,2025-11-16,60,Female,Salem,Cardiology,Dr. G,Hypertension,Medium,Emergency,No,95,4,12629.90,6708.75,7318.80,2584.44,21049.84,UPI,Under Treatment,Yes,3,No,O-,24.6
P101863,2025-11-29,33,Female,Trichy,Pediatrics,Dr. C,Hypertension,High,Outpatient,No,80,8,23152.25,6824.56,1996.76,21154.32,38587.08,UPI,Referred,No,4,Yes,A+,37.5
P101864,2025-04-13,5,Male,Trichy,General Medicine,Dr. D,Asthma,Medium,Outpatient,No,175,4,16946.39,10739.67,4420.94,9726.96,28243.98,Cash,Under Treatment,No,5,No,B+,27.1
P101865,2025-10-03,87,Male,Coimbatore,ENT,Dr. A,Fever,High,Outpatient,No,10,7,19815.15,5646.11,5293.03,13475.28,33025.25,UPI,Referred,No,5,No,A-,20.4
P101866,2025-05-28,28,Female,Salem,ENT,Dr. D,Asthma,High,Outpatient,No,71,8,18569.45,2637.70,1018.45,22061.28,30949.08,Card,Under Treatment,No,5,No,B+,28.7
P101867,2025-09-05,46,Female,Chennai,Oncology,Dr. G,Asthma,Low,Emergency,No,62,0,5865.35,3229.34,4422.45,0.00,9775.58,UPI,Under Treatment,No,2,Yes,A-,16.8
P101868,2025-03-10,73,Female,Trichy,Orthopedics,Dr. A,Fracture,Low,Outpatient,Yes,77,2,10461.47,4156.47,4303.99,1349.40,17435.79,Card,Recovered,Yes,2,Yes,O-,28.1
P101869,2025-07-28,88,Male,Vellore,Neurology,Dr. F,Asthma,Medium,Emergency,Yes,155,2,15833.56,10188.81,3978.36,5747.54,26389.27,Card,Under Treatment,No,4,No,O+,32.6
P101870,2025-10-13,27,Female,Madurai,ENT,Dr. H,Diabetes,Low,Inpatient,Yes,89,2,12883.95,5243.80,5172.79,3278.10,21473.25,UPI,Referred,Yes,2,No,B+,20.5
P101871,2025-11-08,33,Male,Salem,Cardiology,Dr. H,Migraine,Medium,Inpatient,No,177,4,10905.82,5480.69,3179.40,2240.12,18176.37,Cash,Referred,Yes,4,No,O-,17.4
P101872,2025-12-04,41,Male,Trichy,Oncology,Dr. A,Asthma,Low,Emergency,Yes,39,0,17423.53,11533.00,7648.04,0.00,29039.22,Cash,Referred,No,5,No,B+,30.7
P101873,2025-09-28,81,Female,Madurai,Oncology,Dr. C,Diabetes,Low,Emergency,No,68,1,9814.99,7871.96,321.90,1856.94,16358.32,UPI,Under Treatment,Yes,2,Yes,A-,18.7
P101874,2025-11-08,85,Male,Madurai,ENT,Dr. C,Fracture,Medium,Outpatient,No,47,3,14816.87,5251.90,6886.93,4615.41,24694.79,Insurance,Recovered,No,2,No,A+,36.9
P101875,2025-03-14,49,Male,Coimbatore,Oncology,Dr. F,Fracture,Medium,Emergency,Yes,39,4,15314.17,5303.41,3467.69,9196.52,25523.61,UPI,Recovered,No,3,Yes,A+,20.6
P101876,2025-09-23,50,Male,Madurai,Cardiology,Dr. F,Fever,High,Emergency,No,105,6,12089.64,11120.34,1143.24,7065.78,20149.40,Card,Recovered,Yes,4,Yes,A+,16.1
P101877,2025-09-14,47,Male,Chennai,Neurology,Dr. D,Fracture,Medium,Outpatient,Yes,87,4,15602.53,6118.30,1347.31,11170.84,26004.21,Card,Under Treatment,Yes,1,Yes,O+,17.6
P101878,2025-11-22,73,Female,Vellore,ENT,Dr. C,Cancer,Low,Outpatient,Yes,49,1,6161.59,1143.61,410.28,2938.95,10269.31,Card,Recovered,Yes,5,Yes,O-,32.0
P101879,2025-01-28,1,Female,Trichy,Oncology,Dr. D,Hypertension,High,Inpatient,Yes,83,12,23429.04,9803.85,5723.13,16943.76,39048.40,Card,Referred,Yes,1,Yes,O-,21.6
P101880,2025-02-22,35,Female,Madurai,Neurology,Dr. D,Migraine,Low,Inpatient,Yes,85,2,14164.36,11029.67,1873.18,4329.04,23607.27,Insurance,Under Treatment,No,5,No,AB+,19.1
P101881,2025-03-21,26,Male,Chennai,ENT,Dr. H,Fracture,Low,Outpatient,No,76,2,11511.62,3376.08,6768.50,4379.80,19186.03,UPI,Recovered,Yes,1,Yes,O-,26.7
P101882,2025-05-02,83,Female,Salem,ENT,Dr. A,Asthma,Medium,Emergency,No,30,3,13144.99,9311.82,526.92,5657.46,21908.31,UPI,Referred,No,2,Yes,A+,27.7
P101883,2025-08-15,80,Female,Salem,Oncology,Dr. G,Asthma,High,Emergency,Yes,88,5,13686.53,7947.88,648.72,13155.30,22810.89,Insurance,Referred,No,5,Yes,O-,33.4
P101884,2025-07-23,20,Male,Chennai,Neurology,Dr. F,Fever,High,Inpatient,Yes,135,10,20188.13,9194.86,5084.53,11850.50,33646.88,Cash,Referred,Yes,3,Yes,O-,22.0
P101885,2025-08-30,80,Male,Salem,Oncology,Dr. A,Fracture,High,Inpatient,Yes,27,12,23724.77,5181.10,7334.27,20419.92,39541.29,Insurance,Recovered,No,1,Yes,A-,24.8
P101886,2025-02-14,55,Female,Trichy,Orthopedics,Dr. C,Asthma,High,Emergency,Yes,19,8,23269.71,6791.41,7774.25,22803.44,38782.85,Cash,Under Treatment,No,4,No,O+,27.1
P101887,2025-05-15,4,Female,Coimbatore,General Medicine,Dr. H,Fracture,Low,Inpatient,No,108,2,10551.70,4737.79,7032.38,5279.60,17586.17,Insurance,Under Treatment,No,3,Yes,A+,37.1
P101888,2025-11-23,31,Male,Salem,Neurology,Dr. G,Hypertension,Medium,Inpatient,Yes,15,2,5609.30,3160.74,1906.43,1928.78,9348.84,Card,Under Treatment,No,5,No,O+,26.1
P101889,2025-10-15,82,Female,Chennai,Neurology,Dr. F,Fracture,Medium,Outpatient,Yes,104,3,14371.03,5824.77,4266.06,7872.00,23951.72,Insurance,Referred,No,5,No,AB+,35.5
P101890,2025-11-20,66,Female,Trichy,Neurology,Dr. B,Cancer,Medium,Outpatient,No,98,3,18223.11,11359.57,2346.05,8856.15,30371.85,Insurance,Recovered,No,4,No,A-,20.5
P101891,2025-07-14,20,Male,Salem,ENT,Dr. B,Hypertension,Medium,Emergency,Yes,103,4,8571.04,4062.66,3195.76,3340.76,14285.07,Cash,Recovered,No,5,No,A+,35.5
P101892,2025-11-20,62,Female,Trichy,Neurology,Dr. G,Cancer,High,Inpatient,Yes,62,12,23278.92,8769.81,4886.00,16890.00,38798.20,Cash,Referred,No,4,Yes,O+,17.8
P101893,2025-04-29,39,Female,Salem,Orthopedics,Dr. F,Diabetes,Medium,Emergency,No,167,4,12926.74,9075.33,652.10,2800.00,21544.56,UPI,Recovered,No,5,Yes,AB+,36.4
P101894,2025-03-22,65,Male,Coimbatore,General Medicine,Dr. H,Migraine,Medium,Outpatient,No,48,4,17191.63,6649.05,6816.42,9831.00,28652.71,Card,Under Treatment,No,3,No,A-,19.5
P101895,2025-06-24,5,Female,Madurai,Pediatrics,Dr. D,Fracture,Medium,Inpatient,Yes,9,3,11412.64,2359.32,4333.61,4113.66,19021.06,Card,Recovered,Yes,2,Yes,O-,19.6
P101896,2025-05-08,47,Male,Vellore,ENT,Dr. D,Migraine,Medium,Inpatient,Yes,77,4,16838.50,4987.83,7924.58,10002.80,28064.17,Insurance,Under Treatment,No,1,No,B+,28.1
P101897,2025-10-08,47,Female,Chennai,Oncology,Dr. C,Cancer,High,Outpatient,No,115,7,13410.70,1301.53,6352.14,5067.86,22351.16,UPI,Recovered,Yes,3,No,O+,31.2
P101898,2025-09-23,58,Male,Madurai,Orthopedics,Dr. F,Diabetes,High,Emergency,Yes,155,6,18158.02,1371.38,5411.61,14863.44,30263.36,Insurance,Referred,Yes,1,No,O+,16.7
P101899,2025-10-23,80,Male,Coimbatore,Neurology,Dr. A,Diabetes,Medium,Outpatient,Yes,60,2,9015.25,6858.16,5149.32,1095.08,15025.41,UPI,Recovered,No,4,Yes,AB+,30.5
P101900,2025-04-27,3,Male,Coimbatore,ENT,Dr. C,Fever,High,Outpatient,Yes,122,9,12897.92,2739.54,2429.47,10500.03,21496.54,Insurance,Under Treatment,Yes,2,Yes,AB+,23.3
P101901,2025-07-30,34,Male,Madurai,Pediatrics,Dr. B,Hypertension,Low,Inpatient,Yes,80,0,9153.22,2971.25,4105.90,0.00,15255.36,UPI,Recovered,Yes,4,Yes,B+,28.3
P101902,2025-06-19,23,Female,Salem,Orthopedics,Dr. C,Asthma,Medium,Emergency,Yes,76,2,8330.98,2085.88,3853.82,3434.02,13884.97,Cash,Referred,Yes,3,No,O+,19.8
P101903,2025-05-12,59,Female,Salem,Orthopedics,Dr. D,Fracture,Low,Outpatient,Yes,69,0,10541.23,8352.14,744.42,0.00,17568.72,Card,Under Treatment,Yes,5,Yes,B+,20.5
P101904,2025-07-26,49,Male,Madurai,General Medicine,Dr. B,Migraine,Medium,Inpatient,Yes,110,4,10396.62,7242.53,1423.27,7249.16,17327.70,Insurance,Recovered,No,1,No,B+,25.1
P101905,2025-03-04,48,Female,Chennai,ENT,Dr. A,Asthma,High,Inpatient,Yes,122,5,15195.25,8224.83,6564.72,2902.30,25325.42,Insurance,Recovered,Yes,2,No,B+,25.8
P101906,2025-01-29,21,Female,Coimbatore,ENT,Dr. C,Diabetes,Low,Emergency,No,113,0,7649.18,2744.92,1808.93,0.00,12748.63,Insurance,Under Treatment,Yes,5,No,O-,36.8
P101907,2025-04-07,88,Male,Madurai,ENT,Dr. H,Migraine,Medium,Emergency,No,25,4,8926.37,5097.81,4783.97,2759.52,14877.28,Card,Under Treatment,No,3,Yes,O-,36.7
P101908,2025-04-20,42,Male,Salem,Pediatrics,Dr. C,Asthma,High,Inpatient,No,98,6,17510.02,10176.74,5139.36,12742.62,29183.36,Cash,Under Treatment,Yes,2,Yes,O+,20.6
P101909,2025-11-14,57,Female,Chennai,Pediatrics,Dr. G,Migraine,High,Outpatient,No,13,6,13761.42,11009.30,1324.82,8748.00,22935.70,Insurance,Recovered,No,5,No,B+,28.1
P101910,2025-06-10,44,Male,Trichy,Cardiology,Dr. F,Cancer,Medium,Inpatient,Yes,99,2,12011.67,6220.78,5204.03,2430.46,20019.45,Card,Recovered,Yes,3,No,A-,23.1
P101911,2025-11-21,8,Female,Salem,Orthopedics,Dr. G,Fracture,High,Inpatient,No,23,11,15431.01,5772.95,5068.39,5788.64,25718.35,Cash,Recovered,Yes,1,No,A+,16.0
P101912,2025-11-09,64,Male,Vellore,Oncology,Dr. G,Fever,Low,Inpatient,Yes,108,1,13056.37,6027.40,3912.58,2201.43,21760.61,Insurance,Recovered,Yes,4,Yes,O+,36.6
P101913,2025-03-26,73,Male,Chennai,Neurology,Dr. F,Asthma,Medium,Outpatient,Yes,36,5,15392.56,8110.96,4304.89,3291.30,25654.27,Cash,Referred,No,3,Yes,A+,37.0
P101914,2025-09-06,20,Female,Chennai,General Medicine,Dr. B,Asthma,High,Emergency,Yes,158,5,15025.34,5943.76,5083.27,10265.40,25042.23,Cash,Recovered,No,3,Yes,A-,27.8
P101915,2025-01-09,56,Male,Trichy,ENT,Dr. E,Diabetes,Medium,Inpatient,No,127,5,12211.31,2219.20,6422.11,4599.05,20352.19,UPI,Referred,No,3,Yes,O-,26.4
P101916,2025-02-04,1,Male,Salem,Neurology,Dr. E,Hypertension,Low,Outpatient,Yes,168,0,16394.93,11892.69,7437.92,0.00,27324.88,Insurance,Under Treatment,Yes,2,No,A+,33.5
P101917,2025-06-01,7,Male,Trichy,Neurology,Dr. F,Migraine,Medium,Inpatient,Yes,102,5,17431.86,9542.63,3364.22,12457.35,29053.10,Card,Recovered,No,2,Yes,O+,36.2
P101918,2025-03-14,41,Male,Salem,General Medicine,Dr. F,Fracture,Low,Outpatient,No,63,2,12959.93,11032.86,983.41,2791.82,21599.88,Insurance,Recovered,Yes,2,No,A-,27.3
P101919,2025-10-04,26,Male,Coimbatore,ENT,Dr. H,Hypertension,High,Inpatient,No,136,6,17205.27,8861.94,1660.90,14346.60,28675.45,Card,Recovered,Yes,2,Yes,A-,32.3
P101920,2025-08-10,37,Male,Madurai,Oncology,Dr. B,Hypertension,Low,Inpatient,No,102,2,14236.23,6125.46,4100.01,4317.48,23727.05,UPI,Referred,No,4,No,O-,32.7
P101921,2025-09-30,22,Female,Chennai,Oncology,Dr. H,Asthma,High,Emergency,Yes,140,6,11569.99,6345.74,1816.05,5892.54,19283.31,Card,Recovered,Yes,2,No,O+,27.9
P101922,2025-12-03,1,Female,Madurai,ENT,Dr. F,Cancer,Medium,Emergency,No,98,4,13860.82,3665.81,3284.83,11944.20,23101.36,Card,Referred,Yes,3,Yes,AB+,25.5
P101923,2025-05-10,55,Female,Trichy,Cardiology,Dr. C,Diabetes,High,Outpatient,No,55,5,8848.95,665.73,2288.35,9021.35,14748.25,UPI,Under Treatment,No,1,No,AB+,28.2
P101924,2025-08-19,32,Female,Madurai,Cardiology,Dr. B,Diabetes,Low,Outpatient,No,16,1,10383.23,1728.76,6919.30,2171.03,17305.39,Insurance,Recovered,Yes,4,Yes,O-,17.1
P101925,2025-10-08,21,Male,Vellore,Cardiology,Dr. A,Asthma,High,Outpatient,No,19,7,13969.43,8967.88,2944.06,7522.27,23282.39,UPI,Recovered,No,3,Yes,O+,25.9
P101926,2025-05-14,38,Male,Madurai,Cardiology,Dr. G,Asthma,Low,Emergency,Yes,165,0,11018.75,8646.42,5666.02,0.00,18364.58,Card,Under Treatment,Yes,5,Yes,O+,28.2
P101927,2025-01-16,86,Female,Salem,Oncology,Dr. E,Migraine,High,Emergency,No,114,5,9871.28,1671.84,2746.86,10527.15,16452.14,Card,Recovered,Yes,5,Yes,O+,34.3
P101928,2025-11-16,17,Female,Madurai,Cardiology,Dr. D,Fever,High,Emergency,No,99,8,22803.46,8296.70,1366.25,22811.36,38005.77,Insurance,Referred,Yes,1,Yes,O-,27.2
P101929,2025-05-20,75,Female,Madurai,Oncology,Dr. F,Asthma,High,Inpatient,Yes,170,10,27758.31,7207.73,7237.51,27372.50,46263.85,Cash,Recovered,Yes,3,Yes,B+,18.9
P101930,2025-01-16,4,Female,Coimbatore,Pediatrics,Dr. H,Asthma,High,Emergency,No,36,9,17224.36,4191.82,4247.65,12465.00,28707.27,Cash,Recovered,No,4,No,B+,33.3
P101931,2025-12-20,73,Female,Madurai,General Medicine,Dr. C,Fever,Low,Outpatient,Yes,116,2,14138.40,2303.80,7282.67,4946.94,23564.00,UPI,Recovered,No,1,No,AB+,25.0
P101932,2025-11-15,58,Female,Trichy,General Medicine,Dr. F,Fever,High,Outpatient,Yes,154,8,15477.43,4250.21,3503.52,14228.80,25795.71,UPI,Referred,No,1,No,AB+,24.2
P101933,2025-09-14,56,Female,Chennai,ENT,Dr. F,Fracture,Low,Inpatient,No,21,1,10098.62,5449.07,929.24,975.49,16831.03,UPI,Recovered,No,1,No,A+,17.9
P101934,2025-03-06,14,Male,Trichy,Oncology,Dr. G,Hypertension,Medium,Outpatient,No,122,2,14201.99,5045.15,6108.38,4067.68,23669.98,Insurance,Under Treatment,Yes,4,No,AB+,31.3
P101935,2025-12-27,51,Male,Salem,Neurology,Dr. H,Fever,Low,Outpatient,Yes,47,1,8678.93,3427.40,359.46,2539.29,14464.88,Cash,Recovered,No,5,No,B+,21.8
P101936,2025-05-06,72,Female,Vellore,Orthopedics,Dr. H,Migraine,Low,Outpatient,No,140,0,8646.33,2713.37,2645.13,0.00,14410.55,Cash,Recovered,Yes,3,Yes,A-,21.8
P101937,2025-04-28,19,Male,Salem,Oncology,Dr. B,Fever,Medium,Emergency,No,105,4,17261.27,5303.64,2846.70,11674.52,28768.78,Insurance,Recovered,No,3,Yes,A+,28.7
P101938,2025-09-25,49,Male,Trichy,Oncology,Dr. E,Asthma,High,Outpatient,Yes,72,6,13258.02,1218.45,5411.54,8163.18,22096.70,Card,Under Treatment,No,5,Yes,B+,35.7
P101939,2025-04-21,33,Female,Trichy,Cardiology,Dr. F,Fever,Low,Inpatient,Yes,19,0,9982.10,7052.92,4315.80,0.00,16636.84,Card,Recovered,No,1,Yes,A-,30.9
P101940,2025-12-16,64,Male,Vellore,Oncology,Dr. B,Diabetes,High,Inpatient,No,36,10,28237.48,6140.14,5505.23,28164.70,47062.47,Insurance,Referred,No,5,Yes,O+,20.6
P101941,2025-02-04,39,Female,Salem,Orthopedics,Dr. A,Fracture,Medium,Inpatient,Yes,38,5,15478.67,8531.22,1412.05,8651.15,25797.78,Cash,Recovered,Yes,1,No,O-,18.7
P101942,2025-09-16,26,Female,Salem,Cardiology,Dr. D,Fracture,High,Outpatient,No,92,7,22082.11,7114.16,6713.62,19533.57,36803.52,Cash,Recovered,Yes,4,Yes,AB+,31.1
P101943,2025-02-11,39,Female,Salem,Pediatrics,Dr. D,Hypertension,Medium,Emergency,Yes,126,5,7438.41,542.58,814.69,5889.35,12397.35,Cash,Under Treatment,Yes,2,No,O+,33.4
P101944,2025-08-31,47,Female,Trichy,Orthopedics,Dr. G,Hypertension,Low,Emergency,Yes,123,2,16943.25,10249.01,7680.19,4479.76,28238.75,Cash,Recovered,Yes,4,Yes,B+,21.0
P101945,2025-06-22,72,Female,Madurai,Oncology,Dr. A,Asthma,Low,Emergency,Yes,101,2,10556.53,912.39,2721.31,5060.28,17594.21,Card,Under Treatment,No,1,Yes,AB+,29.8
P101946,2025-08-30,25,Female,Madurai,General Medicine,Dr. H,Fever,Medium,Emergency,Yes,141,2,14748.22,6299.21,5706.18,3016.24,24580.36,Insurance,Referred,Yes,5,No,A+,26.8
P101947,2025-05-04,87,Female,Trichy,Pediatrics,Dr. E,Diabetes,Medium,Inpatient,No,72,4,15370.93,8681.47,3309.01,4079.72,25618.22,Card,Under Treatment,No,1,Yes,O-,23.4
P101948,2025-03-10,31,Female,Trichy,Cardiology,Dr. C,Hypertension,Medium,Inpatient,No,141,2,7237.78,585.06,1273.33,1143.28,12062.96,Card,Recovered,Yes,3,Yes,A-,34.1
P101949,2025-07-30,83,Female,Trichy,General Medicine,Dr. E,Hypertension,High,Outpatient,Yes,138,11,18404.13,2425.74,1001.09,23801.36,30673.55,Insurance,Recovered,No,4,Yes,O-,31.7
P101950,2025-05-18,13,Female,Coimbatore,ENT,Dr. D,Asthma,Medium,Inpatient,Yes,36,4,18081.33,6479.09,4828.08,11306.40,30135.55,Insurance,Referred,Yes,5,Yes,A+,36.4
P101951,2025-12-27,24,Male,Trichy,General Medicine,Dr. A,Migraine,High,Outpatient,Yes,94,7,12316.66,2732.67,1071.95,13340.88,20527.77,UPI,Recovered,No,1,Yes,O+,25.6
P101952,2025-06-10,74,Male,Chennai,Orthopedics,Dr. E,Fever,Low,Inpatient,Yes,143,1,4666.58,2004.60,3365.40,1146.74,7777.64,Insurance,Referred,Yes,4,Yes,A+,28.1
P101953,2025-10-01,58,Male,Salem,Pediatrics,Dr. C,Fever,Medium,Outpatient,Yes,29,4,12017.29,8535.60,1421.37,6568.72,20028.81,UPI,Referred,No,1,No,B+,18.8
P101954,2025-02-14,32,Female,Chennai,ENT,Dr. C,Diabetes,Low,Outpatient,No,167,2,11287.58,9211.17,1319.97,2745.96,18812.64,Cash,Referred,No,3,Yes,B+,31.0
P101955,2025-11-26,1,Female,Salem,Pediatrics,Dr. D,Migraine,Medium,Outpatient,No,35,2,3448.91,1653.10,750.54,1738.14,5748.19,Insurance,Under Treatment,Yes,3,Yes,A+,28.9
P101956,2025-06-30,34,Female,Chennai,Neurology,Dr. D,Migraine,High,Emergency,Yes,99,9,27674.26,10043.91,7960.36,23239.98,46123.76,UPI,Recovered,No,3,Yes,B+,21.1
P101957,2025-10-15,25,Female,Salem,Orthopedics,Dr. D,Fever,High,Emergency,Yes,99,12,22209.52,7848.78,6989.01,14428.92,37015.86,UPI,Referred,Yes,4,No,B+,20.3
P101958,2025-06-08,59,Male,Madurai,Oncology,Dr. B,Diabetes,High,Emergency,No,13,6,19000.33,10649.43,5451.99,10028.58,31667.22,Insurance,Referred,No,1,No,O-,29.3
P101959,2025-08-12,8,Male,Salem,ENT,Dr. F,Asthma,Low,Emergency,Yes,88,2,5256.44,1961.21,2384.91,1203.84,8760.74,Card,Recovered,No,5,No,O-,26.9
P101960,2025-10-03,54,Male,Chennai,Orthopedics,Dr. B,Hypertension,Medium,Emergency,No,18,3,12895.52,905.36,4976.34,7518.99,21492.53,UPI,Recovered,No,1,No,B+,16.6
P101961,2025-03-08,72,Male,Trichy,ENT,Dr. F,Fever,Low,Emergency,Yes,66,2,12620.50,4494.96,6374.23,1519.70,21034.16,UPI,Referred,Yes,2,No,O+,22.7
P101962,2025-02-05,70,Female,Vellore,General Medicine,Dr. F,Cancer,High,Inpatient,No,104,10,23525.80,10817.22,4216.04,17903.80,39209.67,Insurance,Under Treatment,No,1,No,O+,17.7
P101963,2025-07-05,64,Female,Trichy,Oncology,Dr. A,Fracture,High,Outpatient,No,146,11,14178.81,7659.79,3006.55,11278.30,23631.35,Insurance,Recovered,No,1,No,O+,26.1
P101964,2025-02-03,65,Female,Salem,General Medicine,Dr. E,Diabetes,Low,Inpatient,No,21,1,5786.30,1818.11,2512.71,569.50,9643.84,Cash,Recovered,No,4,No,O+,20.7
P101965,2025-07-01,86,Male,Vellore,Cardiology,Dr. C,Hypertension,Low,Emergency,Yes,177,2,10843.00,3380.09,6913.24,4773.48,18071.67,Insurance,Recovered,Yes,5,Yes,A+,32.3
P101966,2025-02-23,64,Male,Trichy,Pediatrics,Dr. C,Hypertension,High,Inpatient,Yes,69,7,21300.14,11445.92,5445.84,16850.82,35500.23,UPI,Under Treatment,Yes,2,Yes,O-,29.8
P101967,2025-03-18,78,Male,Chennai,General Medicine,Dr. E,Cancer,High,Emergency,Yes,150,9,26101.20,8443.52,6146.53,20720.70,43502.00,Card,Referred,No,1,Yes,B+,22.1
P101968,2025-04-02,90,Male,Chennai,General Medicine,Dr. F,Hypertension,Low,Emergency,Yes,25,1,12835.66,6655.87,3984.46,2135.57,21392.77,Insurance,Recovered,No,2,No,A+,35.5
P101969,2025-12-12,67,Male,Salem,Pediatrics,Dr. F,Hypertension,High,Emergency,No,169,12,15325.78,7692.12,2479.07,7542.72,25542.96,Cash,Under Treatment,Yes,2,No,B+,23.8
P101970,2025-01-10,79,Female,Coimbatore,Cardiology,Dr. A,Diabetes,High,Outpatient,Yes,99,11,20255.36,9835.80,3138.51,11599.83,33758.93,Cash,Referred,No,3,No,AB+,18.5
P101971,2025-09-10,22,Male,Salem,Cardiology,Dr. H,Migraine,High,Emergency,Yes,104,8,23757.61,7782.18,4066.50,20358.32,39596.01,Card,Under Treatment,Yes,2,Yes,A+,17.5
P101972,2025-05-14,34,Male,Madurai,General Medicine,Dr. F,Hypertension,Medium,Outpatient,Yes,76,2,8523.23,4163.78,6186.77,1599.84,14205.39,UPI,Under Treatment,Yes,3,No,AB+,16.2
P101973,2025-10-11,71,Female,Coimbatore,Cardiology,Dr. D,Fever,Low,Outpatient,No,114,1,8649.46,8764.26,1123.12,1425.00,14415.76,Cash,Under Treatment,No,3,No,A+,29.9
P101974,2025-06-28,58,Female,Trichy,ENT,Dr. D,Fever,Low,Inpatient,Yes,89,0,2293.76,1047.45,1653.43,0.00,3822.94,Card,Recovered,Yes,3,Yes,B+,18.5
P101975,2025-09-08,80,Female,Chennai,Neurology,Dr. H,Hypertension,High,Inpatient,No,103,5,12212.76,3159.78,1228.26,8544.25,20354.60,Insurance,Referred,Yes,4,Yes,AB+,28.2
P101976,2025-08-16,40,Male,Salem,General Medicine,Dr. C,Fever,Medium,Outpatient,No,48,5,12918.18,6321.98,1616.85,4248.55,21530.30,Cash,Referred,No,5,No,O+,20.6
P101977,2025-04-30,13,Female,Chennai,Neurology,Dr. B,Fracture,Low,Inpatient,Yes,77,2,12484.44,11127.87,1095.97,5638.04,20807.40,Cash,Referred,No,2,Yes,A-,37.6
P101978,2025-12-16,34,Male,Trichy,ENT,Dr. C,Diabetes,High,Inpatient,Yes,6,10,30138.78,8188.59,4280.38,28169.80,50231.30,Cash,Recovered,Yes,2,No,B+,20.4
P101979,2025-07-13,38,Male,Madurai,Neurology,Dr. C,Fever,Medium,Inpatient,No,20,5,16638.25,7595.57,7480.40,6518.65,27730.42,Card,Referred,No,1,No,A+,33.0
P101980,2025-05-07,41,Female,Vellore,Oncology,Dr. H,Fever,Medium,Emergency,Yes,148,2,11134.75,2981.07,4373.14,5942.16,18557.91,Card,Under Treatment,Yes,3,Yes,AB+,21.0
P101981,2025-05-24,74,Male,Vellore,Orthopedics,Dr. C,Fracture,Low,Outpatient,No,70,1,14323.54,10215.23,6621.26,1759.76,23872.57,UPI,Recovered,No,5,Yes,A-,26.9
P101982,2025-05-07,16,Female,Salem,Pediatrics,Dr. B,Migraine,Medium,Inpatient,No,154,5,15336.35,10212.80,7359.45,5096.80,25560.59,UPI,Under Treatment,Yes,2,No,O-,17.0
P101983,2025-06-18,68,Male,Coimbatore,ENT,Dr. F,Asthma,Medium,Emergency,No,87,5,13934.27,1894.82,1799.32,12478.60,23223.79,Card,Recovered,Yes,5,Yes,AB+,20.9
P101984,2025-11-26,85,Female,Madurai,General Medicine,Dr. F,Fracture,Medium,Outpatient,No,22,5,18198.86,6867.15,5788.69,12504.70,30331.44,Card,Referred,Yes,1,No,A+,16.9
P101985,2025-04-12,87,Female,Vellore,Neurology,Dr. B,Asthma,High,Emergency,Yes,127,11,27146.09,2363.59,5258.45,28469.87,45243.49,Cash,Recovered,Yes,3,Yes,O-,18.5
P101986,2025-05-26,81,Female,Chennai,ENT,Dr. D,Hypertension,High,Inpatient,No,47,12,22126.79,3110.13,7552.68,20510.64,36877.98,UPI,Under Treatment,No,4,Yes,O-,19.4
P101987,2025-10-03,44,Female,Vellore,Oncology,Dr. D,Fever,High,Emergency,No,75,11,25803.04,7354.63,644.32,27958.92,43005.06,Card,Under Treatment,Yes,2,No,B+,19.1
P101988,2025-04-18,4,Female,Trichy,Cardiology,Dr. A,Diabetes,Low,Inpatient,Yes,51,0,6662.56,1820.47,1963.75,0.00,11104.26,UPI,Referred,No,4,Yes,A-,28.5
P101989,2025-09-02,57,Male,Salem,ENT,Dr. H,Cancer,Low,Outpatient,Yes,40,2,11528.48,6398.34,7005.37,2768.16,19214.14,Card,Referred,Yes,4,Yes,A+,32.7
P101990,2025-09-24,26,Female,Trichy,General Medicine,Dr. F,Fracture,Medium,Inpatient,No,25,4,9715.62,1243.14,337.76,10788.96,16192.70,UPI,Under Treatment,No,3,No,O+,20.3
P101991,2025-09-13,44,Female,Vellore,Neurology,Dr. G,Fracture,Low,Emergency,No,178,1,9129.70,6491.04,4269.79,2169.06,15216.17,UPI,Referred,No,3,No,AB+,17.0
P101992,2025-08-09,24,Male,Madurai,ENT,Dr. C,Diabetes,Medium,Outpatient,No,30,3,8642.59,385.60,1460.91,6086.46,14404.31,Cash,Referred,Yes,2,No,O+,27.7
P101993,2025-11-04,78,Male,Salem,Oncology,Dr. D,Diabetes,Medium,Emergency,Yes,167,4,12427.79,11945.66,4352.43,2098.96,20712.99,Card,Referred,No,5,Yes,A+,22.6
P101994,2025-11-12,51,Male,Trichy,ENT,Dr. F,Cancer,Low,Emergency,Yes,100,1,6940.57,7290.12,382.46,1438.77,11567.62,UPI,Referred,No,2,Yes,A+,31.1
P101995,2025-06-21,61,Female,Vellore,Orthopedics,Dr. D,Cancer,Medium,Inpatient,No,123,3,17124.30,10200.45,5732.38,3213.60,28540.50,Insurance,Recovered,No,3,No,A+,37.6
P101996,2025-03-25,14,Female,Chennai,ENT,Dr. E,Asthma,Medium,Inpatient,Yes,78,3,14543.17,10597.94,6372.38,1662.12,24238.61,Cash,Under Treatment,No,4,No,A-,33.0
P101997,2025-02-16,36,Male,Coimbatore,ENT,Dr. E,Diabetes,High,Inpatient,No,108,12,9277.59,2445.78,639.96,8123.88,15462.65,Insurance,Under Treatment,No,5,Yes,O+,30.9
P101998,2025-02-19,48,Female,Vellore,Neurology,Dr. F,Fever,Low,Emergency,No,179,1,9114.59,3111.29,6132.19,957.02,15190.98,Cash,Under Treatment,Yes,2,Yes,A+,21.6
P101999,2025-07-28,87,Female,Chennai,ENT,Dr. A,Diabetes,Medium,Emergency,No,78,3,9190.51,9303.38,579.46,4931.67,15317.51,Cash,Under Treatment,No,4,Yes,B+,33.3
P102000,2025-01-24,41,Male,Salem,ENT,Dr. B,Migraine,Medium,Inpatient,No,38,3,7304.84,3599.21,3176.76,3191.43,12174.74,Cash,Under Treatment,Yes,1,Yes,O-,19.5
